Date,Open,High,Low,Close, Volume,Turnover
20041231,,,,1000.00,829821146.00,50.55
20050104,995.42,995.42,982.74,984.64,785673530.00,45.70
20050105,983.55,999.17,983.48,996.04,858145250.00,52.59
20050106,996.75,996.75,984.33,987.06,723711059.00,44.01
20050107,986.33,999.62,984.03,988.33,831145398.00,53.00
20050110,987.78,997.70,984.35,997.70,698390802.00,44.44
20050111,997.90,1002.72,994.39,1000.49,692272529.00,43.03
20050112,997.17,999.04,991.77,999.04,619943237.00,37.20
20050113,998.12,1001.96,995.97,999.76,781109146.00,49.18
20050114,999.52,1007.21,990.57,990.76,905197671.00,50.83
20050117,981.70,983.62,968.35,970.36,977991099.00,53.98
20050118,970.12,978.54,964.66,978.54,987397633.00,53.72
20050119,978.15,978.15,969.62,971.61,850545685.00,44.72
20050120,967.91,967.91,956.75,960.70,975888106.00,54.54
20050121,958.98,985.16,948.97,984.76,1709866445.00,94.76
20050124,995.58,1001.13,989.78,1000.66,1762200869.00,99.54
20050125,998.00,998.00,987.08,997.83,1140326237.00,68.68
20050126,993.69,998.03,988.43,989.12,885085633.00,52.09
20050127,986.58,986.58,973.09,973.41,851810917.00,48.29
20050128,973.41,973.78,963.28,966.33,749166000.00,40.66
20050131,962.72,962.72,947.58,948.54,852562447.00,46.18
20050201,946.71,957.78,945.76,947.53,919914138.00,50.66
20050202,948.03,997.44,948.03,997.44,1887459829.00,108.92
20050203,996.14,1002.02,982.12,982.76,1883986412.00,107.49
20050204,981.81,1007.35,979.42,1004.13,1646880090.00,96.43
20050216,1010.11,1019.85,1006.35,1011.19,1332622660.00,77.69
20050217,1011.81,1011.81,1000.04,1010.20,1093639714.00,62.90
20050218,1009.71,1009.80,995.80,995.92,1016149473.00,56.11
20050221,996.18,1014.23,996.18,1014.23,1149582378.00,66.42
20050222,1015.35,1036.50,1013.48,1035.56,2203678758.00,127.01
20050223,1035.63,1040.23,1027.84,1035.55,2298751952.00,132.13
20050224,1034.09,1037.70,1028.38,1037.70,1906163816.00,111.29
20050225,1038.52,1050.34,1038.52,1039.14,2270647426.00,136.39
20050228,1038.67,1039.69,1029.16,1032.70,1662897751.00,99.30
20050301,1031.83,1035.06,1024.60,1029.75,1349372291.00,78.63
20050302,1029.87,1037.35,1014.82,1014.99,1692815762.00,101.54
20050303,1013.23,1020.86,1008.30,1020.67,1114687933.00,65.03
20050304,1020.79,1023.79,1014.97,1016.10,996360364.00,62.17
20050307,1016.74,1022.88,1016.74,1021.39,979655260.00,61.12
20050308,1024.79,1040.18,1024.51,1040.18,1641244287.00,108.47
20050309,1042.38,1045.33,1033.95,1039.00,1835705060.00,114.76
20050310,1039.04,1039.04,1012.43,1014.87,1584364445.00,97.24
20050311,1013.40,1020.18,1010.19,1020.12,1349358459.00,88.47
20050314,1019.86,1032.00,1008.22,1022.40,1674572738.00,115.33
20050315,1022.23,1022.23,1005.01,1006.31,1430074283.00,93.49
20050316,1004.62,1004.72,990.75,996.62,1252590812.00,81.38
20050317,995.58,997.60,986.01,986.13,1173114199.00,75.14
20050318,984.80,988.53,968.67,971.26,1159346155.00,73.57
20050321,969.67,974.78,965.62,973.47,861834030.00,53.15
20050322,972.91,972.91,950.68,954.80,1333910660.00,78.88
20050323,953.44,965.38,946.03,950.03,1277662390.00,80.33
20050324,948.34,956.10,939.84,956.10,1093011325.00,72.74
20050325,955.67,958.31,951.48,954.45,870028777.00,50.17
20050328,953.05,953.05,939.54,951.49,833979735.00,49.11
20050329,951.12,957.88,945.23,945.52,875849044.00,53.51
20050330,943.11,943.11,926.42,926.55,1049586424.00,61.09
20050331,924.46,932.19,918.78,932.19,942517700.00,51.71
20050401,931.56,976.40,927.66,966.52,1894040066.00,111.63
20050404,957.29,960.47,949.78,950.18,1307081668.00,79.99
20050405,948.49,953.83,941.91,943.12,1105008267.00,67.05
20050406,943.12,960.86,935.84,958.78,1625928920.00,105.92
20050407,960.51,984.51,958.93,970.87,2366203582.00,144.91
20050408,970.65,987.87,965.57,987.87,1706665985.00,100.02
20050411,987.99,993.24,979.06,981.53,1894273666.00,116.45
20050412,979.90,979.90,963.55,963.90,1218641222.00,72.58
20050413,971.87,989.68,971.87,986.08,1856637098.00,109.29
20050414,989.59,989.59,971.85,972.74,1576587290.00,89.44
20050415,968.57,968.57,956.65,958.18,1303983976.00,76.03
20050418,954.96,954.96,941.63,945.91,1050982383.00,60.03
20050419,945.04,949.33,940.00,947.81,1076798971.00,62.67
20050420,946.42,946.42,929.25,932.33,1054542654.00,58.56
20050421,930.05,936.02,919.97,923.54,1227484414.00,70.06
20050422,922.53,927.05,914.54,918.34,1255806153.00,70.52
20050425,910.08,912.83,899.79,909.19,1330136798.00,72.38
20050426,907.60,920.55,906.13,918.50,1383662366.00,77.51
20050427,919.96,919.96,906.40,906.68,1319200971.00,73.18
20050428,903.55,924.23,897.54,922.42,1722897621.00,94.58
20050429,921.24,922.64,910.89,913.05,1354998278.00,76.42
20050509,915.36,915.36,890.90,890.90,1000447115.00,53.79
20050510,887.50,894.15,872.90,894.15,1234905144.00,66.54
20050511,892.86,897.53,883.72,884.63,1078758300.00,57.91
20050512,882.97,882.97,868.95,870.90,1183236582.00,67.63
20050513,868.96,882.45,862.83,873.53,1343148397.00,70.80
20050516,872.20,872.20,857.98,863.16,984932226.00,52.34
20050517,861.12,875.18,858.11,870.10,1054667976.00,53.18
20050518,869.57,878.00,861.70,872.14,961561914.00,51.90
20050519,871.69,875.56,861.47,872.98,990333960.00,48.92
20050520,872.24,878.09,869.04,870.75,921495622.00,45.55
20050523,867.03,867.03,849.18,849.82,912879231.00,43.09
20050524,847.32,858.62,843.70,856.36,1119716775.00,54.32
20050525,855.74,862.23,850.71,856.12,943298990.00,45.34
20050526,855.14,859.69,843.36,845.17,835286356.00,40.82
20050527,843.38,850.02,837.35,838.04,944590673.00,48.60
20050530,836.07,845.22,832.15,843.58,842162933.00,42.00
20050531,844.41,850.28,841.85,843.96,883919141.00,41.81
20050601,843.16,844.52,825.89,826.32,950296358.00,47.00
20050602,824.17,824.17,803.50,807.92,1133575893.00,57.72
20050603,805.98,812.07,797.47,807.42,984308923.00,46.96
20050606,805.86,826.37,797.33,826.37,1044358174.00,51.04
20050607,828.65,844.56,823.52,825.51,1569563070.00,81.69
20050608,832.25,894.31,832.25,891.98,3793825356.00,190.19
20050609,893.15,910.18,885.54,898.57,3838743502.00,196.84
20050610,898.13,898.13,877.29,880.84,2624544021.00,134.96
20050613,878.67,883.15,863.02,877.40,1811414425.00,89.56
20050614,879.48,887.28,866.52,866.76,1702523929.00,86.94
20050615,864.00,864.00,847.60,848.96,1376868503.00,71.42
20050616,848.27,860.09,842.97,860.09,1332354855.00,69.56
20050617,863.55,863.55,857.14,860.31,1682731865.00,90.56
20050620,860.85,884.60,851.90,884.60,2192858568.00,113.68
20050621,884.17,884.17,872.71,874.60,1534639478.00,78.08
20050622,872.74,878.29,869.81,877.99,1317181883.00,68.51
20050623,876.73,880.21,869.42,869.53,1139995309.00,60.19
20050624,867.45,873.14,863.88,873.14,1144519374.00,54.34
20050627,878.30,894.23,878.30,891.01,2047923524.00,103.59
20050628,889.45,889.45,876.13,878.20,1323279007.00,65.22
20050629,880.45,880.45,873.11,873.52,1280136795.00,64.03
20050630,872.12,872.12,853.11,854.07,1367078372.00,65.93
20050701,851.09,851.09,832.67,833.32,1309548182.00,61.22
20050704,828.94,828.94,815.13,828.56,1165509799.00,49.53
20050705,825.87,828.15,818.63,822.42,968445396.00,50.76
20050706,823.02,826.97,813.07,816.14,866825351.00,42.05
20050707,815.84,819.57,812.69,817.88,759149381.00,34.28
20050708,815.84,815.84,801.18,802.34,953414439.00,41.77
20050711,806.78,819.20,795.66,796.28,1080212644.00,48.65
20050712,793.92,823.79,792.90,822.91,1818020468.00,86.07
20050713,821.55,822.31,813.88,816.74,1219667141.00,57.18
20050714,815.42,823.99,814.64,818.99,1175653003.00,56.04
20050715,818.54,822.69,805.95,808.84,1138388439.00,50.56
20050718,807.05,807.05,796.86,800.08,1047220206.00,44.66
20050719,798.49,806.36,796.45,802.83,965921473.00,41.97
20050720,802.41,810.89,799.72,809.24,1038570624.00,46.69
20050721,808.84,809.79,802.27,809.79,1025605640.00,48.34
20050722,809.66,831.78,809.37,825.87,2555107861.00,116.68
20050725,824.42,826.85,821.18,823.52,1426670209.00,66.83
20050726,822.97,844.89,822.97,842.11,2523814178.00,117.42
20050727,842.38,858.77,841.47,858.77,2421066552.00,109.35
20050728,858.63,864.05,853.12,855.59,2468639733.00,115.66
20050729,854.11,856.27,848.30,852.66,1745485257.00,76.66
20050801,852.29,860.58,850.66,855.96,1429573146.00,63.34
20050802,856.34,867.64,853.11,867.64,1780200670.00,75.70
20050803,869.06,882.85,868.10,873.72,3117864154.00,135.11
20050804,871.83,872.99,866.42,868.58,1867349833.00,81.76
20050805,869.63,889.02,869.63,889.02,2524836461.00,123.32
20050808,891.43,897.51,888.66,893.11,2708373334.00,132.11
20050809,892.84,899.36,885.29,899.36,2486896612.00,117.38
20050810,899.75,907.32,893.50,907.32,2818812832.00,126.48
20050811,907.61,920.06,906.43,920.06,3367122953.00,166.07
20050812,921.08,924.45,901.53,905.24,3739007580.00,176.22
20050815,908.34,924.87,906.26,924.87,2835723481.00,146.24
20050816,926.19,930.18,913.57,917.39,3035080391.00,152.67
20050817,916.19,926.52,903.45,926.52,2893056657.00,138.64
20050818,930.83,934.65,898.40,898.78,4556810208.00,214.28
20050819,896.04,903.43,889.10,901.22,2850422267.00,131.85
20050822,901.41,909.40,898.80,909.40,2251672190.00,103.33
20050823,909.38,909.38,894.33,900.76,1973039132.00,91.57
20050824,900.98,910.76,900.98,908.04,2010505381.00,93.00
20050825,908.32,909.92,899.84,909.74,2134504023.00,95.95
20050826,910.11,910.11,903.45,908.83,2110888441.00,94.00
20050829,908.49,908.49,895.32,898.47,2028773548.00,88.81
20050830,897.37,900.22,894.48,895.87,1655221624.00,74.83
20050831,895.88,909.57,893.10,909.57,2002667698.00,91.78
20050901,910.45,926.42,908.85,926.11,2985726974.00,135.34
20050902,927.54,930.27,923.88,930.27,2553490831.00,116.42
20050905,931.78,936.36,928.02,936.36,2349451733.00,104.97
20050906,937.09,939.80,917.92,919.30,2882161210.00,134.67
20050907,917.51,936.12,916.84,936.12,2612236234.00,123.40
20050908,937.53,940.70,930.82,937.62,2830817619.00,139.02
20050909,937.36,940.13,928.81,930.99,2021429848.00,96.11
20050912,930.23,933.69,927.46,932.14,1471807012.00,68.61
20050913,931.54,947.52,931.54,947.52,2176518824.00,101.90
20050914,946.57,954.97,946.23,954.97,2772552457.00,133.05
20050915,953.06,956.27,950.59,955.00,2292676809.00,110.96
20050916,954.23,955.29,949.60,953.05,1968698661.00,93.85
20050919,952.67,959.16,951.75,958.99,2137111816.00,101.24
20050920,958.47,959.09,945.40,950.82,2664829166.00,125.98
20050921,946.37,948.14,934.22,934.50,2771784043.00,125.29
20050922,931.94,931.94,902.19,911.87,2618175903.00,121.37
20050923,914.14,914.14,902.78,903.57,1738125076.00,81.07
20050926,902.98,906.70,900.43,906.33,1276264095.00,63.11
20050927,906.61,908.25,891.19,891.57,1584220604.00,77.18
20050928,890.51,896.66,887.73,889.93,1305771148.00,62.21
20050929,890.45,903.33,890.45,903.33,1652195119.00,78.18
20050930,903.87,905.10,900.94,903.63,1290273663.00,63.68
20051010,903.30,903.30,893.54,893.69,1002257829.00,49.81
20051011,892.77,907.41,890.51,907.41,1166941292.00,58.37
20051012,908.16,914.20,904.66,911.48,1639068466.00,85.89
20051013,911.57,913.25,905.15,905.22,1473821424.00,78.19
20051014,904.88,905.21,893.04,894.49,1368008152.00,72.55
20051017,893.06,893.06,884.20,889.22,1374561151.00,69.67
20051018,888.99,894.91,888.56,894.91,1588378409.00,79.12
20051019,894.60,900.21,890.05,891.27,1585735478.00,76.00
20051020,891.38,892.26,881.80,892.26,1701688634.00,82.33
20051021,892.29,900.41,890.92,897.56,1620093267.00,78.55
20051024,898.42,900.46,893.78,899.10,1581646897.00,75.45
20051025,898.37,898.37,885.58,885.79,1463464197.00,71.16
20051026,883.96,883.96,865.01,866.31,1723258753.00,80.42
20051027,863.75,868.62,859.19,864.40,1527496009.00,71.66
20051028,863.61,867.65,845.14,853.38,1586637953.00,72.34
20051031,851.49,862.25,851.49,860.96,1427985112.00,64.38
20051101,860.12,860.12,847.00,857.19,1245430296.00,57.55
20051102,857.40,869.60,857.40,867.86,1660812358.00,73.85
20051103,867.46,868.98,856.71,858.56,1460219991.00,64.63
20051104,857.36,862.84,853.64,862.84,1202256138.00,56.29
20051107,861.60,862.77,855.03,862.77,1123746142.00,53.50
20051108,862.11,867.10,856.33,867.10,1320086852.00,59.59
20051109,866.98,869.56,864.95,865.14,1497379534.00,69.63
20051110,864.32,864.32,847.71,848.07,1457078297.00,66.28
20051111,846.33,852.61,843.12,850.37,1210784570.00,53.08
20051114,848.61,849.64,844.74,848.34,831613691.00,36.98
20051115,848.22,852.02,839.52,842.42,1025629603.00,47.26
20051116,841.63,848.13,833.59,848.13,1083144931.00,48.22
20051117,848.18,850.24,844.84,847.56,1024641659.00,45.61
20051118,847.20,868.28,847.05,865.65,1984534027.00,88.82
20051121,865.37,868.60,863.51,866.72,1390752589.00,60.78
20051122,866.80,866.80,853.03,853.12,1284342530.00,54.57
20051123,852.55,859.54,852.51,859.46,1175673090.00,47.19
20051124,859.07,867.70,859.07,864.50,1665049366.00,69.40
20051125,864.38,866.75,860.46,866.75,1508592382.00,60.05
20051128,866.33,868.38,860.66,863.14,1162112906.00,50.68
20051129,863.14,863.14,853.32,853.40,1027980609.00,43.98
20051130,853.50,855.41,848.67,855.41,1002598800.00,44.82
20051201,855.20,858.50,852.49,854.53,874243271.00,40.82
20051202,853.44,856.41,847.26,850.05,1262425681.00,55.52
20051205,849.57,849.57,837.51,837.94,1198655241.00,52.73
20051206,836.40,844.01,835.28,843.64,1153642368.00,51.92
20051207,843.78,850.91,843.31,850.91,1104200862.00,48.48
20051208,851.05,853.77,846.87,850.19,1051920850.00,46.81
20051209,850.04,863.59,847.85,863.49,1463214127.00,65.27
20051212,863.73,866.97,861.36,865.32,1276650299.00,59.22
20051213,865.16,865.57,858.04,865.57,1198810479.00,55.60
20051214,866.50,874.49,861.24,874.49,1624702910.00,76.36
20051215,874.71,880.21,871.56,872.31,1830742686.00,84.60
20051216,871.81,878.41,870.22,878.41,1345065994.00,63.49
20051219,878.43,879.87,875.82,878.91,1174624238.00,52.17
20051220,878.81,883.06,876.03,883.06,1264001969.00,57.62
20051221,883.00,886.06,877.93,878.77,1234320223.00,57.03
20051222,877.98,884.31,876.38,884.31,1079149142.00,51.87
20051223,884.74,891.68,884.37,891.68,1418133954.00,67.05
20051226,894.83,900.36,894.83,898.50,1861189645.00,88.40
20051227,897.15,898.18,893.01,896.60,1546344767.00,71.09
20051228,896.40,897.85,892.74,897.85,1416453016.00,66.87
20051229,901.24,911.14,901.24,911.14,2053969139.00,107.54
20051230,913.34,913.34,902.14,903.46,1926636490.00,102.77
20060104,906.03,919.80,906.03,919.80,2379552147.00,128.08
20060105,919.92,935.86,919.92,935.86,3095868713.00,164.92
20060106,938.13,949.99,932.74,945.98,3446327228.00,181.79
20060109,947.18,952.28,942.97,951.54,2842070271.00,144.66
20060110,952.35,954.28,941.39,954.28,2592536797.00,140.00
20060111,953.84,958.27,944.13,948.60,2934664605.00,150.42
20060112,947.10,960.05,945.66,960.05,2654922421.00,131.98
20060113,961.39,964.21,951.10,956.08,2647307002.00,131.35
20060116,955.34,955.34,939.54,939.70,2414983504.00,116.65
20060117,937.88,943.73,937.76,942.05,1853508542.00,93.85
20060118,942.22,961.23,942.22,960.78,2446049292.00,122.35
20060119,962.32,967.89,956.22,967.89,2999914099.00,144.27
20060120,968.33,969.57,963.94,969.05,2993156380.00,149.44
20060123,970.28,972.09,964.20,971.32,2822069477.00,140.35
20060124,972.39,979.37,968.11,973.48,2921382612.00,161.70
20060125,973.16,981.61,971.23,981.61,2618480248.00,135.02
20060206,985.09,1003.24,984.51,1003.24,2920698486.00,152.50
20060207,1004.78,1007.03,990.09,999.82,3839818979.00,198.58
20060208,998.78,1004.47,994.58,1004.47,3154461422.00,153.51
20060209,1004.55,1004.55,989.47,990.92,2809978825.00,138.54
20060210,992.24,1003.50,990.41,1003.50,2626294476.00,131.00
20060213,1005.65,1005.65,994.87,1004.47,2489736784.00,127.34
20060214,1004.95,1010.89,1003.04,1010.89,2100416401.00,106.79
20060215,1012.43,1018.83,1010.03,1013.07,2814136593.00,141.86
20060216,1013.37,1013.37,990.03,990.29,3043932008.00,150.54
20060217,991.27,997.18,986.39,989.81,2387914268.00,120.63
20060220,990.29,997.72,989.48,989.68,2139098654.00,115.61
20060221,988.96,1006.00,982.56,1006.00,2640944200.00,143.33
20060222,1006.75,1012.57,1003.98,1004.94,2751235006.00,141.60
20060223,1005.04,1007.55,997.52,1007.55,2208936878.00,110.32
20060224,1008.17,1016.08,1008.17,1016.08,2302231416.00,117.48
20060227,1021.96,1022.19,1013.71,1014.95,2649538425.00,139.82
20060228,1013.76,1019.78,1002.80,1019.78,2228892575.00,116.45
20060301,1020.98,1024.33,1017.48,1024.30,2362875275.00,122.88
20060302,1023.65,1023.65,1002.45,1006.16,2900567280.00,155.64
20060303,1005.22,1010.28,996.89,1008.03,2392156120.00,126.50
20060306,1008.35,1010.31,1003.62,1005.45,1999867412.00,100.80
20060307,1004.63,1004.63,981.46,982.48,2238943349.00,109.47
20060308,979.29,982.03,969.07,977.93,1968664780.00,97.15
20060309,976.08,979.26,972.23,973.46,1468794135.00,75.77
20060310,973.29,979.86,973.06,977.02,1396483105.00,72.98
20060313,976.87,987.47,976.78,986.79,1395735775.00,70.87
20060314,987.48,988.47,979.94,986.37,1431997737.00,71.68
20060315,985.58,996.39,984.95,996.39,1736178946.00,89.32
20060316,996.03,997.16,992.76,995.61,1739936305.00,89.41
20060317,995.04,997.12,989.52,992.38,1806627275.00,91.09
20060320,992.61,1004.91,987.88,1004.82,1817847941.00,91.85
20060321,1005.60,1013.79,1003.76,1007.82,2287656953.00,117.10
20060322,1008.04,1014.75,1004.31,1014.68,2179627880.00,110.37
20060323,1014.43,1016.97,1010.33,1016.37,2453920029.00,123.28
20060324,1016.62,1018.39,1008.97,1010.00,2303255298.00,120.43
20060327,1009.69,1017.98,1005.11,1017.98,2006257727.00,103.30
20060328,1018.21,1024.00,1017.19,1023.75,2194625017.00,113.60
20060329,1026.30,1039.64,1025.00,1031.72,3247559458.00,171.59
20060330,1032.46,1034.87,1023.18,1023.52,2482601898.00,135.52
20060331,1021.72,1027.93,1017.72,1027.79,2446677311.00,132.73
20060403,1028.84,1046.82,1028.84,1046.82,3095266869.00,172.74
20060404,1048.17,1057.31,1043.87,1057.31,3580651516.00,198.85
20060405,1059.21,1067.48,1057.21,1067.11,3795209206.00,209.05
20060406,1069.80,1076.13,1064.63,1069.58,4005344988.00,218.77
20060407,1069.89,1072.37,1060.66,1071.50,3818797621.00,206.65
20060410,1073.04,1088.64,1071.06,1088.50,3877503521.00,201.82
20060411,1091.00,1096.92,1082.63,1094.23,4246538304.00,230.28
20060412,1094.38,1095.44,1088.35,1089.80,3431290544.00,181.16
20060413,1089.74,1095.21,1065.65,1065.84,3954546920.00,201.63
20060414,1063.23,1089.72,1063.23,1089.64,3538347333.00,184.80
20060417,1090.85,1100.77,1086.25,1096.84,4102882262.00,213.85
20060418,1099.80,1106.04,1091.30,1101.59,3633284520.00,193.83
20060419,1104.16,1107.75,1094.54,1106.67,3755044979.00,206.85
20060420,1107.95,1110.25,1095.22,1101.77,4202586977.00,230.39
20060421,1101.52,1119.50,1095.42,1116.30,4577363965.00,249.38
20060424,1121.80,1124.17,1101.16,1106.68,4968072752.00,274.93
20060425,1103.18,1110.57,1088.14,1104.76,4042045524.00,228.84
20060426,1104.78,1127.24,1104.08,1123.51,4453337818.00,262.02
20060427,1125.85,1128.68,1114.40,1124.18,3622445146.00,206.45
20060428,1111.80,1144.67,1104.69,1143.17,4501302088.00,261.03
20060508,1148.94,1187.03,1148.94,1187.00,5017215600.00,291.99
20060509,1195.49,1223.03,1193.55,1222.60,6342922675.00,366.51
20060510,1228.15,1242.84,1214.70,1236.89,6282243708.00,368.91
20060511,1238.18,1264.73,1224.87,1225.19,6934908558.00,411.61
20060512,1224.54,1265.71,1221.62,1265.62,6387416764.00,379.60
20060515,1279.79,1319.36,1270.47,1319.26,8285454689.00,502.55
20060516,1334.34,1352.65,1287.67,1296.35,9006509208.00,570.99
20060517,1298.02,1321.14,1276.83,1304.41,7055047891.00,435.18
20060518,1295.03,1313.87,1276.94,1305.97,5964295167.00,354.37
20060519,1309.75,1347.20,1305.71,1343.08,7521631248.00,414.52
20060522,1347.56,1366.26,1341.88,1352.92,7315196786.00,423.03
20060523,1351.30,1351.30,1296.72,1297.49,6559949251.00,373.84
20060524,1302.65,1327.85,1256.24,1285.05,5826789600.00,337.14
20060525,1283.82,1296.40,1268.40,1290.35,3846540571.00,225.56
20060526,1294.51,1314.45,1292.84,1314.26,4237945749.00,246.37
20060529,1321.99,1347.27,1313.40,1347.08,5030494404.00,301.92
20060530,1355.35,1364.54,1343.04,1360.17,5061235858.00,319.32
20060531,1360.27,1371.17,1341.30,1351.39,5524970376.00,338.75
20060601,1351.54,1392.79,1351.33,1392.79,6290648111.00,369.06
20060602,1398.56,1403.78,1375.58,1383.97,7388969307.00,439.89
20060605,1385.03,1396.23,1357.09,1396.23,6210711463.00,346.45
20060606,1394.22,1405.69,1385.57,1391.72,5401849500.00,311.87
20060607,1392.96,1392.96,1310.23,1310.37,6040387451.00,354.50
20060608,1298.05,1319.20,1273.85,1314.43,5248104089.00,296.48
20060609,1310.48,1320.77,1285.19,1286.03,4392517844.00,248.38
20060612,1276.77,1299.21,1268.57,1290.56,2937562690.00,173.70
20060613,1291.07,1306.00,1278.50,1291.38,3163047891.00,187.01
20060614,1286.06,1286.06,1266.16,1280.32,3162563084.00,171.56
20060615,1280.21,1296.95,1278.08,1282.79,2704042686.00,149.33
20060616,1294.07,1314.16,1292.54,1314.16,3209604895.00,182.62
20060619,1298.41,1336.64,1292.39,1330.36,3406443328.00,207.09
20060620,1329.34,1337.65,1321.62,1335.78,3244472626.00,193.43
20060621,1335.85,1343.60,1319.08,1330.50,3834203158.00,217.10
20060622,1328.32,1337.64,1323.25,1329.54,3170935178.00,175.85
20060623,1327.65,1340.81,1319.18,1340.62,3117959238.00,183.05
20060626,1343.06,1365.40,1343.06,1365.29,3705500874.00,230.89
20060627,1367.36,1370.47,1356.31,1366.53,3382350363.00,202.84
20060628,1364.70,1369.37,1357.02,1365.23,3092667512.00,179.08
20060629,1368.12,1395.16,1368.12,1395.16,4902183753.00,285.17
20060630,1401.39,1406.90,1384.10,1392.93,4546767954.00,267.48
20060703,1397.16,1416.76,1394.09,1416.76,4545104563.00,277.13
20060704,1419.18,1419.18,1397.48,1406.52,5045655209.00,312.86
20060705,1405.36,1405.36,1377.77,1391.43,3985180494.00,244.78
20060706,1390.67,1420.32,1390.67,1420.32,4160096879.00,269.48
20060707,1424.20,1424.20,1410.54,1411.80,4164132825.00,267.00
20060710,1412.01,1415.56,1400.54,1414.35,3369412692.00,216.94
20060711,1416.44,1420.12,1409.29,1420.12,3531317152.00,221.85
20060712,1420.78,1428.87,1416.38,1418.80,4192565589.00,268.50
20060713,1415.32,1415.46,1343.42,1343.73,6005336099.00,366.21
20060714,1331.61,1363.02,1331.61,1354.47,3808320602.00,234.00
20060717,1352.23,1370.30,1351.28,1370.30,2888425444.00,184.87
20060718,1370.27,1374.31,1360.38,1374.31,2827254076.00,173.38
20060719,1371.83,1371.83,1335.55,1341.21,3103146909.00,189.40
20060720,1339.50,1350.95,1333.45,1350.19,2435984472.00,144.21
20060721,1350.46,1363.12,1350.46,1359.97,2556786967.00,147.86
20060724,1341.44,1364.19,1341.44,1364.07,2596599544.00,156.11
20060725,1369.52,1383.71,1369.52,1380.06,2872837638.00,174.74
20060726,1382.80,1383.93,1373.75,1378.72,2452346618.00,145.61
20060727,1377.97,1384.34,1354.71,1362.90,2978396467.00,177.53
20060728,1362.04,1365.83,1335.80,1348.15,2776671623.00,168.86
20060731,1344.42,1344.42,1298.60,1298.99,2765109069.00,157.62
20060801,1297.21,1305.19,1283.53,1286.65,2175784115.00,122.62
20060802,1286.48,1290.94,1263.36,1280.38,2120624230.00,116.36
20060803,1282.29,1286.71,1269.92,1278.13,1620851266.00,93.79
20060804,1279.08,1284.10,1245.63,1247.14,2009375295.00,115.05
20060807,1241.10,1244.49,1225.48,1226.99,1849422144.00,98.04
20060808,1227.28,1256.09,1227.28,1256.09,1781634324.00,98.70
20060809,1257.68,1261.19,1249.14,1254.79,1652341258.00,89.52
20060810,1254.43,1274.12,1254.43,1274.12,2142923307.00,114.73
20060811,1276.09,1281.04,1270.92,1279.45,1993496290.00,107.63
20060814,1279.76,1283.03,1245.66,1248.94,2129550365.00,118.56
20060815,1247.10,1269.00,1242.60,1269.00,1699403304.00,95.59
20060816,1269.94,1285.84,1265.57,1285.84,2326009384.00,129.48
20060817,1285.13,1285.13,1266.48,1274.32,1876605444.00,98.90
20060818,1273.47,1282.65,1269.79,1271.04,1699260035.00,89.90
20060821,1237.31,1274.16,1237.31,1274.16,1878702408.00,100.41
20060822,1273.65,1291.74,1273.04,1288.10,2136792778.00,127.19
20060823,1288.40,1297.00,1286.19,1288.55,2308449326.00,136.81
20060824,1288.61,1295.23,1277.95,1295.23,1831955495.00,106.48
20060825,1296.35,1305.13,1295.54,1299.22,2277490435.00,133.02
20060828,1302.67,1330.41,1302.67,1330.41,3199579968.00,189.78
20060829,1333.11,1353.45,1331.87,1334.14,3949966820.00,237.28
20060830,1331.97,1340.35,1327.23,1339.52,2613465765.00,151.24
20060831,1340.40,1346.76,1336.68,1343.14,2791366977.00,158.94
20060901,1339.92,1341.65,1319.13,1320.29,2910112577.00,161.50
20060904,1322.40,1341.32,1322.40,1341.32,2637452029.00,148.89
20060905,1340.80,1348.99,1338.58,1345.18,3348698547.00,191.36
20060906,1345.65,1349.03,1335.12,1349.03,2793704163.00,153.19
20060907,1344.99,1346.73,1328.20,1330.29,2564304945.00,145.12
20060908,1330.00,1337.13,1328.60,1334.45,2097257009.00,115.30
20060911,1338.79,1342.86,1324.77,1342.86,2424071130.00,138.39
20060912,1343.76,1353.05,1342.36,1351.20,2963992049.00,165.74
20060913,1352.36,1357.81,1340.16,1340.47,3552944627.00,196.84
20060914,1340.17,1344.61,1327.14,1339.90,2729377292.00,159.46
20060915,1340.21,1362.92,1340.21,1362.92,3767416096.00,203.11
20060918,1367.92,1377.31,1365.22,1377.31,3546675325.00,198.40
20060919,1380.18,1386.82,1373.63,1381.32,3296428628.00,188.40
20060920,1379.32,1385.61,1369.99,1382.58,2829722427.00,162.34
20060921,1382.39,1393.63,1382.39,1391.23,3121511404.00,178.97
20060922,1393.29,1394.93,1378.19,1378.53,3447894734.00,210.96
20060925,1376.88,1388.75,1371.58,1378.93,2901591939.00,181.18
20060926,1377.93,1378.13,1360.78,1367.06,2484174559.00,146.14
20060927,1366.56,1380.28,1366.11,1380.28,2244111206.00,136.08
20060928,1381.12,1398.65,1378.98,1396.32,2758780413.00,174.03
20060929,1398.70,1414.08,1398.70,1412.50,3365549443.00,208.50
20061009,1428.82,1445.30,1427.26,1445.30,4309286865.00,262.29
20061010,1447.28,1454.44,1439.57,1448.87,4650287636.00,279.07
20061011,1448.37,1450.42,1435.00,1447.17,3905090466.00,220.61
20061012,1447.33,1448.09,1433.72,1434.47,4517895586.00,245.90
20061013,1432.03,1442.83,1430.88,1438.95,3424607323.00,197.51
20061016,1440.28,1441.65,1424.53,1427.07,3505791663.00,204.21
20061017,1424.88,1431.29,1417.94,1420.92,2943154966.00,171.21
20061018,1420.66,1443.87,1420.66,1443.87,2935951799.00,174.69
20061019,1444.77,1452.07,1442.29,1447.91,3031354215.00,178.66
20061020,1448.95,1454.61,1443.87,1445.42,3249329163.00,193.50
20061023,1444.73,1448.39,1405.60,1410.25,3586884007.00,208.42
20061024,1410.04,1443.37,1410.04,1443.37,3175901020.00,189.61
20061025,1446.38,1460.89,1436.17,1447.77,3665467077.00,235.37
20061026,1447.77,1455.00,1435.60,1454.49,4156590637.00,229.27
20061027,1454.08,1458.67,1432.60,1437.25,4074990033.00,232.78
20061030,1434.75,1441.34,1424.27,1441.34,3769260112.00,210.25
20061031,1441.93,1459.04,1441.93,1459.04,3962249583.00,225.03
20061101,1460.05,1470.62,1453.60,1470.62,4178588559.00,240.53
20061102,1471.70,1471.70,1458.25,1469.94,4678128813.00,263.21
20061103,1471.35,1485.62,1471.35,1478.85,4317228005.00,249.83
20061106,1467.98,1490.91,1467.98,1490.91,4420440987.00,255.57
20061107,1494.54,1495.13,1473.42,1494.60,4636716050.00,282.67
20061108,1494.22,1494.22,1480.79,1481.49,3195853359.00,200.03
20061109,1476.11,1508.51,1476.11,1506.90,3692764345.00,230.39
20061110,1506.88,1512.76,1473.39,1483.12,4772117099.00,296.85
20061113,1480.51,1489.42,1445.70,1451.39,3913689681.00,240.56
20061114,1450.61,1468.00,1429.09,1468.00,3376320759.00,209.60
20061115,1468.60,1507.30,1465.40,1507.30,3896100834.00,257.01
20061116,1511.63,1522.94,1500.66,1501.32,4733026787.00,304.05
20061117,1496.86,1528.05,1496.86,1528.05,4134739081.00,257.63
20061120,1533.01,1554.21,1531.27,1554.21,5096582069.00,317.46
20061121,1552.74,1571.47,1531.77,1571.47,4848366652.00,325.46
20061122,1569.35,1597.95,1565.35,1586.16,5779324210.00,384.13
20061123,1585.52,1601.48,1582.07,1595.49,5123401139.00,315.18
20061124,1591.64,1602.61,1575.53,1599.03,5212566297.00,327.10
20061127,1595.51,1617.57,1595.51,1617.57,4838488306.00,318.92
20061128,1616.30,1621.84,1601.44,1613.87,4777759497.00,310.41
20061129,1589.91,1639.98,1589.91,1635.92,4954799256.00,327.77
20061130,1640.18,1680.01,1640.18,1680.01,6531447930.00,421.11
20061201,1684.39,1705.23,1682.63,1693.59,6245038890.00,429.45
20061204,1696.17,1741.81,1696.17,1741.81,7433817061.00,485.40
20061205,1746.16,1769.78,1740.60,1754.37,7581005486.00,506.31
20061206,1754.15,1765.45,1690.57,1739.68,9088260397.00,564.73
20061207,1735.42,1776.80,1734.69,1734.79,8747664191.00,538.27
20061208,1713.76,1727.40,1670.11,1671.11,6894818427.00,427.50
20061211,1687.92,1744.53,1683.77,1744.53,5252938999.00,336.47
20061212,1752.23,1770.02,1728.19,1754.63,5729022518.00,386.93
20061213,1756.75,1761.22,1739.38,1756.40,5092935269.00,347.51
20061214,1759.27,1788.77,1759.27,1788.77,5292417403.00,362.44
20061215,1792.04,1818.60,1785.41,1818.60,5665490944.00,402.31
20061218,1830.56,1867.89,1830.56,1865.67,6891057146.00,500.42
20061219,1873.17,1879.77,1832.86,1871.22,7363531488.00,522.14
20061220,1862.56,1889.99,1851.44,1889.99,6699042551.00,454.25
20061221,1895.38,1897.27,1861.85,1861.85,6998038510.00,474.53
20061222,1866.75,1869.11,1834.81,1849.16,5267384880.00,359.87
20061225,1867.87,1902.92,1867.87,1886.80,5791974814.00,421.69
20061226,1889.42,1897.92,1864.14,1881.14,5639263743.00,382.82
20061227,1881.34,1919.26,1881.34,1919.26,5624744169.00,384.34
20061228,1922.53,1938.96,1896.53,1909.36,6072492786.00,430.49
20061229,1916.93,1968.91,1916.93,1961.17,6794654998.00,511.00
20070104,1990.44,2041.82,1979.34,1983.17,10771226719.00,797.50
20070105,1970.25,1999.01,1970.25,1997.11,9565549950.00,678.39
20070108,1998.21,2057.74,1998.21,2057.74,9320482410.00,687.58
20070109,2061.09,2121.19,2059.88,2120.35,9090392204.00,680.18
20070110,2128.28,2173.30,2116.18,2173.30,9496183845.00,709.54
20070111,2175.37,2212.90,2155.95,2157.76,10476911608.00,761.10
20070112,2143.88,2175.49,2095.25,2101.22,9250652223.00,686.50
20070115,2098.88,2212.39,2098.88,2212.39,8040213371.00,639.29
20070116,2216.93,2280.25,2216.93,2280.25,9395103273.00,764.96
20070117,2280.92,2319.24,2211.47,2245.64,10931000557.00,908.33
20070118,2229.83,2265.12,2185.93,2260.95,9582914063.00,783.34
20070119,2265.38,2340.22,2265.38,2340.22,10526331458.00,843.27
20070122,2348.53,2434.52,2348.53,2434.52,11672052212.00,929.47
20070123,2450.17,2450.17,2368.15,2445.96,12092481409.00,996.55
20070124,2447.53,2490.66,2436.68,2476.27,10144874993.00,872.41
20070125,2454.52,2465.97,2391.78,2392.23,9817481841.00,843.83
20070126,2367.59,2444.27,2294.59,2443.57,9159799259.00,770.40
20070129,2459.57,2508.85,2459.57,2506.53,9640370696.00,828.78
20070130,2516.92,2528.86,2483.42,2487.89,9500949711.00,812.29
20070131,2480.86,2483.77,2319.07,2330.16,9520386104.00,783.06
20070201,2296.35,2355.28,2270.92,2341.66,8134304904.00,652.56
20070202,2343.88,2343.88,2254.51,2256.85,7406723234.00,605.31
20070205,2243.14,2266.56,2218.61,2239.86,5841084131.00,477.26
20070206,2239.83,2281.17,2179.12,2281.17,7611476519.00,659.52
20070207,2294.70,2349.25,2294.70,2334.87,8202554927.00,719.83
20070208,2341.51,2380.82,2325.52,2377.76,7812983839.00,662.89
20070209,2379.57,2382.64,2351.52,2365.93,7082815149.00,588.06
20070212,2367.58,2448.64,2367.58,2448.64,6759285034.00,579.69
20070213,2461.83,2491.65,2455.68,2489.09,6665343292.00,562.26
20070214,2489.09,2558.54,2489.09,2551.57,7912526944.00,669.85
20070215,2564.46,2630.89,2564.46,2630.89,9169216902.00,779.95
20070216,2654.04,2682.98,2635.93,2643.76,9937749308.00,843.69
20070226,2646.59,2683.21,2614.56,2680.54,9373503220.00,802.69
20070227,2687.24,2688.34,2432.97,2433.84,13550939220.00,1143.90
20070228,2388.72,2524.05,2388.72,2516.56,10280382437.00,864.46
20070301,2523.26,2523.26,2414.61,2447.92,10428229582.00,843.28
20070302,2444.73,2494.87,2442.98,2485.79,7818620650.00,650.55
20070305,2483.61,2521.16,2403.77,2462.62,9027507506.00,747.74
20070306,2454.92,2512.54,2451.81,2500.33,6456665837.00,565.21
20070307,2511.37,2570.36,2511.37,2567.90,7300157642.00,648.48
20070308,2575.69,2606.83,2548.76,2606.81,7319767557.00,638.20
20070309,2611.21,2619.48,2565.53,2590.50,8653553084.00,762.28
20070312,2592.29,2605.19,2553.64,2605.19,8265790406.00,724.28
20070313,2610.44,2634.33,2600.89,2632.99,8873662920.00,763.59
20070314,2604.27,2623.30,2543.23,2595.70,9235010148.00,810.84
20070315,2592.98,2644.25,2592.98,2644.25,8510221881.00,762.41
20070316,2654.20,2654.20,2579.42,2600.76,9871462689.00,892.17
20070319,2526.34,2657.06,2526.34,2652.69,9138358749.00,838.12
20070320,2662.29,2671.41,2650.72,2671.41,7824525860.00,725.01
20070321,2684.23,2706.08,2667.97,2706.08,8799300878.00,836.24
20070322,2722.57,2744.86,2714.15,2715.04,10522402289.00,1002.59
20070323,2714.40,2728.01,2658.20,2723.54,9458017273.00,899.90
20070326,2733.19,2780.95,2726.86,2780.95,10151975693.00,950.81
20070327,2787.41,2811.04,2774.28,2806.29,10746009390.00,1031.83
20070328,2810.43,2824.78,2700.18,2811.70,13970436175.00,1314.31
20070329,2815.35,2825.00,2777.10,2777.10,12308555513.00,1221.38
20070330,2762.70,2798.78,2759.04,2781.96,7547672283.00,750.31
20070402,2792.94,2849.54,2792.94,2849.54,8334165175.00,860.36
20070403,2862.02,2889.74,2857.67,2889.74,9604864588.00,1006.88
20070404,2894.48,2928.46,2884.84,2917.76,9598778860.00,1030.48
20070405,2915.60,2959.10,2914.51,2955.10,9430339833.00,1002.45
20070406,2932.47,2988.61,2932.47,2983.64,10045033693.00,1085.39
20070409,3006.94,3048.44,3006.94,3044.44,11386912829.00,1214.98
20070410,3062.18,3079.51,3016.66,3079.51,12428112997.00,1345.31
20070411,3090.04,3115.82,3054.07,3115.82,12686172464.00,1403.40
20070412,3123.53,3174.57,3115.77,3174.57,11735765422.00,1361.09
20070413,3180.84,3213.88,3170.11,3170.48,12822215753.00,1506.14
20070416,3177.83,3261.51,3177.83,3261.51,11255985947.00,1328.53
20070417,3281.14,3300.02,3195.42,3298.76,13841059745.00,1604.26
20070418,3309.33,3333.58,3279.32,3330.70,12982976700.00,1541.21
20070419,3323.87,3323.87,3108.51,3169.52,14622058567.00,1689.69
20070420,3184.74,3318.59,3184.74,3311.26,12033003510.00,1402.86
20070423,3354.57,3459.35,3354.57,3459.08,13959523110.00,1659.65
20070424,3491.47,3526.30,3460.91,3481.95,14855466517.00,1808.09
20070425,3469.81,3499.42,3408.83,3481.46,12155122008.00,1491.44
20070426,3497.03,3527.69,3483.17,3527.69,9638959759.00,1246.85
20070427,3536.50,3536.50,3499.20,3506.73,10095726656.00,1315.80
20070430,3499.77,3582.57,3499.77,3576.15,11714064163.00,1569.70
20070508,3597.75,3727.67,3597.75,3719.81,13353691356.00,1792.75
20070509,3738.91,3754.92,3623.96,3736.52,16967527037.00,2234.69
20070510,3738.27,3776.89,3710.38,3760.54,13981530727.00,1792.12
20070511,3732.25,3754.17,3676.66,3744.60,11127880953.00,1550.10
20070514,3688.85,3807.06,3688.85,3775.23,11332799657.00,1607.47
20070515,3775.23,3787.29,3641.77,3643.94,11647675181.00,1624.99
20070516,3634.68,3744.76,3594.55,3744.76,10586881994.00,1471.12
20070517,3764.58,3845.03,3764.58,3829.77,11410778459.00,1619.12
20070518,3824.08,3861.15,3804.41,3834.24,10446848853.00,1456.45
20070521,3707.26,3910.65,3707.26,3902.98,12552843749.00,1751.27
20070522,3925.57,3969.68,3925.57,3948.10,13824696291.00,1937.99
20070523,3960.48,4028.95,3939.80,4028.95,12375218472.00,1771.60
20070524,4048.07,4061.80,3951.70,4014.60,14490985588.00,2111.22
20070525,4003.08,4099.98,4003.08,4087.39,12427552166.00,1882.79
20070528,4138.92,4190.54,4136.97,4169.38,14373852218.00,2192.10
20070529,4188.25,4263.50,4186.87,4263.50,13718032862.00,2094.35
20070530,3986.19,4190.96,3942.78,3970.26,15556273337.00,2369.06
20070531,3891.36,4023.30,3761.32,3963.58,14532875984.00,2139.19
20070601,3983.41,4034.66,3804.92,3809.10,13745856969.00,2072.78
20070604,3799.58,3799.58,3511.64,3514.48,9840302357.00,1368.58
20070605,3477.26,3622.88,3248.76,3622.88,13645620908.00,1666.97
20070606,3639.61,3696.39,3578.10,3664.07,12087285832.00,1530.06
20070607,3663.96,3804.27,3663.96,3804.27,11848475630.00,1557.60
20070608,3810.49,3863.09,3786.08,3838.75,11159403929.00,1541.54
20070611,3880.62,3933.71,3871.82,3929.68,11236676813.00,1573.45
20070612,3954.12,4032.64,3867.39,4032.64,12797615373.00,1836.15
20070613,4069.00,4156.01,4069.00,4130.65,13548880423.00,1913.41
20070614,4118.05,4139.96,4083.14,4083.21,11317127672.00,1598.55
20070615,4047.99,4111.59,4047.99,4098.07,8744494058.00,1265.73
20070618,4176.40,4228.32,4176.40,4218.88,10573945352.00,1576.04
20070619,4221.12,4258.41,4185.69,4258.41,10495679584.00,1544.93
20070620,4275.31,4292.94,4161.62,4161.62,11134099349.00,1663.46
20070621,4142.99,4196.11,4130.96,4188.17,9144290896.00,1372.36
20070622,4192.88,4199.52,3972.65,4017.84,9754074343.00,1440.08
20070625,4031.51,4033.69,3817.82,3826.23,8478981977.00,1236.81
20070626,3746.99,3876.84,3727.61,3876.84,7448508960.00,990.68
20070627,3894.84,3995.88,3852.88,3983.51,7887763263.00,1129.13
20070628,3980.93,4004.36,3795.55,3795.55,7958268688.00,1090.42
20070629,3701.27,3760.11,3645.12,3692.13,7186730931.00,975.71
20070702,3673.43,3724.06,3590.83,3692.67,6295475554.00,833.45
20070703,3715.72,3753.25,3682.44,3753.25,5652779228.00,744.98
20070704,3760.26,3761.91,3671.24,3671.35,4684662735.00,635.27
20070705,3605.71,3605.71,3468.60,3468.60,5347442176.00,683.35
20070706,3529.58,3641.07,3408.68,3641.07,6534654050.00,821.73
20070709,3673.46,3766.46,3664.56,3751.76,6978961220.00,916.06
20070710,3761.59,3770.64,3690.69,3699.81,6526669007.00,889.36
20070711,3676.49,3721.68,3667.64,3714.44,4260481621.00,580.70
20070712,3733.86,3752.24,3710.97,3739.77,3926053452.00,519.23
20070713,3744.00,3744.00,3699.66,3738.69,3449413711.00,453.26
20070716,3733.68,3733.68,3618.30,3618.30,3832999552.00,517.88
20070717,3611.09,3722.12,3596.07,3704.59,3998668843.00,557.55
20070718,3694.11,3773.75,3692.99,3724.47,5384850789.00,750.77
20070719,3717.85,3746.30,3706.62,3724.46,3763380013.00,513.43
20070720,3724.55,3882.57,3724.55,3882.57,6704001015.00,906.76
20070723,3904.50,4065.18,3904.50,4065.18,10168800573.00,1391.78
20070724,4095.60,4148.80,4058.79,4069.38,9527638331.00,1287.29
20070725,4070.72,4157.58,4070.72,4157.58,7837247668.00,1123.69
20070726,4185.43,4228.47,4151.88,4211.11,8220944904.00,1184.92
20070727,4187.81,4229.25,4170.77,4223.53,8288325460.00,1224.75
20070730,4222.70,4335.00,4222.70,4321.41,9369692172.00,1381.70
20070731,4312.82,4364.14,4289.39,4364.14,8724122305.00,1311.30
20070801,4382.82,4391.95,4187.34,4188.95,10058208612.00,1465.15
20070802,4208.82,4328.61,4207.26,4327.67,7804467199.00,1211.84
20070803,4363.12,4469.74,4363.12,4469.74,9537285968.00,1557.12
20070806,4510.87,4563.52,4488.64,4563.52,9491346670.00,1520.42
20070807,4573.55,4611.39,4505.93,4575.74,9751757684.00,1600.37
20070808,4535.78,4569.54,4469.64,4521.92,10247277041.00,1443.00
20070809,4521.48,4616.75,4521.48,4616.66,8281793956.00,1240.73
20070810,4607.21,4607.21,4477.74,4556.66,8726366814.00,1313.76
20070813,4555.54,4593.62,4519.65,4561.42,9693947519.00,1419.42
20070814,4564.13,4642.58,4554.20,4638.08,7512798256.00,1176.19
20070815,4640.73,4673.42,4567.52,4636.34,7628957466.00,1203.69
20070816,4612.45,4612.45,4539.93,4567.66,7416541425.00,1161.31
20070817,4567.66,4615.43,4468.18,4476.39,7568367214.00,1183.76
20070820,4590.66,4722.55,4590.66,4722.55,8565503740.00,1353.51
20070821,4750.47,4805.04,4748.57,4791.21,9310264440.00,1473.66
20070822,4721.76,4879.41,4721.76,4859.91,9467122377.00,1510.67
20070823,4882.51,4947.07,4843.05,4937.95,8796149523.00,1472.62
20070824,4969.88,5015.94,4969.88,4999.66,9128429901.00,1474.92
20070827,5029.45,5054.24,4964.75,4999.19,9731538497.00,1573.87
20070828,4977.19,5002.18,4891.49,4989.65,8971300242.00,1481.05
20070829,4957.16,5005.36,4890.68,4925.17,8623856884.00,1413.23
20070830,4950.14,5018.59,4944.88,5017.27,8571459165.00,1325.90
20070831,5037.41,5075.73,5014.36,5069.04,8839372119.00,1388.43
20070903,5110.85,5205.81,5110.85,5192.31,10804001277.00,1728.04
20070904,5198.31,5198.31,5119.10,5138.89,10180747382.00,1686.28
20070905,5160.20,5160.20,5052.21,5138.00,8293591416.00,1380.64
20070906,5165.10,5214.88,5150.42,5188.23,8840096681.00,1460.63
20070907,5173.93,5173.93,5075.06,5075.06,10169146879.00,1690.69
20070910,5010.58,5161.89,5001.24,5161.89,8446324522.00,1355.56
20070911,5167.48,5183.86,4899.07,4902.03,9049310139.00,1479.53
20070912,4880.88,4960.85,4844.18,4960.85,7959319913.00,1274.49
20070913,4983.34,5094.50,4983.34,5094.50,7437176382.00,1285.69
20070914,5108.87,5154.14,5041.78,5149.97,7763025893.00,1334.20
20070917,5143.51,5251.55,5143.51,5248.06,8882225750.00,1489.50
20070918,5271.88,5271.88,5167.05,5230.08,8971539295.00,1532.42
20070919,5239.75,5241.15,5151.59,5171.58,7236453735.00,1247.61
20070920,5187.34,5243.08,5181.80,5242.21,7268815866.00,1274.26
20070921,5256.63,5256.63,5101.25,5207.25,7866186068.00,1365.40
20070924,5218.11,5248.41,5131.25,5228.74,6832987590.00,1236.80
20070925,5238.12,5246.66,5158.15,5177.66,5817768594.00,1049.80
20070926,5160.05,5211.32,5097.35,5097.71,5046336588.00,934.57
20070927,5102.96,5156.95,5082.53,5156.95,4315080381.00,797.26
20070928,5205.12,5305.31,5205.12,5299.03,6212870837.00,1161.67
20071008,5346.51,5391.84,5332.32,5356.04,7755365143.00,1367.00
20071009,5347.07,5381.35,5304.69,5379.93,6587426561.00,1179.00
20071010,5396.64,5451.84,5364.77,5378.37,7510098648.00,1330.26
20071011,5379.87,5424.90,5343.20,5423.68,7655130987.00,1423.13
20071012,5439.32,5452.03,5148.81,5381.70,9554068400.00,1751.50
20071015,5395.70,5451.83,5323.70,5451.83,8074988330.00,1565.79
20071016,5479.54,5515.58,5452.61,5515.58,7218691126.00,1372.35
20071017,5504.17,5523.39,5451.81,5471.04,5907706546.00,1174.47
20071018,5462.51,5462.51,5285.47,5290.52,5749455588.00,1117.68
20071019,5323.08,5345.78,5244.78,5283.53,4554584525.00,889.15
20071022,5222.79,5266.50,5156.17,5158.19,4317814423.00,797.96
20071023,5155.06,5215.38,5066.87,5215.38,4827452253.00,886.33
20071024,5236.99,5300.36,5236.99,5243.88,5090618849.00,969.70
20071025,5210.79,5210.79,4991.67,4994.00,6064379374.00,1061.94
20071026,4940.50,5047.87,4938.74,5033.16,4289342308.00,790.43
20071029,5062.16,5127.96,5062.16,5127.96,4019058505.00,716.10
20071030,5145.09,5207.75,5090.22,5207.75,4474534351.00,774.21
20071031,5267.71,5310.37,5216.96,5310.37,5841464274.00,1050.55
20071101,5321.80,5321.80,5225.53,5225.53,5301178657.00,966.47
20071102,5144.29,5189.43,5109.52,5111.13,4876299507.00,923.80
20071105,5081.75,5138.68,5000.96,5026.66,3798667515.00,719.83
20071106,5002.75,5068.38,4984.53,5004.71,3173974503.00,555.18
20071107,5029.28,5052.11,4924.13,5026.36,3472712379.00,598.49
20071108,5002.19,5002.19,4793.22,4793.22,3981690147.00,695.38
20071109,4748.21,4809.13,4684.71,4746.93,3857499098.00,659.89
20071112,4640.32,4729.83,4537.33,4700.50,4370158189.00,742.82
20071113,4742.80,4795.72,4611.05,4673.08,4111105853.00,719.19
20071114,4740.24,4856.30,4673.90,4856.30,4131230490.00,711.79
20071115,4839.31,4867.71,4785.82,4791.01,3601966341.00,610.02
20071116,4722.09,4734.50,4652.34,4731.66,2872142871.00,485.19
20071119,4742.15,4758.97,4716.36,4741.08,3233832184.00,517.99
20071120,4715.23,4831.46,4685.25,4813.79,3919060048.00,669.46
20071121,4830.40,4866.93,4744.77,4744.77,3297468279.00,550.13
20071122,4661.11,4702.27,4539.26,4539.26,3107884420.00,527.99
20071123,4504.45,4625.60,4494.04,4625.60,2335938151.00,399.80
20071126,4693.78,4695.61,4574.17,4575.22,2759603248.00,476.64
20071127,4537.06,4583.60,4489.18,4489.80,2305529699.00,416.72
20071128,4501.12,4525.78,4409.62,4435.95,2480869192.00,422.67
20071129,4490.52,4619.53,4426.40,4616.67,4008694076.00,687.01
20071130,4564.20,4605.53,4524.11,4527.45,3376535565.00,558.25
20071203,4510.20,4600.27,4510.08,4568.74,2674374471.00,445.25
20071204,4580.98,4667.49,4580.98,4620.62,2757494113.00,462.81
20071205,4622.19,4740.77,4614.92,4740.77,3608785621.00,591.13
20071206,4758.99,4773.87,4712.05,4751.68,2878196858.00,487.91
20071207,4760.46,4820.19,4760.46,4820.19,3358525443.00,536.02
20071210,4742.87,4910.62,4742.87,4909.26,5096335743.00,848.60
20071211,4935.62,4953.45,4861.57,4928.70,5138344003.00,883.85
20071212,4906.81,4912.20,4840.26,4883.16,4862609960.00,890.39
20071213,4859.92,4875.41,4705.38,4705.38,4643700173.00,834.97
20071214,4652.32,4798.58,4648.57,4798.58,3947997331.00,668.92
20071217,4797.84,4797.84,4707.43,4707.85,4746244598.00,856.59
20071218,4679.94,4724.21,4660.96,4677.92,2999861293.00,530.21
20071219,4709.80,4797.91,4709.80,4787.23,4018622567.00,666.60
20071220,4802.29,4880.83,4787.64,4871.92,3952840768.00,656.58
20071221,4852.45,4934.44,4852.45,4933.03,4680205872.00,794.22
20071224,4972.53,5060.20,4972.53,5029.56,6191235638.00,1098.86
20071225,5039.10,5064.90,5023.78,5046.11,4762825388.00,854.99
20071226,5061.59,5096.67,5031.72,5096.67,5202664624.00,924.60
20071227,5116.78,5188.98,5098.46,5188.98,6411292423.00,1176.32
20071228,5199.98,5208.06,5150.90,5163.52,5515010102.00,1016.38
20080102,5172.95,5240.93,5121.66,5225.16,5834828534.00,1127.97
20080103,5219.12,5264.02,5171.63,5264.02,7878806880.00,1499.84
20080104,5270.77,5320.59,5260.71,5308.69,6332539857.00,1282.34
20080107,5304.76,5390.93,5304.76,5382.69,6824881753.00,1392.22
20080108,5386.77,5434.75,5319.32,5345.34,7946719377.00,1640.89
20080109,5322.76,5432.57,5322.76,5432.54,5964631941.00,1221.93
20080110,5432.54,5505.85,5428.33,5480.99,7855651734.00,1583.79
20080111,5495.44,5507.67,5440.93,5505.81,6922092209.00,1380.61
20080114,5508.54,5564.02,5495.85,5544.04,6420110894.00,1274.64
20080115,5553.12,5566.26,5477.86,5517.77,6611132727.00,1369.84
20080116,5469.26,5469.26,5345.50,5350.09,7175997357.00,1455.67
20080117,5295.16,5370.93,5079.34,5220.88,8029729111.00,1584.81
20080118,5214.87,5270.37,5184.67,5268.21,5901607946.00,1128.92
20080121,5279.69,5279.69,5011.52,5017.84,6361108789.00,1204.48
20080122,4891.17,4891.17,4601.94,4632.24,7792026746.00,1460.46
20080123,4660.92,4854.72,4659.55,4854.72,7263649025.00,1313.55
20080124,4911.78,4969.15,4856.45,4921.83,7544978591.00,1366.19
20080125,4916.66,4999.25,4867.47,4960.58,6245838554.00,1179.74
20080128,4924.14,4924.14,4622.94,4625.71,5589015496.00,977.25
20080129,4638.15,4717.15,4597.75,4661.96,3899701604.00,690.29
20080130,4713.35,4751.74,4530.33,4617.08,4368992851.00,824.88
20080131,4602.54,4632.40,4513.69,4515.77,3786088530.00,719.33
20080201,4518.27,4534.86,4334.63,4457.06,4429842125.00,772.32
20080204,4576.87,4820.10,4576.87,4820.10,4849415824.00,936.58
20080205,4814.69,4851.95,4773.18,4796.80,3783503023.00,720.95
20080213,4736.90,4766.01,4682.57,4703.21,2661111394.00,477.71
20080214,4742.72,4798.68,4735.98,4771.03,2585034887.00,465.91
20080215,4738.10,4738.10,4644.74,4711.10,3091444587.00,544.86
20080218,4771.11,4845.89,4760.86,4814.25,4171899437.00,754.55
20080219,4828.76,4913.26,4803.88,4913.26,4546566082.00,840.93
20080220,4922.50,4939.19,4805.02,4812.09,5015185988.00,949.47
20080221,4783.16,4818.36,4718.28,4789.76,4610510280.00,818.74
20080222,4766.71,4766.71,4568.34,4625.91,5030484207.00,904.49
20080225,4627.44,4627.44,4447.83,4449.44,4298317246.00,748.09
20080226,4562.41,4562.41,4332.78,4448.95,4286949216.00,776.62
20080227,4472.66,4581.37,4452.54,4569.73,3953031003.00,714.72
20080228,4579.78,4596.39,4523.74,4554.47,3672437500.00,635.36
20080229,4547.36,4608.92,4547.36,4604.94,3438213222.00,600.97
20080303,4580.57,4731.96,4560.82,4725.53,5597849750.00,992.54
20080304,4746.05,4767.41,4620.71,4622.12,6549759363.00,1108.51
20080305,4604.47,4640.74,4481.94,4593.13,5729237168.00,941.86
20080306,4607.66,4689.50,4569.09,4640.65,6719201577.00,1120.45
20080307,4599.77,4639.91,4549.92,4569.53,4360619196.00,776.70
20080310,4537.61,4537.61,4379.82,4388.16,4318348428.00,732.88
20080311,4350.89,4406.28,4277.94,4406.28,3640019384.00,641.70
20080312,4494.61,4494.61,4275.74,4276.06,3835640878.00,687.61
20080313,4232.98,4242.88,4085.44,4160.40,4755559903.00,801.01
20080314,4139.40,4158.11,4058.32,4118.22,3092393567.00,531.62
20080317,4097.79,4097.79,3903.34,3906.07,3727857777.00,612.58
20080318,3863.38,3933.23,3641.12,3697.22,4427831083.00,666.56
20080319,3770.56,3876.82,3709.82,3828.48,4837362815.00,775.74
20080320,3775.42,3990.71,3644.30,3951.26,5735691189.00,921.87
20080321,3949.60,4025.58,3938.15,3984.03,5107798056.00,812.96
20080324,4033.28,4038.77,3822.01,3822.01,4458829408.00,718.32
20080325,3749.34,3893.37,3735.90,3872.09,4050831795.00,657.60
20080326,3891.79,3955.32,3855.06,3880.14,3526743775.00,587.05
20080327,3816.47,3828.25,3710.04,3711.98,3983054089.00,621.93
20080328,3676.84,3870.77,3621.38,3870.01,5016293571.00,802.63
20080331,3758.27,3822.24,3733.11,3736.31,3648445525.00,578.74
20080401,3722.01,3741.04,3518.24,3521.64,4459044402.00,670.94
20080402,3557.24,3613.30,3428.55,3470.86,5128315953.00,764.08
20080403,3440.19,3578.91,3383.16,3568.17,3972598809.00,590.48
20080407,3528.75,3762.47,3528.75,3762.47,4779287615.00,753.25
20080408,3768.50,3839.32,3760.36,3810.46,5257224889.00,830.87
20080409,3778.90,3822.99,3611.93,3611.93,4757305170.00,716.93
20080410,3567.73,3678.62,3540.21,3678.62,3634147655.00,532.28
20080411,3716.52,3747.21,3683.60,3711.60,3283399000.00,493.95
20080414,3630.77,3630.77,3463.35,3470.67,4028704151.00,600.77
20080415,3448.36,3523.70,3368.75,3523.70,3664558400.00,536.78
20080416,3514.34,3520.33,3428.45,3437.85,3243975125.00,468.80
20080417,3436.00,3496.08,3292.54,3330.23,3548333079.00,509.62
20080418,3300.41,3327.10,3209.76,3214.75,3352169580.00,459.35
20080421,3452.47,3452.47,3178.32,3213.01,4844699842.00,697.14
20080422,3159.29,3233.89,3077.75,3233.71,3845387105.00,509.95
20080423,3204.94,3395.20,3204.94,3385.44,5119724564.00,726.53
20080424,3664.88,3698.82,3587.82,3698.82,11216795228.00,1594.67
20080425,3703.16,3832.54,3686.69,3724.67,9749191960.00,1545.34
20080428,3665.29,3710.71,3641.77,3659.57,5840940890.00,912.81
20080429,3637.06,3720.69,3637.06,3704.80,5181216968.00,789.68
20080430,3721.68,3888.90,3721.68,3879.38,8163033415.00,1276.25
20080505,3931.69,3976.04,3904.27,3972.87,7581219851.00,1194.92
20080506,3938.70,3984.62,3883.11,3933.67,7224664870.00,1142.98
20080507,3909.69,3959.83,3749.70,3749.70,6743682467.00,1068.45
20080508,3703.25,3850.23,3703.25,3850.23,5564718075.00,849.37
20080509,3883.30,3883.62,3754.08,3811.46,6695654395.00,1046.80
20080512,3742.45,3887.73,3717.07,3845.21,5929507764.00,915.89
20080513,3730.11,3864.76,3730.11,3806.22,6912158208.00,973.77
20080514,3799.36,3917.72,3799.36,3917.72,6875289447.00,1000.92
20080515,3944.23,3972.42,3887.18,3887.18,6512950742.00,932.83
20080516,3886.79,3918.30,3819.60,3870.96,5021250220.00,744.39
20080519,3860.19,3871.81,3818.43,3850.58,3836171530.00,561.93
20080520,3848.83,3879.56,3646.71,3646.71,5270834906.00,749.86
20080521,3604.91,3716.16,3533.06,3716.16,5520558097.00,769.94
20080522,3669.87,3715.94,3649.37,3652.37,5101349931.00,734.29
20080523,3639.42,3672.98,3575.17,3622.98,4364402109.00,597.08
20080526,3594.53,3594.53,3510.53,3511.97,3965819663.00,545.20
20080527,3501.79,3537.35,3486.78,3524.02,3210253603.00,443.53
20080528,3531.12,3634.33,3515.22,3621.50,3919160323.00,551.41
20080529,3613.15,3621.84,3528.88,3530.18,3698432758.00,508.93
20080530,3534.67,3569.61,3503.74,3561.11,3585611209.00,510.75
20080602,3550.91,3594.97,3531.91,3577.63,3658082418.00,483.04
20080603,3591.02,3591.02,3549.38,3567.99,4384786316.00,564.11
20080604,3545.98,3545.98,3473.72,3502.97,3781320808.00,498.34
20080605,3469.02,3496.70,3448.94,3467.99,2995411326.00,403.83
20080606,3480.23,3480.23,3427.57,3441.62,2572714672.00,333.67
20080610,3299.12,3299.12,3143.28,3160.04,3890685728.00,492.62
20080611,3108.71,3131.66,3052.26,3098.45,3609954005.00,436.51
20080612,3081.44,3103.66,3005.25,3045.30,3732926054.00,448.87
20080613,3048.22,3065.49,2936.99,2939.13,2999712318.00,349.76
20080616,2940.44,2965.76,2863.24,2909.97,3131194550.00,355.24
20080617,2907.58,2934.37,2791.81,2795.22,3233680836.00,347.78
20080618,2772.92,2950.68,2726.52,2937.98,5008244259.00,550.19
20080619,2913.43,2913.43,2719.04,2720.11,4212107354.00,459.98
20080620,2738.20,2881.66,2647.26,2792.84,5893803461.00,663.86
20080623,2744.62,2787.14,2720.29,2734.18,3058748791.00,321.52
20080624,2721.37,2806.02,2720.88,2797.85,3711360692.00,396.93
20080625,2791.73,2917.69,2791.73,2917.42,5073926244.00,547.75
20080626,2913.22,2957.92,2879.54,2928.70,5098894287.00,556.20
20080627,2836.59,2843.08,2736.46,2763.09,4782065305.00,504.38
20080630,2740.27,2774.76,2708.18,2744.48,2964555317.00,323.54
20080701,2751.06,2751.06,2649.99,2656.84,3290749765.00,358.24
20080702,2660.70,2700.59,2634.29,2662.18,3219214353.00,361.21
20080703,2619.38,2761.13,2584.19,2726.73,5541170302.00,628.95
20080704,2719.12,2749.82,2689.64,2713.84,4620638792.00,519.51
20080707,2719.82,2853.42,2719.82,2853.42,6418808565.00,708.34
20080708,2867.74,2895.75,2821.93,2870.98,6448884437.00,734.27
20080709,2893.77,2974.93,2893.77,2974.93,8035879503.00,913.49
20080710,2932.24,3007.90,2931.97,2931.97,7224298220.00,832.27
20080711,2919.87,2930.91,2878.42,2910.35,5167529622.00,585.39
20080714,2885.54,2946.05,2885.54,2936.20,4235602559.00,480.19
20080715,2945.22,2951.83,2818.52,2818.52,5567403074.00,613.77
20080716,2786.37,2786.37,2675.30,2714.33,4722826446.00,494.52
20080717,2758.28,2775.81,2690.65,2691.42,3895237931.00,413.72
20080718,2718.53,2786.85,2667.52,2786.85,4655631508.00,501.83
20080721,2767.47,2884.56,2763.69,2882.21,5321985332.00,591.19
20080722,2876.42,2898.09,2865.68,2876.59,4693351934.00,515.52
20080723,2894.87,2909.48,2856.95,2857.60,4775701879.00,518.24
20080724,2879.63,2948.41,2878.20,2946.87,5665422638.00,640.99
20080725,2911.24,2940.57,2896.60,2914.11,4887273258.00,528.42
20080728,2933.74,2964.15,2924.11,2937.15,4867673665.00,539.14
20080729,2898.51,2898.51,2859.57,2879.92,4396537434.00,475.17
20080730,2913.80,2913.80,2843.98,2860.96,3707676386.00,394.53
20080731,2869.90,2869.90,2779.14,2779.28,3423188799.00,353.47
20080801,2762.06,2842.90,2727.65,2816.90,3966103502.00,424.46
20080804,2794.46,2809.80,2753.57,2754.24,2829814721.00,313.50
20080805,2761.97,2761.97,2688.53,2689.57,3525580391.00,372.55
20080806,2708.99,2731.04,2671.69,2706.25,3290152558.00,349.56
20080807,2702.07,2725.70,2675.11,2706.78,2985800304.00,311.05
20080808,2705.45,2705.45,2570.09,2576.25,3891308236.00,394.43
20080811,2565.86,2565.86,2431.16,2440.24,3902655293.00,364.51
20080812,2415.96,2449.15,2399.33,2426.86,2920181618.00,269.92
20080813,2410.74,2430.94,2352.06,2422.97,3228530509.00,294.37
20080814,2409.58,2436.53,2396.28,2424.74,2408291836.00,226.12
20080815,2422.67,2454.81,2401.23,2429.08,2382620713.00,223.18
20080818,2433.41,2433.41,2294.92,2295.24,2841110376.00,247.38
20080819,2269.44,2331.78,2269.44,2331.11,2351373601.00,198.37
20080820,2316.63,2512.23,2296.68,2512.23,5262293050.00,477.68
20080821,2474.15,2504.68,2418.43,2423.16,4491022829.00,422.36
20080822,2400.50,2406.49,2343.91,2383.06,3088303132.00,276.66
20080825,2386.70,2414.64,2358.24,2381.00,2254551272.00,204.57
20080826,2352.99,2364.52,2288.43,2308.72,2923605589.00,248.31
20080827,2298.50,2340.85,2269.70,2299.11,2823018134.00,253.02
20080828,2298.48,2331.47,2289.87,2308.07,2401933787.00,232.39
20080829,2318.39,2381.07,2314.25,2363.34,3469107601.00,315.84
20080901,2345.49,2345.49,2279.27,2286.71,2658766723.00,239.82
20080902,2271.64,2287.68,2250.49,2267.56,2441890696.00,214.91
20080903,2261.74,2276.85,2204.34,2231.52,3024346070.00,272.95
20080904,2223.52,2249.51,2204.08,2233.88,2411716869.00,208.92
20080905,2176.85,2201.03,2164.88,2165.49,2773709432.00,227.66
20080908,2171.05,2171.51,2103.45,2106.91,2752050767.00,226.71
20080909,2114.92,2125.96,2094.10,2119.98,2216232126.00,177.10
20080910,2106.79,2156.01,2085.12,2126.76,2736948054.00,226.87
20080911,2119.80,2126.22,2060.03,2060.19,2591185594.00,220.47
20080912,2059.15,2089.85,2056.74,2064.99,2181693841.00,187.69
20080916,2039.55,2039.55,1985.59,1992.98,3737801556.00,303.58
20080917,1975.17,1992.79,1922.07,1925.80,3670886320.00,287.57
20080918,1874.45,1904.80,1798.96,1887.07,5322378452.00,384.68
20080919,2055.85,2064.43,2048.20,2064.43,4427205535.00,368.99
20080922,2213.97,2247.44,2127.28,2189.76,11346380931.00,1031.22
20080923,2123.78,2146.90,2097.86,2099.59,8380568970.00,696.44
20080924,2051.02,2119.25,2038.61,2119.25,5243350640.00,429.80
20080925,2123.68,2226.14,2123.68,2199.42,8440804248.00,753.94
20080926,2209.82,2227.39,2168.73,2215.97,6555617836.00,608.02
20081006,2180.44,2180.44,2108.66,2108.66,5004463114.00,419.36
20081007,2028.44,2116.07,2016.82,2084.27,4677440629.00,419.66
20081008,2027.46,2049.85,1998.15,2007.44,4058046496.00,352.81
20081009,2042.58,2042.58,1981.21,1981.52,3677222100.00,320.23
20081010,1902.86,1916.12,1872.95,1891.16,4406833677.00,339.96
20081013,1875.00,1963.77,1826.29,1963.77,4740465934.00,380.69
20081014,2031.41,2031.41,1912.26,1912.26,5793743104.00,487.08
20081015,1890.52,1902.48,1876.07,1893.25,3437868209.00,271.29
20081016,1816.12,1837.15,1798.52,1799.41,4349075447.00,327.77
20081017,1816.07,1824.20,1790.75,1811.95,3180760392.00,236.86
20081020,1807.70,1872.65,1788.12,1872.65,3650047921.00,289.34
20081021,1877.37,1898.87,1859.93,1859.93,4297879736.00,339.44
20081022,1835.73,1861.92,1814.90,1815.51,3762152383.00,276.38
20081023,1777.84,1816.31,1764.99,1816.23,3909820793.00,290.35
20081024,1813.25,1821.25,1758.22,1768.04,3723844746.00,277.93
20081027,1734.80,1734.80,1641.02,1642.30,4205150401.00,292.09
20081028,1603.69,1699.01,1600.51,1689.70,5197415186.00,369.32
20081029,1706.86,1713.92,1641.63,1641.63,4340123407.00,315.71
20081030,1652.24,1700.44,1629.84,1677.05,4482068572.00,323.13
20081031,1669.31,1675.65,1641.30,1645.90,3187323883.00,216.26
20081103,1632.07,1664.06,1627.45,1635.66,2873144662.00,200.42
20081104,1628.74,1628.74,1596.41,1612.76,3027237014.00,201.97
20081105,1624.70,1694.80,1624.70,1674.42,4795398062.00,325.21
20081106,1633.41,1643.26,1624.69,1635.06,3550720718.00,228.04
20081107,1605.88,1669.07,1605.88,1662.04,3724258430.00,252.87
20081110,1696.15,1782.83,1696.15,1782.83,7296215299.00,499.22
20081111,1776.80,1802.71,1761.85,1762.04,7556623991.00,523.96
20081112,1740.70,1784.02,1740.70,1783.98,5288457909.00,374.79
20081113,1760.63,1872.32,1752.35,1855.59,9724578505.00,698.51
20081114,1874.08,1923.94,1855.77,1923.94,10758191473.00,791.98
20081117,1916.11,1974.24,1910.36,1974.24,10695219030.00,787.40
20081118,1962.49,1983.26,1826.32,1831.17,12275870838.00,869.57
20081119,1823.08,1949.32,1817.64,1945.29,10327082806.00,742.01
20081120,1910.99,1961.81,1895.39,1925.81,10550870466.00,765.97
20081121,1866.97,1952.43,1830.40,1911.90,10112874381.00,739.28
20081124,1905.40,1906.89,1831.60,1831.60,6294796714.00,456.05
20081125,1862.35,1862.35,1796.73,1824.91,5162358112.00,380.50
20081126,1823.39,1850.09,1807.32,1833.01,4774666608.00,335.21
20081127,1949.33,1949.33,1859.62,1859.65,9646294389.00,735.40
20081128,1841.42,1851.11,1810.82,1825.64,5901562420.00,435.10
20081201,1819.90,1864.14,1798.71,1864.14,6094161629.00,437.41
20081202,1822.98,1889.62,1822.98,1872.68,8018894016.00,565.24
20081203,1900.50,1954.08,1900.50,1954.08,10547591697.00,766.66
20081204,1980.10,2040.14,1980.10,1980.63,14080867641.00,1073.19
20081205,1968.26,2012.47,1968.26,2012.47,9071880519.00,672.48
20081208,2039.50,2094.97,2039.50,2094.97,12939126648.00,988.84
20081209,2102.86,2103.20,2038.05,2039.66,11089553920.00,853.72
20081210,2027.77,2097.27,2016.08,2097.27,10104818653.00,785.00
20081211,2088.34,2100.31,2043.51,2044.66,9122095333.00,712.67
20081212,2025.15,2025.15,1934.76,1959.25,8199333530.00,607.74
20081215,1988.88,2001.66,1947.79,1977.46,6304555679.00,463.23
20081216,1959.99,1997.36,1925.29,1997.36,5914033325.00,433.21
20081217,2004.80,2031.40,1998.91,2006.40,7253394755.00,555.12
20081218,2004.34,2049.37,1990.40,2049.37,7013907666.00,535.80
20081219,2043.09,2080.77,2042.09,2059.14,7952914432.00,610.42
20081222,2057.64,2057.64,2010.06,2030.45,6643532054.00,504.38
20081223,2031.79,2031.79,1928.79,1929.07,7670519211.00,569.63
20081224,1902.61,1920.56,1886.69,1897.07,5492447667.00,390.29
20081225,1901.65,1911.15,1860.50,1882.51,4862930018.00,350.84
20081226,1880.23,1891.37,1863.42,1872.77,4049089362.00,311.64
20081229,1862.67,1869.78,1828.12,1867.20,4046003361.00,304.32
20081230,1865.51,1880.21,1845.37,1848.86,4426725505.00,327.27
20081231,1850.83,1855.46,1832.09,1832.99,4229446852.00,306.86
20090105,1862.91,1898.06,1855.83,1898.06,5479289339.00,419.80
20090106,1896.03,1961.47,1896.03,1956.99,8151357873.00,638.86
20090107,1956.37,1969.54,1947.72,1947.72,7226158049.00,559.58
20090108,1912.15,1918.39,1893.98,1903.62,6347536836.00,517.22
20090109,1902.01,1936.98,1902.01,1935.54,5721432755.00,459.86
20090112,1929.27,1964.31,1926.64,1938.88,6570303384.00,519.36
20090113,1912.38,1924.73,1893.61,1893.61,5896000537.00,441.68
20090114,1890.62,1970.62,1890.62,1970.62,6853121304.00,557.76
20090115,1951.63,1991.75,1951.63,1971.27,9188333515.00,713.59
20090116,1981.97,2036.02,1981.97,2003.68,10969795252.00,892.31
20090119,2023.03,2058.21,2007.06,2022.87,9100373540.00,733.13
20090120,2017.21,2036.57,1998.45,2036.57,6078887423.00,484.92
20090121,2005.68,2056.47,2005.68,2032.80,7310139452.00,631.22
20090122,2045.95,2058.72,2029.01,2056.86,7175352398.00,594.40
20090123,2052.21,2064.21,2040.64,2044.70,6879809488.00,546.68
20090202,2063.45,2072.99,2043.43,2072.99,6625315740.00,520.24
20090203,2073.23,2124.98,2073.23,2124.98,10732796667.00,838.07
20090204,2135.03,2180.74,2135.03,2180.74,12277936272.00,961.84
20090205,2178.68,2216.26,2155.45,2162.69,13629770308.00,1106.48
20090206,2169.07,2247.83,2169.07,2247.83,13017383454.00,1059.92
20090209,2280.84,2315.36,2265.46,2306.06,15634781060.00,1326.76
20090210,2296.32,2336.09,2273.04,2336.09,14008418750.00,1189.87
20090211,2296.24,2378.75,2296.24,2341.10,17300164695.00,1537.65
20090212,2344.97,2344.97,2269.46,2336.96,14420007234.00,1270.01
20090213,2340.68,2418.80,2337.47,2416.13,16631087016.00,1474.45
20090216,2438.50,2474.71,2411.70,2474.71,17771439272.00,1591.58
20090217,2471.80,2480.49,2392.80,2392.80,16222013385.00,1466.93
20090218,2338.84,2374.72,2283.83,2285.48,13293898386.00,1193.60
20090219,2306.30,2332.47,2278.69,2312.76,10595041143.00,954.82
20090220,2315.94,2360.94,2301.40,2360.94,10391695513.00,947.80
20090223,2349.33,2434.25,2328.12,2426.16,12792386231.00,1174.25
20090224,2393.53,2425.72,2317.65,2317.65,15202565998.00,1390.09
20090225,2341.81,2343.00,2252.20,2323.93,12789919257.00,1181.36
20090226,2315.76,2346.84,2183.61,2205.37,12110565226.00,1104.55
20090227,2179.57,2197.88,2128.86,2149.37,10044879255.00,845.65
20090302,2131.90,2186.42,2125.26,2175.67,7222141081.00,638.62
20090303,2122.19,2179.47,2120.01,2159.40,7963957372.00,702.26
20090304,2167.63,2303.89,2167.63,2299.87,12490075715.00,1105.89
20090305,2327.64,2348.53,2278.32,2316.37,14604674286.00,1313.77
20090306,2272.01,2320.19,2272.01,2296.91,9831867373.00,895.42
20090309,2311.46,2339.97,2209.36,2212.74,10072418240.00,893.99
20090310,2187.73,2253.06,2182.18,2253.06,6552394547.00,575.98
20090311,2299.68,2299.68,2231.73,2234.31,8158664219.00,742.67
20090312,2221.89,2229.08,2171.18,2229.08,6567436514.00,578.84
20090313,2241.85,2259.92,2213.94,2218.00,6294933859.00,579.13
20090316,2210.72,2253.95,2200.58,2252.30,5675972499.00,510.33
20090317,2254.79,2334.12,2252.38,2330.12,10304096612.00,957.52
20090318,2342.46,2375.86,2338.02,2340.73,11625530410.00,1075.88
20090319,2344.65,2388.39,2344.65,2388.39,11167912068.00,1039.08
20090320,2394.02,2397.32,2349.39,2378.29,11917321472.00,1131.77
20090323,2381.01,2438.96,2379.39,2434.14,12655872662.00,1246.18
20090324,2470.67,2473.60,2441.54,2449.87,12854681001.00,1245.51
20090325,2435.70,2461.58,2396.30,2396.30,11049134425.00,1069.64
20090326,2401.48,2468.77,2378.89,2468.77,12341273092.00,1165.11
20090327,2488.84,2503.09,2473.39,2490.38,15197851067.00,1382.27
20090330,2494.46,2502.30,2476.59,2480.83,11154608279.00,1072.05
20090331,2435.38,2506.41,2423.06,2506.41,11087865742.00,1119.77
20090401,2517.98,2560.86,2517.98,2544.55,14547749405.00,1439.88
20090402,2554.81,2594.56,2554.81,2570.95,15781172536.00,1543.48
20090403,2591.85,2602.44,2555.87,2563.93,14140332260.00,1359.40
20090407,2566.95,2589.86,2547.35,2572.88,10097186177.00,997.13
20090408,2560.93,2563.08,2479.09,2479.09,11685472759.00,1142.61
20090409,2476.94,2518.96,2459.88,2518.96,9206427141.00,916.06
20090410,2540.29,2593.93,2535.08,2593.93,12598696019.00,1308.09
20090413,2618.86,2660.79,2618.86,2650.14,15727851488.00,1625.32
20090414,2645.01,2677.07,2640.58,2673.60,13310365383.00,1391.97
20090415,2660.27,2688.51,2630.00,2688.27,14732757549.00,1487.81
20090416,2691.90,2701.76,2654.43,2687.04,14996706680.00,1470.49
20090417,2677.40,2694.35,2632.80,2656.02,12877079240.00,1325.27
20090420,2649.45,2714.50,2649.45,2714.50,11928933908.00,1177.42
20090421,2678.89,2703.76,2652.57,2686.70,13557873769.00,1347.41
20090422,2699.40,2722.94,2584.21,2584.37,15094998349.00,1481.61
20090423,2563.72,2605.33,2556.90,2600.66,9760772240.00,937.36
20090424,2613.21,2616.64,2581.28,2581.72,8996066865.00,909.96
20090427,2578.13,2578.13,2512.47,2517.92,8876395516.00,848.27
20090428,2498.28,2536.69,2498.28,2529.88,7264142003.00,745.50
20090429,2531.55,2615.81,2531.55,2612.48,10005011949.00,1017.32
20090430,2622.74,2648.10,2619.61,2633.90,10771544085.00,1109.57
20090504,2645.45,2720.85,2645.45,2720.85,11975033402.00,1220.71
20090505,2738.75,2753.78,2721.02,2733.64,11851071989.00,1208.34
20090506,2728.73,2770.39,2726.95,2768.17,12444516558.00,1293.00
20090507,2784.86,2794.91,2730.12,2763.64,14118950881.00,1470.21
20090508,2748.53,2789.12,2730.79,2782.08,12509206599.00,1308.55
20090511,2801.02,2828.04,2716.43,2716.43,14299933825.00,1478.91
20090512,2694.95,2777.63,2694.95,2777.63,9756699408.00,968.18
20090513,2781.55,2804.42,2765.53,2800.43,11639403103.00,1228.48
20090514,2770.18,2793.11,2754.08,2782.64,9547595477.00,999.95
20090515,2798.34,2804.75,2771.13,2791.39,8472948726.00,876.70
20090518,2779.70,2807.58,2740.11,2805.31,9182912183.00,971.62
20090519,2830.48,2837.95,2814.81,2830.65,11536603524.00,1238.67
20090520,2833.76,2837.62,2801.17,2801.17,10296440740.00,1085.45
20090521,2784.10,2794.33,2733.31,2738.47,10141501588.00,1074.15
20090522,2723.53,2753.59,2714.63,2734.33,7587139032.00,807.46
20090525,2678.20,2750.48,2669.82,2743.24,8748587841.00,956.77
20090526,2748.55,2756.33,2721.69,2721.91,9196482291.00,1014.91
20090527,2735.75,2763.64,2722.73,2756.23,8590367443.00,891.04
20090601,2790.78,2846.11,2790.78,2841.12,11653767664.00,1296.02
20090602,2859.23,2867.19,2840.00,2846.10,11887563474.00,1302.96
20090603,2846.03,2905.57,2846.03,2905.57,12185109902.00,1312.47
20090604,2894.52,2925.97,2875.60,2916.03,13939060404.00,1513.23
20090605,2925.49,2934.04,2903.49,2903.49,11828184685.00,1310.19
20090608,2904.59,2934.75,2882.68,2911.64,10746867053.00,1150.89
20090609,2913.21,2927.15,2866.17,2927.15,10593097415.00,1117.68
20090610,2936.59,2962.17,2936.59,2958.49,11999982452.00,1244.48
20090611,2952.96,2968.42,2931.86,2935.11,10583537213.00,1115.21
20090612,2929.30,2942.40,2859.58,2879.50,9921011455.00,1022.56
20090615,2875.29,2940.14,2875.29,2940.14,8612751009.00,968.43
20090616,2918.15,2949.10,2914.89,2934.37,8186020952.00,932.55
20090617,2933.46,2981.77,2909.91,2979.51,8867048022.00,1004.96
20090618,3002.67,3026.35,3002.67,3025.03,11283594324.00,1292.45
20090619,3034.83,3054.69,3020.51,3047.85,12429835660.00,1319.60
20090622,3072.08,3075.69,3038.93,3044.53,12099641291.00,1288.96
20090623,3001.32,3073.37,2993.29,3044.17,12046278724.00,1264.41
20090624,3040.12,3073.42,3030.23,3073.42,11489291088.00,1270.06
20090625,3076.53,3086.72,3062.25,3069.05,9096683687.00,1037.60
20090626,3076.63,3086.82,3062.84,3077.70,8155170556.00,919.66
20090629,3081.34,3125.15,3079.97,3125.03,9430066429.00,1064.56
20090630,3135.66,3135.66,3101.47,3106.46,9664238390.00,1128.17
20090701,3095.93,3169.08,3095.93,3169.08,11176899337.00,1309.84
20090702,3178.94,3208.98,3178.94,3208.98,13113474960.00,1563.70
20090703,3184.86,3247.70,3184.86,3247.70,12823636998.00,1520.86
20090706,3253.37,3290.82,3253.37,3288.82,15218852431.00,1799.97
20090707,3284.09,3306.90,3255.99,3266.06,15215190791.00,1714.53
20090708,3235.08,3281.77,3196.41,3274.07,13335191310.00,1557.17
20090709,3271.55,3323.16,3262.46,3323.16,14011678318.00,1651.92
20090710,3325.73,3346.45,3313.35,3323.86,13055779304.00,1544.39
20090713,3310.59,3331.38,3298.93,3300.68,12860615968.00,1528.57
20090714,3331.93,3386.77,3331.93,3386.77,13492660150.00,1620.42
20090715,3398.58,3423.21,3397.85,3418.62,15657458572.00,1870.21
20090716,3440.07,3458.33,3411.06,3420.29,15167535399.00,1864.83
20090717,3418.98,3442.65,3404.12,3434.03,12776221393.00,1545.36
20090720,3446.56,3501.06,3433.03,3497.72,16118275887.00,2010.40
20090721,3508.41,3512.66,3440.90,3441.52,15726177996.00,1973.26
20090722,3437.10,3503.32,3437.10,3503.32,13628823872.00,1770.21
20090723,3509.19,3545.50,3494.78,3545.50,13736129601.00,1707.45
20090724,3563.28,3575.52,3486.10,3553.68,15425233624.00,1946.17
20090727,3566.99,3624.26,3566.55,3624.26,16193495838.00,2074.07
20090728,3627.35,3640.77,3596.50,3640.77,17453515350.00,2227.64
20090729,3629.22,3648.23,3433.92,3452.42,19690742289.00,2425.31
20090730,3478.73,3542.63,3422.48,3525.47,15608307417.00,1942.17
20090731,3557.29,3619.49,3530.72,3619.17,15547765463.00,1951.79
20090803,3637.87,3671.17,3614.84,3670.70,16422766425.00,2112.59
20090804,3683.50,3683.50,3610.60,3674.22,17209872632.00,2214.78
20090805,3670.56,3684.96,3593.77,3640.45,16802282074.00,2156.90
20090806,3611.15,3635.42,3527.39,3569.68,14655225808.00,1985.41
20090807,3564.81,3584.47,3466.47,3467.83,12422872784.00,1643.57
20090810,3501.67,3509.06,3413.52,3463.13,10306833947.00,1356.45
20090811,3477.18,3485.44,3437.31,3477.63,8046168108.00,1052.07
20090812,3468.98,3468.98,3321.84,3321.84,10973306549.00,1399.14
20090813,3322.53,3360.92,3280.26,3353.28,9609462886.00,1225.24
20090814,3350.68,3357.69,3245.14,3247.80,10276255325.00,1287.16
20090817,3194.32,3224.23,3055.01,3055.11,10621120070.00,1256.46
20090818,3029.36,3093.46,3006.16,3088.71,8621749624.00,1008.71
20090819,3095.45,3100.13,2919.95,2945.19,9393186810.00,1084.09
20090820,2951.52,3069.44,2951.52,3069.44,9094524116.00,1098.21
20090821,3062.12,3142.61,3055.21,3130.69,10136441776.00,1197.78
20090824,3146.02,3171.35,3113.74,3160.62,9792867258.00,1189.82
20090825,3144.89,3144.89,2982.52,3059.92,11824704154.00,1419.17
20090826,3035.34,3154.13,3035.34,3125.23,10628020562.00,1281.88
20090827,3105.54,3162.17,3080.50,3115.27,10790846712.00,1246.35
20090828,3109.01,3112.20,3001.44,3010.86,10134888656.00,1190.21
20090831,2969.30,2969.30,2804.12,2805.43,10074408870.00,1152.67
20090901,2783.04,2865.80,2783.04,2818.32,8175135831.00,928.45
20090902,2800.60,2871.79,2800.60,2860.44,6932924053.00,792.64
20090903,2866.13,3014.81,2866.13,3008.21,10375016266.00,1194.20
20090904,3008.90,3047.89,3008.90,3036.55,10140328778.00,1181.42
20090907,3057.14,3110.71,3056.70,3066.29,10354024307.00,1253.37
20090908,3048.88,3126.22,3023.63,3126.22,10312283677.00,1287.63
20090909,3139.66,3154.70,3104.00,3144.13,10766474149.00,1380.06
20090910,3129.87,3147.45,3106.56,3112.51,8151902354.00,993.89
20090911,3103.90,3194.85,3103.90,3186.21,9845648340.00,1201.39
20090914,3196.62,3244.66,3188.81,3242.51,11455175849.00,1376.77
20090915,3247.33,3272.47,3222.66,3251.56,11303441895.00,1355.94
20090916,3240.21,3240.21,3172.73,3215.75,11794148851.00,1417.78
20090917,3257.69,3287.82,3246.61,3280.19,12747599353.00,1504.76
20090918,3286.17,3287.07,3145.64,3165.98,13590113131.00,1561.67
20090921,3133.19,3185.13,3076.48,3184.70,10060541602.00,1210.74
20090922,3172.68,3210.88,3111.51,3111.51,10083921588.00,1240.03
20090923,3108.83,3122.25,3028.98,3040.94,8757437570.00,1046.53
20090924,3023.63,3079.85,2968.40,3050.59,8211556749.00,962.23
20090925,3031.47,3060.49,3007.00,3032.34,6018180862.00,691.49
20090928,3040.24,3062.87,2947.32,2951.89,5606209763.00,644.90
20090929,2953.77,2973.18,2898.43,2945.57,5932757289.00,655.43
20090930,2964.57,3002.20,2964.14,2974.68,5407624456.00,626.05
20091009,3040.06,3125.02,3040.06,3125.02,6974757811.00,845.44
20091012,3139.87,3156.70,3117.89,3118.14,7390422207.00,900.42
20091013,3111.20,3162.94,3111.20,3162.94,6442451158.00,770.54
20091014,3173.16,3229.08,3173.16,3187.49,9721297393.00,1195.05
20091015,3215.74,3241.42,3187.01,3198.16,7604363018.00,947.02
20091016,3208.49,3224.23,3156.77,3199.70,7143688538.00,887.94
20091019,3197.75,3277.59,3197.75,3277.59,9396597230.00,1206.46
20091020,3302.14,3328.28,3294.90,3328.28,11476552888.00,1468.60
20091021,3325.95,3356.44,3315.07,3315.53,10477008544.00,1316.49
20091022,3308.55,3324.69,3292.16,3299.29,7948859420.00,1012.89
20091023,3306.16,3377.11,3306.16,3358.80,10766520521.00,1327.69
20091026,3367.74,3376.79,3337.25,3363.14,8992855858.00,1154.58
20091027,3337.33,3338.75,3272.01,3272.01,9701310590.00,1236.76
20091028,3261.31,3290.29,3223.55,3287.32,8310815091.00,1030.81
20091029,3228.31,3254.90,3210.76,3216.17,8268877412.00,1047.05
20091030,3269.60,3293.30,3246.50,3252.56,8360775214.00,1062.17
20091102,3197.92,3365.56,3189.16,3365.56,11058040104.00,1388.60
20091103,3375.10,3417.80,3375.10,3411.00,11730244767.00,1494.65
20091104,3416.99,3444.58,3395.00,3430.82,11747452887.00,1480.52
20091105,3433.76,3449.06,3417.13,3443.92,11057269290.00,1302.09
20091106,3469.68,3480.04,3450.18,3457.85,12303519413.00,1497.39
20091109,3461.92,3471.49,3431.61,3471.49,10540973523.00,1311.16
20091110,3493.24,3503.14,3480.82,3480.95,11048955460.00,1394.07
20091111,3477.40,3487.67,3449.15,3476.60,9871338823.00,1230.65
20091112,3486.45,3511.45,3472.80,3484.36,10779746667.00,1319.33
20091113,3476.65,3510.09,3442.58,3510.09,11395716792.00,1403.57
20091116,3533.15,3610.30,3533.15,3610.30,15439114265.00,1951.59
20091117,3626.92,3626.92,3604.24,3614.91,12492585878.00,1590.80
20091118,3619.47,3635.23,3600.41,3618.38,11884446276.00,1449.55
20091119,3625.49,3638.88,3602.97,3637.72,13207782222.00,1585.11
20091120,3625.98,3650.13,3603.90,3629.09,13245192740.00,1611.05
20091123,3627.67,3668.79,3627.67,3668.79,12757686133.00,1660.29
20091124,3683.10,3694.58,3535.64,3535.64,18763168381.00,2365.81
20091125,3529.36,3623.71,3524.50,3623.71,14559359922.00,1828.56
20091126,3629.12,3637.72,3463.18,3475.69,16628512248.00,2120.30
20091127,3432.90,3473.06,3385.18,3385.60,11482409724.00,1464.08
20091130,3417.50,3519.33,3417.50,3519.33,10846053993.00,1387.86
20091201,3515.75,3576.24,3501.46,3576.24,13186373971.00,1662.55
20091202,3593.68,3618.00,3586.61,3609.57,13367024607.00,1667.30
20091203,3606.43,3608.01,3565.81,3604.55,12024338024.00,1507.58
20091204,3596.47,3640.41,3537.51,3637.01,16805037507.00,2147.91
20091207,3639.94,3667.15,3631.34,3667.15,11305184938.00,1490.41
20091208,3669.21,3669.21,3604.30,3625.60,10676341213.00,1369.03
20091209,3583.10,3608.98,3551.52,3561.94,9167014307.00,1169.48
20091210,3586.00,3603.86,3559.12,3586.50,7601013500.00,973.18
20091211,3597.73,3618.62,3580.95,3584.10,7329602583.00,913.94
20091214,3581.55,3616.08,3505.03,3613.55,9840693154.00,1242.69
20091215,3598.55,3623.91,3589.70,3595.25,8370769048.00,1102.41
20091216,3580.83,3617.20,3568.16,3574.37,7307293410.00,955.20
20091217,3582.38,3583.29,3490.30,3490.30,8163797683.00,1037.25
20091218,3460.05,3460.05,3400.66,3403.80,8105123965.00,1010.41
20091221,3398.24,3414.10,3374.64,3414.05,6060889323.00,797.81
20091222,3419.21,3419.21,3323.65,3329.38,6853229106.00,886.96
20091223,3327.44,3366.48,3326.19,3366.48,6223270252.00,811.20
20091224,3375.28,3469.29,3371.23,3468.19,8252971381.00,1117.85
20091225,3463.46,3473.99,3450.56,3461.01,6680327666.00,890.12
20091228,3469.54,3520.84,3469.54,3514.53,7433460797.00,976.56
20091229,3517.58,3537.25,3492.13,3537.25,7560137097.00,988.12
20091230,3539.28,3585.64,3538.22,3585.64,10659311849.00,1439.63
20091231,3587.38,3606.09,3572.08,3605.70,8821218866.00,1185.51
20100104,3622.69,3622.69,3576.41,3576.41,9085288975.00,1200.92
20100105,3585.00,3608.19,3547.09,3605.88,10732181298.00,1477.37
20100106,3600.69,3622.62,3582.73,3582.73,10224093547.00,1426.97
20100107,3581.73,3592.19,3495.15,3508.61,10502694104.00,1434.87
20100108,3488.12,3524.46,3471.83,3523.95,7932083019.00,1074.68
20100111,3624.94,3624.94,3517.34,3533.43,11448875950.00,1576.23
20100112,3528.60,3591.51,3496.77,3591.51,12038555123.00,1619.70
20100113,3506.93,3558.09,3488.66,3494.25,13980174348.00,1881.80
20100114,3506.75,3553.80,3500.91,3553.33,11710568974.00,1552.11
20100115,3557.30,3577.37,3537.44,3566.95,9798920866.00,1331.04
20100118,3556.85,3592.41,3547.65,3592.41,11025777150.00,1482.99
20100119,3597.81,3611.87,3586.94,3596.13,10438554250.00,1395.14
20100120,3599.94,3599.94,3470.65,3476.27,12611085704.00,1649.98
20100121,3470.02,3509.68,3451.63,3492.08,9152200011.00,1222.37
20100122,3448.03,3471.22,3376.49,3443.11,11320266595.00,1428.49
20100125,3434.17,3453.45,3401.34,3401.34,6653915556.00,833.18
20100126,3403.81,3403.81,3293.94,3314.04,7844072603.00,983.72
20100127,3314.45,3322.93,3266.95,3272.93,6627850556.00,844.63
20100128,3271.13,3302.09,3250.41,3290.72,6007037752.00,778.58
20100129,3275.23,3338.85,3271.76,3296.25,6841671867.00,882.96
20100201,3291.11,3291.11,3219.49,3249.69,7555886591.00,967.81
20100202,3265.90,3303.17,3239.55,3239.55,6445377231.00,844.29
20100203,3251.35,3314.98,3193.15,3314.98,8280776870.00,1060.45
20100204,3292.99,3334.11,3278.18,3311.13,8056901171.00,981.85
20100205,3240.13,3269.58,3225.77,3246.66,7952757435.00,957.86
20100208,3244.46,3264.46,3230.27,3243.85,5145643434.00,630.69
20100209,3251.08,3268.08,3240.31,3259.36,4840617289.00,567.83
20100210,3283.41,3304.30,3274.92,3304.30,4423344035.00,586.64
20100211,3306.24,3322.63,3302.67,3306.50,4442484506.00,557.19
20100212,3317.87,3341.28,3317.16,3340.35,4378500689.00,570.00
20100222,3337.64,3352.56,3323.76,3325.72,5087827239.00,633.00
20100223,3318.75,3318.75,3256.94,3304.73,6214752845.00,830.99
20100224,3284.22,3354.08,3282.31,3354.08,7120691264.00,882.44
20100225,3361.38,3401.67,3361.38,3401.04,9014139335.00,1145.71
20100226,3394.21,3411.13,3389.27,3393.73,7242717081.00,927.95
20100301,3400.70,3439.29,3400.70,3435.80,8246784069.00,1047.24
20100302,3438.60,3450.51,3412.90,3425.92,8052487622.00,1019.31
20100303,3427.34,3454.35,3411.81,3454.35,9039462766.00,1118.27
20100304,3457.56,3463.21,3353.54,3359.89,9766062519.00,1209.82
20100305,3362.45,3386.53,3346.63,3370.19,6823104023.00,829.86
20100308,3378.69,3404.14,3375.08,3397.86,6048354185.00,747.64
20100309,3397.13,3423.35,3374.34,3410.99,6948553027.00,873.96
20100310,3416.37,3423.15,3369.78,3381.73,6622511431.00,827.03
20100311,3383.98,3399.56,3352.22,3374.88,6148182925.00,776.35
20100312,3381.78,3381.78,3330.22,3330.22,5317241647.00,661.19
20100315,3328.14,3328.14,3273.30,3284.13,4949611807.00,613.86
20100316,3284.20,3306.33,3269.61,3306.33,4209116268.00,528.49
20100317,3315.54,3381.46,3313.65,3381.46,6548037500.00,836.30
20100318,3386.83,3400.28,3369.37,3376.10,6995439420.00,876.93
20100319,3378.95,3400.80,3362.46,3399.99,6646162309.00,831.82
20100322,3404.52,3418.81,3395.91,3413.09,7313910496.00,905.24
20100323,3415.53,3417.50,3382.68,3384.73,6810819782.00,854.36
20100324,3390.88,3405.65,3385.12,3389.79,6692853476.00,835.42
20100325,3383.65,3383.65,3340.66,3343.02,6754923842.00,846.14
20100326,3339.32,3399.49,3337.16,3390.87,6911343523.00,863.96
20100329,3410.80,3466.57,3410.80,3465.11,10445907009.00,1305.61
20100330,3466.79,3477.58,3459.88,3474.65,7716106277.00,1011.63
20100331,3476.88,3476.88,3452.43,3458.85,7622875219.00,986.81
20100401,3462.42,3506.09,3462.42,3505.28,9620083118.00,1242.96
20100402,3512.56,3521.23,3505.28,3518.28,9500057497.00,1253.67
20100406,3532.34,3541.63,3498.31,3516.54,8519365074.00,1154.93
20100407,3514.98,3518.82,3488.37,3504.35,7347232978.00,992.01
20100408,3498.84,3500.79,3464.53,3472.34,8722243219.00,1183.17
20100409,3474.39,3511.34,3473.49,3511.34,7907572441.00,1094.48
20100412,3520.38,3523.04,3476.43,3499.68,10723426999.00,1461.47
20100413,3499.80,3537.87,3465.67,3525.98,11591087129.00,1608.72
20100414,3527.07,3543.00,3517.07,3543.00,8461542284.00,1198.72
20100415,3546.05,3550.03,3504.06,3525.82,8267313176.00,1151.80
20100416,3519.11,3519.11,3482.47,3492.53,6527098208.00,893.35
20100419,3451.97,3451.97,3319.38,3319.59,11082064320.00,1431.80
20100420,3319.65,3331.51,3286.45,3331.51,8564504692.00,1140.89
20100421,3336.74,3404.44,3336.74,3404.44,9785832096.00,1333.87
20100422,3390.91,3403.31,3351.96,3375.44,9976281783.00,1346.87
20100423,3371.36,3395.09,3339.15,3356.60,8546531157.00,1198.73
20100426,3361.22,3373.40,3339.88,3344.26,7221010937.00,1011.39
20100427,3335.00,3335.00,3229.28,3273.23,8696500697.00,1126.79
20100428,3241.87,3278.50,3231.88,3255.82,6343775527.00,847.44
20100429,3280.89,3281.85,3206.05,3206.05,6990045987.00,939.86
20100430,3204.18,3204.18,3145.83,3194.53,7337924513.00,938.91
20100504,3131.11,3190.03,3131.11,3155.86,5267284697.00,672.53
20100505,3118.50,3186.56,3097.22,3186.56,7515661693.00,984.92
20100506,3168.31,3168.31,3051.10,3051.17,7643939085.00,1014.79
20100507,2987.60,3046.88,2973.52,2994.88,7795561129.00,975.01
20100510,2998.72,3021.36,2940.05,2999.83,6634262989.00,843.21
20100511,3059.82,3059.82,2928.46,2935.92,7405663987.00,907.19
20100512,2914.67,2960.31,2885.40,2939.77,6622675930.00,782.99
20100513,2939.95,3013.33,2933.12,3013.33,6821479877.00,799.65
20100514,2992.30,3020.19,2978.89,3001.51,5774717416.00,695.29
20100517,2961.65,2961.65,2839.35,2839.35,6740927581.00,760.98
20100518,2834.07,2900.03,2805.38,2890.35,6799225814.00,744.97
20100519,2868.06,2924.42,2847.37,2884.40,5740592853.00,656.99
20100520,2861.08,2916.30,2843.22,2844.44,5659970409.00,667.76
20100521,2771.41,2887.95,2771.41,2887.95,6826113819.00,764.65
20100524,2907.58,3006.83,2907.58,2998.06,9352272041.00,1094.32
20100525,2977.01,2981.36,2926.29,2944.58,7579356639.00,873.99
20100526,2943.51,2963.76,2927.43,2947.05,5515343700.00,642.18
20100527,2940.80,2998.84,2906.08,2994.39,7122422653.00,813.99
20100528,3021.13,3021.13,2978.47,2990.37,7085992409.00,833.86
20100531,2975.96,2996.85,2911.04,2911.04,6333669559.00,745.96
20100601,2890.34,2906.83,2841.26,2876.49,6113123814.00,690.54
20100602,2861.10,2894.01,2831.47,2894.01,5314522657.00,595.72
20100603,2906.28,2927.80,2875.59,2875.59,5869211329.00,677.98
20100604,2860.48,2887.85,2851.61,2886.94,4856582036.00,554.91
20100607,2832.75,2861.15,2820.54,2844.55,5623438836.00,645.98
20100608,2843.14,2866.71,2828.78,2851.94,5243289255.00,614.35
20100609,2864.63,2932.60,2844.56,2932.60,8026637140.00,905.87
20100610,2912.34,2930.87,2901.92,2908.28,7069604183.00,741.72
20100611,2923.33,2937.82,2909.08,2910.09,5944944484.00,662.57
20100617,2929.45,2929.45,2888.10,2888.10,4485560802.00,523.11
20100618,2883.24,2891.51,2814.02,2825.24,5529871835.00,637.09
20100621,2825.85,2910.20,2812.73,2910.20,6805413422.00,743.51
20100622,2902.88,2927.29,2902.88,2918.05,5522113594.00,600.93
20100623,2903.49,2922.88,2869.52,2894.15,4933172670.00,548.03
20100624,2896.61,2918.68,2881.09,2894.83,3988982850.00,451.41
20100625,2881.77,2891.80,2854.62,2869.82,4182617385.00,468.13
20100628,2867.52,2880.12,2838.18,2843.92,3646717309.00,406.55
20100629,2843.45,2843.45,2712.49,2712.49,6337388334.00,645.61
20100630,2688.15,2692.20,2664.92,2684.51,4736806161.00,466.58
20100701,2679.35,2690.12,2644.25,2644.54,4144922150.00,423.04
20100702,2641.01,2648.83,2567.58,2645.43,5622190264.00,550.49
20100705,2617.32,2636.43,2594.31,2625.92,3985208053.00,387.75
20100706,2618.39,2681.70,2618.39,2681.70,5048892618.00,497.70
20100707,2681.32,2704.60,2669.64,2704.60,4779454432.00,489.34
20100708,2714.22,2721.93,2686.34,2695.62,4397438777.00,452.95
20100709,2698.31,2782.90,2680.89,2770.52,7264142585.00,755.74
20100712,2770.53,2807.96,2770.53,2797.56,7072459200.00,754.93
20100713,2772.27,2772.27,2738.92,2758.26,5626090145.00,586.37
20100714,2764.00,2803.86,2764.00,2776.92,6031473812.00,627.49
20100715,2773.24,2802.40,2728.02,2728.02,5327172437.00,539.73
20100716,2715.28,2735.96,2690.65,2735.96,4630794341.00,465.39
20100719,2711.07,2808.60,2711.07,2800.68,6472534008.00,697.47
20100720,2803.82,2864.62,2803.82,2863.67,9144051930.00,978.19
20100721,2866.74,2886.51,2860.31,2871.03,8942296703.00,931.07
20100722,2861.51,2904.81,2861.51,2904.81,7619358031.00,780.33
20100723,2910.33,2923.46,2890.99,2914.34,7947795448.00,847.74
20100726,2919.46,2936.58,2901.46,2936.58,6858270058.00,744.66
20100727,2929.57,2939.89,2919.04,2925.52,6512714644.00,723.41
20100728,2925.88,2994.85,2915.22,2994.85,10028335225.00,1045.85
20100729,2998.86,3016.39,2988.93,3009.46,10718673300.00,1108.10
20100730,3002.86,3005.24,2975.68,3000.24,7255663186.00,793.87
20100802,3000.47,3053.98,3000.47,3052.21,8698632991.00,947.73
20100803,3059.41,3062.86,2998.47,2998.47,9550480369.00,1055.63
20100804,2989.60,3014.68,2953.05,3014.68,8685034606.00,950.39
20100805,3013.54,3021.39,2981.47,2999.67,8801838775.00,982.17
20100806,2996.76,3050.90,2975.74,3050.90,9643726397.00,1082.79
20100809,3048.93,3077.29,3047.14,3076.09,9407549037.00,1103.00
20100810,3077.29,3077.29,2981.59,2981.91,9810273989.00,1108.89
20100811,2971.72,3013.80,2971.72,3002.99,6696783719.00,768.95
20100812,2973.69,3010.18,2965.48,2965.95,7074549028.00,822.60
20100813,2967.84,3009.26,2955.17,3009.26,6779144229.00,787.83
20100816,3005.87,3081.49,3005.87,3079.19,9758932322.00,1142.46
20100817,3084.85,3105.61,3081.38,3100.64,9501081975.00,1110.90
20100818,3103.98,3116.19,3082.73,3095.18,8860888155.00,1052.51
20100819,3097.75,3129.11,3084.86,3109.36,9275420008.00,1122.01
20100820,3097.05,3103.72,3048.80,3048.80,8788756453.00,1056.45
20100823,3046.60,3072.49,3044.49,3053.71,6605902654.00,805.12
20100824,3046.45,3090.45,3029.53,3073.39,7896581212.00,883.45
20100825,3054.65,3066.23,3006.96,3006.96,8001716138.00,888.77
20100826,3016.02,3032.32,3002.02,3017.88,6440526589.00,716.40
20100827,3014.67,3028.71,3001.95,3028.56,5468241646.00,642.43
20100830,3044.13,3094.93,3044.13,3091.81,8480962128.00,1025.99
20100831,3082.72,3091.40,3071.22,3086.88,8743985415.00,1073.72
20100901,3092.31,3110.14,3041.91,3062.18,9717717919.00,1173.18
20100902,3095.17,3112.23,3084.26,3106.19,9293545494.00,1173.66
20100903,3111.70,3118.25,3084.33,3112.84,9876465822.00,1213.90
20100906,3128.57,3159.88,3123.53,3155.34,11284874996.00,1340.53
20100907,3158.80,3166.98,3138.13,3164.77,9081518673.00,1064.57
20100908,3150.95,3167.28,3140.72,3167.21,8995777019.00,1114.21
20100909,3173.71,3173.71,3109.36,3111.94,10439761907.00,1298.81
20100910,3112.83,3127.97,3075.36,3125.91,8546720646.00,1104.80
20100913,3123.75,3174.43,3123.75,3162.69,8807698721.00,1164.57
20100914,3172.03,3180.24,3159.27,3170.47,9559996237.00,1202.01
20100915,3170.98,3170.98,3110.34,3117.92,9737210910.00,1168.01
20100916,3113.16,3120.40,3029.12,3055.28,9319932317.00,1109.96
20100917,3061.46,3073.76,3045.07,3059.89,6643482757.00,812.68
20100920,3063.86,3069.35,3024.55,3044.70,6455029936.00,739.39
20100921,3053.91,3060.71,3035.81,3049.90,4675458406.00,570.12
20100927,3062.00,3105.06,3059.09,3105.06,6192615768.00,766.03
20100928,3101.47,3101.47,3079.80,3083.54,7577362068.00,978.54
20100929,3079.27,3099.96,3066.63,3068.44,7132085101.00,900.86
20100930,3051.74,3125.96,3051.74,3125.96,6984232993.00,883.17
20101008,3155.82,3239.29,3155.82,3229.33,10806672981.00,1427.36
20101011,3252.27,3317.19,3252.27,3300.22,17082200038.00,2265.49
20101012,3289.51,3332.31,3289.51,3332.31,14204477462.00,1913.45
20101013,3335.06,3370.14,3320.51,3370.14,15668700374.00,2100.32
20101014,3395.23,3414.41,3350.00,3350.26,18253653323.00,2333.68
20101015,3331.48,3435.01,3331.48,3435.01,19164484728.00,2467.91
20101018,3449.99,3475.23,3400.62,3408.21,21907770508.00,2677.89
20101019,3405.14,3490.31,3391.43,3490.31,14336738709.00,1826.14
20101020,3420.87,3552.30,3420.87,3517.90,17964312124.00,2504.69
20101021,3525.44,3533.06,3472.50,3498.06,13567099221.00,1876.94
20101022,3492.14,3528.06,3476.86,3508.58,13377190427.00,1820.32
20101025,3518.45,3607.23,3507.60,3607.23,16644048466.00,2330.40
20101026,3616.92,3620.72,3569.11,3599.71,16570423449.00,2306.49
20101027,3589.54,3625.71,3538.57,3538.57,14657190892.00,2031.77
20101028,3525.81,3551.46,3510.65,3532.10,11512018011.00,1590.64
20101029,3535.02,3545.45,3496.30,3526.78,12050259892.00,1712.32
20101101,3538.92,3623.33,3538.92,3623.33,15263460139.00,2192.89
20101102,3635.15,3652.52,3602.50,3608.83,17945267820.00,2610.16
20101103,3606.20,3619.48,3566.71,3566.81,14371050529.00,1997.31
20101104,3573.72,3635.94,3571.38,3635.94,14045407160.00,1918.40
20101105,3689.20,3689.20,3663.26,3682.67,16708820438.00,2337.40
20101108,3697.56,3724.45,3680.35,3724.45,16003684064.00,2188.69
20101109,3724.23,3724.23,3689.10,3709.14,15448360051.00,2143.14
20101110,3693.42,3695.55,3665.64,3691.22,14878835094.00,2160.50
20101111,3681.96,3751.56,3681.96,3696.42,17151397731.00,2524.74
20101112,3671.90,3680.66,3467.32,3474.60,19225379917.00,2676.56
20101115,3482.55,3520.21,3442.26,3520.21,12577626075.00,1765.81
20101116,3518.60,3518.60,3362.44,3380.51,13702074440.00,1943.73
20101117,3331.44,3363.41,3283.52,3292.29,10164597303.00,1432.43
20101118,3320.32,3343.31,3284.11,3337.74,7941864270.00,1121.49
20101119,3358.69,3388.37,3291.55,3388.37,10313654260.00,1429.67
20101122,3359.66,3420.91,3359.66,3391.03,10880396994.00,1505.81
20101123,3376.10,3376.10,3279.17,3325.33,9795586403.00,1338.00
20101124,3305.67,3404.96,3305.67,3404.96,9631893170.00,1372.02
20101125,3425.96,3453.27,3404.97,3449.40,10724593800.00,1499.77
20101126,3440.60,3449.62,3394.82,3424.44,8546412555.00,1238.87
20101129,3414.98,3437.09,3395.84,3429.28,7911520394.00,1173.19
20101130,3426.78,3442.37,3291.50,3366.10,11479825111.00,1584.15
20101201,3355.42,3374.06,3344.35,3362.90,6643620012.00,918.54
20101202,3411.94,3413.18,3378.28,3378.30,7884554305.00,1127.55
20101203,3384.20,3389.14,3350.68,3374.92,6522099293.00,918.80
20101206,3384.23,3392.82,3346.39,3368.88,6820655014.00,974.10
20101207,3356.86,3416.74,3317.18,3408.74,6928051229.00,1003.70
20101208,3403.44,3427.63,3381.25,3385.67,7025912662.00,1033.15
20101209,3369.49,3378.79,3333.42,3333.42,7729502756.00,997.41
20101210,3317.07,3377.75,3317.07,3374.63,6554799277.00,902.72
20101213,3390.30,3477.24,3390.30,3477.24,10832402138.00,1495.17
20101214,3486.79,3497.19,3479.13,3493.04,10146521886.00,1413.38
20101215,3493.83,3503.37,3464.16,3469.07,8707298850.00,1266.56
20101216,3467.01,3481.05,3446.00,3453.24,6863412129.00,953.33
20101217,3451.52,3455.19,3438.33,3450.19,5557025392.00,812.83
20101220,3463.91,3466.53,3338.43,3400.72,9054082736.00,1306.33
20101221,3406.68,3463.41,3387.71,3463.25,8415418365.00,1220.42
20101222,3466.36,3471.48,3425.87,3427.32,7836574390.00,1102.92
20101223,3421.96,3431.30,3385.39,3389.75,6974228253.00,964.62
20101224,3372.41,3383.27,3337.69,3356.05,6088451852.00,824.13
20101227,3379.99,3408.69,3280.93,3285.16,7604986584.00,1083.11
20101228,3268.64,3268.64,3221.49,3225.74,6189173203.00,838.54
20101229,3229.41,3254.09,3216.61,3254.09,5026795528.00,685.92
20101230,3254.80,3270.75,3226.91,3258.79,5784505671.00,783.21
20101231,3264.36,3325.14,3264.36,3325.14,6431623105.00,964.62
20110104,3350.05,3380.49,3334.09,3378.00,8686871178.00,1318.46
20110105,3359.99,3381.35,3359.13,3367.17,8290532508.00,1243.32
20110106,3369.41,3386.44,3340.78,3346.81,6511627055.00,1003.10
20110107,3342.98,3388.67,3331.59,3351.11,8304514464.00,1158.70
20110110,3346.65,3360.54,3280.00,3282.26,6981640776.00,954.41
20110111,3269.73,3295.73,3254.32,3289.64,5999940359.00,806.89
20110112,3299.12,3314.89,3269.54,3306.69,5883895756.00,745.45
20110113,3319.50,3319.50,3295.05,3308.21,5670283398.00,737.36
20110114,3297.71,3297.71,3249.91,3255.20,6026152460.00,795.72
20110117,3230.82,3232.16,3133.81,3134.00,7184400141.00,926.99
20110118,3124.71,3146.13,3109.55,3142.21,4592431965.00,590.66
20110119,3143.56,3212.04,3138.47,3212.04,5951359685.00,772.79
20110120,3204.77,3204.77,3105.92,3105.92,6700965396.00,829.20
20110121,3096.03,3179.31,3096.03,3139.91,7346680402.00,870.40
20110124,3142.32,3154.45,3095.57,3102.18,6898866238.00,813.51
20110125,3097.83,3102.23,3065.18,3083.89,5165519386.00,616.24
20110126,3084.51,3130.72,3084.51,3127.97,4624542219.00,563.71
20110127,3104.82,3188.93,3095.26,3181.11,8067205922.00,974.41
20110128,3175.16,3202.36,3172.84,3197.11,6389337035.00,810.87
20110131,3195.54,3238.05,3192.76,3238.05,6841076049.00,857.01
20110201,3243.25,3244.99,3224.86,3237.95,5156136593.00,682.66
20110209,3216.59,3249.03,3205.96,3208.31,6249982396.00,804.83
20110210,3202.45,3277.96,3198.02,3277.96,7258665110.00,942.65
20110211,3275.10,3305.87,3275.10,3296.65,8052463201.00,1060.61
20110214,3299.57,3395.04,3299.57,3388.47,12408544379.00,1595.84
20110215,3392.76,3422.39,3384.73,3385.37,11567710483.00,1532.27
20110216,3379.08,3421.26,3374.14,3421.26,10043939716.00,1388.66
20110217,3427.29,3439.32,3395.82,3424.45,10019408449.00,1411.59
20110218,3418.21,3419.78,3380.41,3390.70,8477629634.00,1151.71
20110221,3370.00,3441.34,3370.00,3441.34,9222166734.00,1227.10
20110222,3449.74,3449.74,3344.85,3344.85,11781797430.00,1592.29
20110223,3332.99,3367.35,3332.99,3362.40,8547279056.00,1140.08
20110224,3357.54,3380.18,3354.08,3380.18,8102014535.00,1095.05
20110225,3379.81,3398.15,3353.74,3389.24,7520168129.00,1034.29
20110228,3393.01,3434.77,3372.48,3434.77,9112906460.00,1251.29
20110301,3437.44,3467.76,3433.46,3450.55,10267729330.00,1429.51
20110302,3432.68,3452.50,3403.47,3439.78,9371010957.00,1296.67
20110303,3443.87,3464.82,3412.89,3412.98,11221765206.00,1464.83
20110304,3413.99,3461.20,3408.70,3460.69,8955457092.00,1196.81
20110307,3477.21,3522.35,3477.21,3521.46,12852175180.00,1822.17
20110308,3522.18,3528.50,3507.05,3528.50,10040436685.00,1438.70
20110309,3534.42,3544.28,3520.41,3531.72,9333509441.00,1321.78
20110310,3524.31,3524.31,3475.86,3475.96,9312977201.00,1387.03
20110311,3458.29,3491.96,3448.13,3448.54,8719379439.00,1260.34
20110314,3441.71,3470.91,3437.68,3470.91,8542645923.00,1231.76
20110315,3459.72,3459.72,3362.39,3413.16,11726160304.00,1575.68
20110316,3413.04,3461.43,3413.04,3459.80,9915478228.00,1359.76
20110317,3427.59,3447.39,3395.67,3404.95,10360850016.00,1395.23
20110318,3435.51,3438.61,3416.36,3421.50,7434625779.00,1044.65
20110321,3425.31,3435.21,3394.06,3407.22,7107226865.00,992.47
20110322,3417.68,3426.10,3376.07,3422.65,7152185528.00,982.46
20110323,3422.14,3463.84,3421.48,3463.50,8059754383.00,1093.51
20110324,3468.27,3470.08,3451.52,3452.57,7622358034.00,1051.92
20110325,3455.73,3497.55,3455.73,3490.65,10096314909.00,1368.61
20110328,3502.05,3514.81,3477.73,3480.50,11053118210.00,1514.39
20110329,3478.02,3489.95,3441.56,3441.61,11915821078.00,1514.84
20110330,3440.29,3456.08,3417.86,3435.28,9175823506.00,1186.21
20110331,3436.66,3442.18,3394.70,3401.61,7610379595.00,986.80
20110401,3404.13,3447.59,3399.91,3447.59,7064325257.00,928.70
20110406,3443.67,3476.48,3442.74,3473.80,10890147509.00,1419.58
20110407,3475.92,3491.56,3465.70,3491.56,9254703817.00,1211.96
20110408,3488.67,3524.68,3486.47,3524.68,8661992295.00,1206.82
20110411,3534.10,3544.20,3502.39,3502.93,11340697451.00,1489.74
20110412,3495.91,3520.38,3489.17,3502.50,11601348203.00,1336.48
20110413,3487.98,3546.85,3479.94,3546.85,9837022659.00,1196.51
20110414,3548.81,3552.42,3525.11,3529.04,9986221145.00,1193.74
20110415,3520.40,3544.04,3495.25,3528.78,9108384734.00,1097.11
20110418,3516.44,3536.33,3512.28,3530.71,9858454522.00,1191.92
20110419,3507.79,3507.79,3465.06,3471.24,10218720642.00,1222.36
20110420,3474.58,3488.86,3461.43,3476.86,8525922929.00,1077.79
20110421,3493.45,3507.94,3488.10,3500.14,8697495823.00,1113.26
20110422,3500.73,3504.99,3479.88,3485.13,8734686538.00,1044.71
20110425,3478.35,3478.35,3432.40,3432.40,9271822069.00,1169.72
20110426,3423.97,3436.09,3391.72,3402.92,7166350703.00,885.72
20110427,3414.26,3427.76,3367.78,3382.76,7568214913.00,876.69
20110428,3397.28,3401.98,3322.82,3322.82,7838754456.00,922.65
20110429,3321.68,3359.44,3308.57,3359.44,6324300859.00,718.88
20110503,3360.03,3387.05,3336.15,3386.81,6714910462.00,751.96
20110504,3368.85,3368.85,3299.17,3304.67,7978920173.00,955.52
20110505,3289.76,3310.73,3286.22,3302.99,6298070918.00,733.37
20110506,3272.26,3319.43,3266.76,3304.20,6795949973.00,807.62
20110509,3309.16,3334.06,3306.65,3317.29,5888747534.00,702.57
20110510,3322.27,3338.92,3307.92,3338.92,5107160289.00,629.11
20110511,3339.17,3349.80,3316.74,3332.25,6126071248.00,731.29
20110512,3310.13,3326.40,3285.83,3285.83,6386845931.00,756.94
20110513,3288.11,3310.11,3267.71,3310.11,6068939610.00,707.51
20110516,3302.93,3317.19,3283.61,3284.08,5619752877.00,648.39
20110517,3280.78,3313.28,3261.97,3294.85,6478648144.00,764.81
20110518,3287.62,3325.26,3285.45,3320.65,5301862525.00,627.16
20110519,3328.94,3334.86,3300.95,3301.68,5524900735.00,646.59
20110520,3300.91,3309.84,3290.01,3298.65,4723881304.00,572.71
20110523,3292.46,3292.46,3193.32,3193.32,6770644231.00,772.03
20110524,3182.70,3194.68,3162.59,3194.68,5183932446.00,626.08
20110525,3189.00,3198.71,3155.16,3155.73,4790477849.00,549.66
20110526,3176.36,3183.49,3138.51,3138.73,4809002767.00,569.83
20110527,3139.89,3147.08,3109.19,3109.78,5328406261.00,601.19
20110530,3101.46,3126.84,3085.77,3096.27,4249037669.00,485.05
20110531,3100.38,3150.15,3091.24,3150.15,4612489621.00,546.40
20110601,3144.94,3159.34,3139.09,3159.34,4656560648.00,548.33
20110602,3124.65,3138.01,3082.75,3110.61,5984016560.00,675.26
20110603,3106.96,3150.59,3106.96,3145.23,4629194914.00,556.07
20110607,3138.13,3164.09,3138.13,3164.09,4418810956.00,545.67
20110608,3162.30,3167.36,3122.12,3167.11,4820766483.00,552.78
20110609,3159.07,3159.55,3106.15,3106.15,5571746683.00,618.58
20110610,3100.84,3117.17,3081.95,3116.92,5056146732.00,568.72
20110613,3094.72,3109.69,3075.07,3104.33,4409694034.00,509.71
20110614,3101.76,3153.12,3101.76,3149.03,6128865992.00,704.48
20110615,3140.25,3155.98,3118.75,3118.75,5259328543.00,618.57
20110616,3094.34,3098.15,3070.26,3070.26,4897641224.00,539.39
20110617,3068.21,3083.74,3041.05,3041.05,4732656599.00,561.44
20110620,3036.87,3037.28,3004.77,3015.99,4352318545.00,503.76
20110621,3024.00,3052.08,3019.31,3052.08,4622239289.00,541.59
20110622,3056.58,3065.24,3040.68,3051.88,4381972795.00,493.40
20110623,3042.22,3105.86,3032.68,3104.20,5519414875.00,647.75
20110624,3093.19,3191.69,3093.19,3176.48,9594870705.00,1149.47
20110627,3177.53,3203.68,3171.34,3188.96,7271797345.00,869.77
20110628,3192.34,3197.16,3164.59,3192.93,6059461461.00,764.64
20110629,3190.11,3195.04,3149.87,3149.87,6230218206.00,712.22
20110630,3151.75,3204.48,3151.75,3195.32,6885091020.00,800.73
20110701,3204.25,3218.89,3191.22,3200.74,6549925926.00,788.57
20110704,3215.19,3276.69,3215.19,3276.69,9289932062.00,1127.83
20110705,3278.37,3280.47,3261.91,3279.66,7882768132.00,930.24
20110706,3273.57,3276.85,3247.97,3276.49,7448024844.00,886.27
20110707,3283.87,3303.47,3266.18,3266.26,8548339810.00,1059.74
20110708,3268.42,3281.78,3259.24,3270.09,6045518013.00,735.92
20110711,3259.82,3286.87,3252.24,3281.32,6073236664.00,756.08
20110712,3249.82,3256.58,3225.94,3225.98,7132406972.00,853.67
20110713,3228.73,3280.00,3228.73,3278.99,6910387128.00,847.97
20110714,3285.39,3295.23,3267.06,3291.41,7579873361.00,964.25
20110715,3282.38,3309.42,3277.78,3309.42,7826383944.00,972.78
20110718,3313.29,3320.40,3294.73,3304.05,7533819201.00,939.82
20110719,3289.14,3289.14,3266.32,3270.16,6559861226.00,819.35
20110720,3288.96,3288.96,3248.82,3267.53,5620546622.00,693.16
20110721,3267.92,3267.92,3233.88,3233.88,5697496178.00,707.51
20110722,3240.47,3257.60,3236.99,3244.34,4914135370.00,624.27
20110725,3227.91,3228.32,3129.65,3138.60,8087596366.00,916.34
20110726,3135.23,3149.07,3131.35,3149.02,5292591105.00,596.99
20110727,3134.63,3175.93,3128.57,3175.93,5743272538.00,675.83
20110728,3150.94,3155.90,3128.93,3153.23,5668847721.00,689.38
20110729,3161.93,3161.93,3124.80,3138.43,5229704263.00,605.51
20110801,3126.66,3154.97,3126.66,3144.43,4063695984.00,484.37
20110802,3127.26,3127.26,3081.85,3119.99,4804781690.00,573.96
20110803,3092.32,3131.98,3092.32,3119.35,4676560689.00,571.02
20110804,3127.19,3144.95,3119.80,3127.57,4180047805.00,501.82
20110805,3044.77,3079.63,3044.77,3063.34,5849095555.00,684.86
20110808,3027.99,3048.57,2901.57,2947.83,8302780991.00,930.69
20110809,2869.18,2962.88,2851.61,2949.15,7894956618.00,864.86
20110810,2998.31,3009.01,2976.40,2979.74,6831002886.00,777.80
20110811,2930.73,3025.67,2930.73,3025.67,7050218888.00,802.37
20110812,3041.87,3054.42,3035.61,3040.21,6934805402.00,745.22
20110815,3048.45,3084.04,3037.95,3084.04,7022038915.00,717.76
20110816,3087.21,3096.50,3053.70,3062.62,6065762063.00,669.78
20110817,3058.97,3074.70,3046.04,3050.42,4753722872.00,498.50
20110818,3051.15,3051.15,2996.24,2996.89,5071576705.00,558.43
20110819,2946.30,2971.83,2941.68,2968.33,5125422040.00,563.97
20110822,2968.65,2988.25,2927.52,2937.25,4207129514.00,486.45
20110823,2947.90,2983.10,2941.79,2983.10,4118644489.00,450.75
20110824,2996.56,3005.28,2972.30,2974.22,4504184237.00,525.47
20110825,2982.17,3061.98,2982.09,3061.98,7739267721.00,804.19
20110826,3047.88,3062.12,3037.37,3061.16,5308116507.00,589.90
20110829,3037.51,3037.51,3012.58,3016.91,5284553017.00,590.11
20110830,3038.01,3060.82,3002.48,3003.92,5274645287.00,567.94
20110831,3005.81,3016.52,2983.46,3006.46,4053544276.00,454.46
20110901,3011.23,3026.65,2984.35,2992.39,3872284196.00,428.46
20110902,2985.69,2993.39,2948.18,2960.15,3669158848.00,395.75
20110905,2936.05,2936.05,2896.25,2896.25,3904516491.00,425.25
20110906,2878.13,2896.49,2864.12,2872.35,3514144609.00,387.13
20110907,2885.82,2929.80,2879.48,2929.80,4003246106.00,438.63
20110908,2940.03,2940.03,2905.83,2905.83,3335728831.00,373.98
20110909,2917.24,2937.13,2889.84,2897.18,3200672275.00,354.22
20110913,2851.99,2867.30,2844.02,2861.50,3171947790.00,346.88
20110914,2872.19,2878.39,2818.68,2875.97,3501136056.00,369.06
20110915,2877.66,2897.34,2872.72,2872.72,3656229539.00,373.70
20110916,2887.04,2896.37,2874.19,2876.55,3101692761.00,320.90
20110919,2861.71,2861.71,2821.77,2821.77,3209589671.00,313.77
20110920,2816.68,2843.75,2808.68,2833.74,2991530457.00,304.86
20110921,2835.42,2921.29,2822.85,2918.01,6168060949.00,632.06
20110922,2891.85,2900.12,2831.71,2831.71,5033971612.00,506.32
20110923,2788.98,2824.63,2781.38,2814.18,4603886595.00,490.21
20110926,2792.18,2823.49,2750.51,2755.16,4262742856.00,431.01
20110927,2779.05,2791.71,2759.15,2781.15,3854096076.00,400.36
20110928,2797.94,2800.41,2747.50,2751.05,3842755613.00,397.69
20110929,2733.94,2744.04,2710.03,2714.61,4137435792.00,408.74
20110930,2721.38,2732.64,2696.20,2707.80,3557161919.00,345.18
20111010,2714.51,2714.51,2683.48,2686.48,3068874410.00,295.37
20111011,2754.57,2754.57,2657.35,2680.97,4742388090.00,480.49
20111012,2667.87,2775.01,2655.13,2775.01,6846641267.00,639.66
20111013,2768.13,2806.05,2768.13,2798.37,6556004286.00,607.17
20111014,2791.26,2798.78,2765.32,2788.06,4242502452.00,408.20
20111017,2794.14,2818.85,2789.87,2803.11,4095075658.00,428.06
20111018,2783.58,2784.73,2727.90,2728.17,4573909816.00,454.86
20111019,2735.13,2748.06,2716.16,2717.07,3541676088.00,365.92
20111020,2701.42,2701.42,2629.66,2647.47,4450075101.00,436.63
20111021,2648.45,2659.50,2629.54,2629.68,3252261254.00,320.03
20111024,2638.40,2697.42,2618.84,2697.42,4988818442.00,472.20
20111025,2693.82,2756.60,2685.08,2751.02,6406322868.00,630.41
20111026,2738.09,2805.70,2738.09,2778.84,8166951949.00,784.60
20111027,2786.40,2801.53,2779.80,2786.11,5922140486.00,567.82
20111028,2822.56,2847.51,2818.27,2839.65,8042979890.00,818.41
20111031,2835.74,2844.05,2816.49,2831.53,6093957984.00,634.18
20111101,2808.16,2860.08,2808.16,2835.57,6535446963.00,661.76
20111102,2794.66,2886.32,2793.35,2886.32,8050198569.00,815.41
20111103,2897.06,2925.72,2890.75,2890.75,10449929198.00,1106.85
20111104,2915.40,2921.55,2897.93,2909.82,7291600962.00,749.40
20111107,2897.82,2917.65,2883.46,2884.56,5504794179.00,571.33
20111108,2891.27,2901.15,2865.57,2869.68,5646908008.00,552.02
20111109,2880.07,2899.15,2851.66,2899.15,5740980596.00,583.48
20111110,2867.27,2876.89,2848.22,2848.63,6278415718.00,634.35
20111111,2852.99,2860.88,2837.95,2843.06,4731136632.00,487.73
20111114,2866.76,2902.25,2866.76,2902.25,5892771989.00,638.82
20111115,2899.72,2908.04,2889.32,2901.35,5480966342.00,592.82
20111116,2902.57,2902.57,2813.07,2824.44,7068852265.00,702.83
20111117,2825.73,2842.90,2814.81,2816.50,4625881158.00,475.17
20111118,2797.94,2798.57,2752.25,2754.95,5247532413.00,534.65
20111121,2755.77,2759.42,2735.36,2755.96,3436651854.00,366.84
20111122,2737.43,2756.39,2728.60,2756.06,3584613819.00,375.82
20111123,2759.99,2760.23,2734.61,2734.76,3621340474.00,379.30
20111124,2715.43,2753.97,2708.41,2739.47,3744010154.00,384.63
20111125,2736.08,2747.53,2717.09,2719.72,3107141581.00,339.13
20111128,2727.52,2735.95,2711.92,2723.15,3300227328.00,362.62
20111129,2740.86,2759.81,2731.65,2759.81,3850654684.00,431.01
20111130,2752.48,2752.48,2653.05,2666.10,5335007446.00,523.03
20111201,2741.31,2771.63,2720.68,2726.58,7200540516.00,739.63
20111202,2714.08,2714.08,2682.57,2694.22,4042135963.00,409.08
20111205,2696.32,2696.32,2643.39,2644.80,3908348041.00,390.18
20111206,2638.27,2646.79,2623.37,2640.13,3180688403.00,319.21
20111207,2640.48,2657.44,2634.28,2652.83,2874344924.00,289.08
20111208,2649.04,2669.52,2617.04,2650.41,3491930448.00,350.29
20111209,2631.44,2645.45,2620.01,2627.55,2875976762.00,299.57
20111212,2623.34,2626.14,2600.91,2602.38,2660577393.00,255.83
20111213,2591.50,2591.50,2537.49,2540.71,4284046629.00,389.28
20111214,2533.11,2547.31,2509.08,2514.09,3116824093.00,282.10
20111215,2498.08,2498.08,2455.53,2455.66,4410459750.00,387.17
20111216,2454.46,2508.89,2449.56,2508.89,4190972967.00,380.59
20111219,2490.00,2507.16,2444.83,2506.20,4403906399.00,391.81
20111220,2498.62,2528.29,2498.62,2499.01,4016831449.00,369.41
20111221,2518.68,2525.05,2458.15,2458.79,3777268940.00,370.99
20111222,2444.04,2466.76,2405.67,2455.71,4491246255.00,389.22
20111223,2451.32,2494.97,2451.32,2474.48,4003695430.00,359.35
20111226,2463.39,2483.48,2451.78,2451.81,3404937472.00,303.22
20111227,2447.64,2449.22,2414.18,2414.51,3433542084.00,314.94
20111228,2404.18,2414.02,2372.21,2414.02,3719461811.00,325.33
20111229,2403.60,2427.22,2403.60,2420.18,3444172931.00,301.57
20111230,2427.06,2456.24,2427.06,2455.94,4006970237.00,364.99
20120104,2472.73,2472.88,2405.28,2405.48,3929323434.00,358.42
20120105,2396.01,2412.48,2369.13,2371.20,4838066304.00,411.66
20120106,2367.34,2385.19,2346.95,2385.19,3987348941.00,339.40
20120109,2386.25,2465.49,2367.97,2465.49,6061336590.00,537.80
20120110,2462.92,2548.99,2462.92,2548.99,9007710656.00,783.47
20120111,2547.24,2551.90,2526.69,2538.26,6772016961.00,615.83
20120112,2529.25,2563.99,2529.25,2536.15,5403903399.00,510.13
20120113,2538.41,2538.41,2471.99,2485.18,5313582039.00,503.51
20120116,2466.63,2477.35,2431.84,2431.85,3550767815.00,363.02
20120117,2432.74,2549.87,2424.07,2549.87,6902271561.00,646.64
20120118,2553.38,2568.24,2497.66,2505.84,6729661786.00,654.43
20120119,2506.97,2559.74,2505.52,2548.84,5774580747.00,555.80
20120120,2557.23,2591.14,2551.80,2586.49,5747183279.00,572.78
20120130,2591.88,2591.88,2547.66,2547.66,4692289481.00,455.61
20120131,2548.16,2555.52,2534.75,2550.93,3577503874.00,349.25
20120201,2545.53,2567.36,2518.69,2519.90,3958676351.00,398.85
20120202,2527.68,2576.06,2520.78,2576.06,4672767627.00,456.24
20120203,2569.16,2608.76,2564.52,2600.51,5960692756.00,571.95
20120206,2604.79,2615.19,2590.91,2604.43,5407725354.00,528.87
20120207,2589.57,2589.57,2545.01,2557.86,4623788774.00,431.72
20120208,2555.71,2626.98,2554.97,2626.44,6234594455.00,617.89
20120209,2624.09,2643.25,2614.09,2630.26,6957710462.00,672.58
20120210,2622.72,2655.58,2621.96,2634.48,6957645880.00,631.02
20120213,2607.89,2658.43,2604.40,2639.64,6420662767.00,612.32
20120214,2636.62,2637.43,2616.45,2629.84,5186220647.00,502.74
20120215,2624.25,2670.51,2621.05,2661.37,7293094077.00,679.34
20120216,2656.82,2670.08,2632.83,2649.54,7064007353.00,650.46
20120217,2663.78,2663.78,2635.82,2649.00,5001595299.00,479.31
20120220,2683.55,2685.43,2652.56,2652.59,6855363791.00,641.60
20120221,2655.45,2675.58,2634.94,2675.58,6009485036.00,563.39
20120222,2676.74,2711.97,2674.68,2711.97,8918902874.00,850.70
20120223,2710.40,2725.25,2704.63,2719.93,8335886117.00,806.90
20120224,2720.80,2758.58,2716.61,2758.58,9763310224.00,939.85
20120227,2768.20,2802.59,2767.80,2767.80,11776113470.00,1145.38
20120228,2762.89,2778.55,2753.50,2771.09,9144904865.00,860.10
20120229,2765.81,2772.62,2742.16,2743.03,7069569403.00,714.12
20120301,2731.89,2757.94,2731.89,2744.61,5588249090.00,582.33
20120302,2748.92,2789.51,2748.92,2789.51,7697401275.00,756.72
20120305,2797.08,2801.68,2772.67,2772.81,8820329357.00,868.20
20120306,2764.61,2764.61,2727.15,2731.53,7876915884.00,802.93
20120307,2706.38,2739.87,2706.38,2714.50,7331879207.00,753.87
20120308,2723.34,2755.82,2723.34,2747.43,6982749987.00,724.78
20120309,2755.63,2780.04,2745.40,2780.04,7031139553.00,768.55
20120312,2780.22,2783.71,2758.72,2776.51,7628548852.00,832.40
20120313,2775.68,2803.14,2773.02,2803.09,7268780773.00,772.47
20120314,2816.17,2826.78,2710.83,2719.69,13240939553.00,1341.93
20120315,2717.42,2732.09,2691.86,2700.84,8835141362.00,887.49
20120316,2706.49,2745.15,2693.91,2744.96,7433260599.00,798.26
20120319,2739.93,2752.81,2720.11,2752.49,7300342356.00,784.49
20120320,2744.89,2744.89,2702.08,2702.08,7050383859.00,714.73
20120321,2714.26,2724.59,2683.80,2703.25,6990128095.00,708.39
20120322,2702.54,2712.67,2686.84,2697.95,5411281480.00,538.55
20120323,2690.03,2690.58,2657.81,2664.20,5322241989.00,536.07
20120326,2662.08,2672.37,2653.75,2667.02,4111950687.00,419.86
20120327,2676.40,2683.08,2656.56,2658.84,4370396497.00,511.70
20120328,2649.87,2649.87,2575.58,2577.50,5993891519.00,597.43
20120329,2567.08,2572.82,2529.19,2542.52,5391070456.00,522.82
20120330,2546.31,2557.75,2535.22,2551.22,4434100555.00,429.35
20120405,2547.07,2613.33,2546.87,2613.03,6139822633.00,613.57
20120406,2610.25,2623.85,2603.87,2620.70,5155101647.00,529.14
20120409,2611.55,2619.80,2595.00,2595.92,4382232628.00,431.93
20120410,2589.87,2619.57,2558.35,2619.57,5017442931.00,492.34
20120411,2593.80,2636.93,2593.15,2621.74,5170810730.00,492.45
20120412,2624.38,2673.25,2618.75,2673.25,6957503782.00,667.76
20120413,2677.91,2698.57,2674.91,2686.07,6790756899.00,707.98
20120416,2669.44,2690.65,2669.44,2681.12,5668115313.00,524.92
20120417,2678.81,2686.50,2649.73,2649.80,5537655749.00,509.44
20120418,2658.16,2708.13,2657.06,2706.34,7322190898.00,687.13
20120419,2705.49,2713.94,2692.26,2702.18,5943022039.00,641.02
20120420,2697.78,2730.57,2697.78,2730.54,7271828123.00,692.07
20120423,2728.49,2734.98,2705.91,2709.69,7614744229.00,742.82
20120424,2697.04,2739.51,2661.03,2704.75,8874547775.00,842.15
20120425,2698.56,2731.73,2698.56,2729.00,8187086756.00,746.48
20120426,2735.58,2739.16,2721.92,2728.91,7336421238.00,714.28
20120427,2727.24,2733.37,2720.07,2721.29,5990370678.00,599.33
20120502,2755.28,2785.34,2740.51,2774.75,8823891672.00,943.44
20120503,2770.08,2783.98,2768.46,2782.74,6949843909.00,771.86
20120504,2781.33,2807.73,2775.99,2807.73,7434250053.00,798.02
20120507,2791.88,2814.46,2791.88,2814.46,8059333005.00,906.12
20120508,2813.93,2813.93,2788.18,2807.14,7385469078.00,800.23
20120509,2783.93,2783.93,2755.09,2755.23,7012241399.00,763.35
20120510,2755.05,2764.95,2749.57,2755.69,5664663958.00,609.10
20120511,2751.33,2763.42,2737.72,2737.72,5277476815.00,578.14
20120514,2754.68,2754.68,2717.36,2717.59,6530717239.00,688.37
20120515,2699.96,2719.39,2694.26,2719.16,5861097867.00,605.72
20120516,2712.22,2712.74,2677.73,2677.89,5738442032.00,582.69
20120517,2680.43,2720.02,2678.73,2714.85,5818138002.00,582.25
20120518,2697.43,2703.89,2670.23,2674.57,5819784975.00,565.81
20120521,2673.04,2699.85,2663.10,2686.76,5001395837.00,519.31
20120522,2697.82,2724.90,2697.82,2724.90,5323879096.00,574.46
20120523,2718.99,2728.82,2697.47,2712.14,5545794631.00,624.00
20120524,2708.28,2724.88,2686.11,2690.57,5571858485.00,605.36
20120525,2690.07,2692.51,2659.33,2664.76,5235798846.00,518.35
20120528,2655.22,2706.48,2638.67,2706.48,6885172428.00,684.28
20120529,2707.58,2744.58,2707.12,2741.30,8406760146.00,876.03
20120530,2737.31,2744.17,2728.72,2735.37,6340216642.00,656.30
20120531,2717.40,2737.34,2714.18,2727.11,5843702419.00,600.79
20120601,2727.70,2743.77,2716.92,2726.18,5491478308.00,617.38
20120604,2690.56,2698.57,2650.74,2650.74,6406969592.00,692.99
20120605,2656.38,2666.80,2643.93,2653.18,4695525972.00,501.60
20120606,2658.45,2667.51,2644.50,2652.03,4327018521.00,477.52
20120607,2672.93,2674.19,2628.83,2634.11,4255903509.00,460.15
20120608,2651.12,2651.12,2615.33,2615.65,5088881488.00,515.03
20120611,2619.63,2651.35,2615.98,2649.10,4800299037.00,490.54
20120612,2635.27,2640.31,2621.58,2630.54,4453637969.00,430.18
20120613,2637.03,2674.98,2633.19,2674.98,5568192155.00,572.72
20120614,2668.34,2679.91,2656.20,2657.71,5256601478.00,560.64
20120615,2661.38,2676.76,2643.13,2665.28,5016517179.00,542.68
20120618,2674.79,2689.71,2672.88,2680.80,4493099761.00,480.48
20120619,2677.30,2677.30,2659.23,2660.50,4309478145.00,447.91
20120620,2665.28,2670.46,2654.83,2655.16,3794192737.00,384.64
20120621,2649.95,2649.95,2606.67,2616.33,4262733477.00,429.82
20120625,2605.75,2605.75,2563.91,2564.09,4652841393.00,457.17
20120626,2549.00,2566.09,2538.44,2559.71,4003130578.00,391.23
20120627,2557.67,2573.15,2550.67,2551.82,3921160956.00,377.80
20120628,2556.17,2560.51,2527.53,2527.53,4021193029.00,411.85
20120629,2519.74,2562.16,2519.74,2562.16,4587309756.00,457.73
20120702,2573.84,2575.87,2557.81,2567.90,4829873523.00,525.90
20120703,2567.38,2590.46,2560.78,2571.44,4739313798.00,524.43
20120704,2576.22,2577.97,2557.50,2564.52,4146731848.00,441.03
20120705,2551.90,2551.90,2519.39,2527.99,4186721058.00,420.80
20120706,2532.02,2572.93,2515.62,2569.74,5667363192.00,632.96
20120709,2553.63,2560.70,2511.59,2511.59,5844193937.00,632.57
20120710,2506.51,2519.49,2499.27,2502.57,4342621239.00,453.41
20120711,2497.65,2523.80,2497.65,2523.80,4368839237.00,455.86
20120712,2518.68,2550.76,2505.18,2543.66,6257479530.00,703.98
20120713,2535.58,2558.60,2534.98,2543.86,4424339436.00,488.61
20120716,2545.00,2545.00,2485.76,2485.76,5112306623.00,532.60
20120717,2477.72,2499.80,2477.72,2498.50,3921110057.00,428.84
20120718,2496.71,2504.61,2463.98,2502.91,4572138669.00,466.30
20120719,2496.76,2534.46,2496.76,2518.04,5525103213.00,529.26
20120720,2510.19,2519.13,2491.31,2494.11,4541305771.00,415.75
20120723,2476.20,2476.20,2453.27,2460.78,3857641197.00,376.42
20120724,2448.21,2479.24,2448.21,2470.81,3678715552.00,359.18
20120725,2463.81,2475.39,2456.19,2457.41,3307415655.00,319.63
20120726,2457.56,2473.83,2445.60,2445.87,3760747593.00,358.69
20120727,2452.75,2459.55,2439.38,2445.81,3677080403.00,377.76
20120730,2446.44,2459.51,2427.28,2428.31,3755883779.00,350.17
20120731,2428.63,2437.28,2417.97,2419.71,3756552810.00,344.86
20120801,2419.16,2459.76,2419.16,2449.61,3710535489.00,353.67
20120802,2445.53,2452.82,2425.83,2434.50,3609817009.00,333.04
20120803,2438.57,2456.40,2430.07,2456.40,3561924038.00,355.08
20120806,2451.82,2492.57,2451.82,2490.79,4925511182.00,492.26
20120807,2488.83,2497.14,2487.29,2497.13,4926807079.00,474.34
20120808,2497.06,2505.33,2485.84,2493.01,4489672034.00,439.46
20120809,2490.98,2517.94,2483.18,2517.94,4509837062.00,471.13
20120810,2516.25,2519.00,2504.57,2508.32,4383593221.00,452.45
20120813,2503.37,2503.37,2463.73,2463.73,4888404915.00,476.51
20120814,2463.94,2471.49,2436.45,2471.49,4715158582.00,455.54
20120815,2465.09,2465.09,2445.04,2445.85,3916832528.00,356.51
20120816,2441.62,2446.46,2431.94,2433.08,3268702927.00,312.87
20120817,2431.18,2435.20,2409.02,2426.43,3227042940.00,328.26
20120820,2409.45,2419.48,2396.42,2418.68,3283004695.00,311.88
20120821,2418.40,2445.30,2414.21,2436.35,4194591235.00,405.33
20120822,2437.33,2437.33,2408.27,2418.84,3788302748.00,363.08
20120823,2419.93,2432.16,2408.50,2425.95,3839182300.00,376.97
20120824,2419.47,2420.87,2395.64,2395.80,4013778972.00,383.72
20120827,2388.17,2388.17,2346.24,2346.24,4341102104.00,395.21
20120828,2344.62,2368.51,2342.49,2357.62,3970851410.00,342.59
20120829,2350.93,2360.34,2336.49,2336.49,3700448978.00,329.56
20120830,2326.24,2338.51,2300.25,2324.68,4418142925.00,402.11
20120831,2319.20,2331.06,2317.96,2319.52,3215600368.00,276.48
20120903,2315.66,2350.43,2315.66,2344.92,4396155206.00,390.43
20120904,2349.02,2351.50,2318.34,2321.94,4214898615.00,385.98
20120905,2317.00,2325.17,2305.72,2319.26,4218268439.00,352.68
20120906,2323.82,2339.21,2320.94,2339.21,3957435394.00,323.62
20120907,2355.60,2450.67,2355.60,2435.63,10545528183.00,902.58
20120910,2440.14,2450.84,2433.72,2444.64,7679645231.00,695.33
20120911,2434.87,2434.87,2416.71,2430.37,5716025455.00,502.32
20120912,2443.34,2451.15,2421.82,2440.34,5996629143.00,526.18
20120913,2437.71,2443.94,2417.21,2417.21,5357776860.00,464.04
20120914,2440.78,2447.05,2418.17,2432.86,6995149898.00,601.80
20120917,2429.25,2429.25,2374.62,2374.62,5616032437.00,478.31
20120918,2365.28,2369.70,2346.76,2352.44,3854610383.00,335.21
20120919,2354.59,2364.92,2349.07,2364.92,3977933659.00,358.58
20120920,2356.93,2356.93,2311.29,2311.29,5080733124.00,435.12
20120921,2305.66,2326.42,2304.96,2309.49,4391832494.00,369.53
20120924,2295.34,2330.60,2283.97,2324.53,4193049122.00,359.09
20120925,2319.04,2333.42,2310.30,2317.14,3299451541.00,289.98
20120926,2315.22,2320.99,2285.77,2286.87,3330696552.00,277.36
20120927,2286.75,2361.55,2286.75,2350.55,5574869475.00,470.17
20120928,2335.61,2392.24,2335.61,2392.24,6026934259.00,529.54
20121008,2392.03,2404.22,2359.63,2370.64,3868664651.00,341.62
20121009,2380.78,2423.91,2380.78,2422.92,5642017496.00,481.06
20121010,2417.52,2429.78,2408.87,2429.28,5261296458.00,424.23
20121011,2421.08,2425.22,2404.62,2405.15,5068793671.00,399.04
20121012,2412.98,2432.39,2389.96,2403.84,4397169070.00,354.20
20121015,2404.76,2405.52,2379.22,2394.39,3615948600.00,312.44
20121016,2392.23,2414.42,2388.51,2398.50,3738394644.00,347.50
20121017,2406.17,2410.17,2384.11,2401.72,3998952446.00,334.73
20121018,2407.39,2441.58,2407.39,2436.98,5898320484.00,475.41
20121019,2436.37,2442.23,2430.19,2433.60,4327528348.00,361.24
20121022,2421.52,2442.94,2417.40,2441.34,4016220068.00,347.72
20121023,2440.74,2441.45,2412.48,2412.54,4429429123.00,370.33
20121024,2403.32,2422.47,2403.32,2412.28,4983927286.00,355.73
20121025,2411.49,2425.15,2395.14,2395.14,5710956890.00,392.65
20121026,2394.18,2394.18,2342.22,2350.34,5235671113.00,402.36
20121029,2344.31,2349.78,2333.10,2339.21,3798426946.00,305.32
20121030,2338.73,2356.49,2333.93,2340.41,4199316029.00,331.32
20121031,2341.28,2354.32,2333.73,2354.32,4451442085.00,340.53
20121101,2355.58,2399.73,2355.58,2395.23,5728305676.00,475.32
20121102,2395.71,2405.64,2383.15,2403.97,4767218812.00,384.16
20121105,2401.14,2410.28,2390.48,2400.40,4503811406.00,377.35
20121106,2399.73,2399.73,2359.30,2388.76,4606696414.00,376.34
20121107,2385.92,2396.75,2376.11,2386.67,4011046728.00,339.83
20121108,2369.19,2372.82,2343.85,2343.85,4368283305.00,351.55
20121109,2339.90,2347.84,2332.72,2338.44,3622908566.00,282.92
20121112,2340.14,2349.94,2330.37,2347.44,4114072820.00,331.62
20121113,2347.08,2347.08,2306.42,2309.40,4140142719.00,333.45
20121114,2309.45,2320.67,2303.36,2319.79,3377313307.00,277.12
20121115,2308.27,2316.35,2288.70,2288.70,3577703577.00,280.96
20121116,2284.62,2284.62,2258.32,2271.02,3621919869.00,292.65
20121119,2268.87,2268.87,2242.00,2267.96,3203124492.00,291.54
20121120,2272.73,2274.81,2258.34,2258.72,2907265421.00,254.80
20121121,2258.83,2285.80,2243.99,2285.80,3548341288.00,286.79
20121122,2272.85,2273.88,2262.05,2266.77,2995300112.00,251.17
20121123,2272.48,2290.51,2268.81,2282.08,3640107648.00,300.19
20121126,2277.51,2278.35,2264.41,2264.41,3096690298.00,254.90
20121127,2258.06,2258.06,2232.06,2232.06,3901305243.00,293.13
20121128,2224.24,2224.24,2205.69,2208.01,3609559363.00,265.99
20121129,2207.44,2217.75,2198.36,2198.36,3420289783.00,252.35
20121130,2196.95,2223.56,2196.95,2223.40,3999845988.00,292.54
20121203,2220.86,2230.31,2189.48,2189.48,4383514928.00,350.50
20121204,2184.64,2214.38,2181.48,2211.85,4366201226.00,346.34
20121205,2208.50,2296.84,2208.50,2288.36,8967528790.00,708.59
20121206,2286.57,2296.32,2272.31,2284.13,5716177474.00,467.19
20121207,2284.16,2330.12,2280.23,2328.31,8580450127.00,680.59
20121210,2335.02,2356.82,2333.81,2354.31,8431184669.00,654.24
20121211,2346.88,2356.21,2338.25,2339.85,6036801247.00,492.47
20121212,2339.62,2353.86,2331.77,2348.21,5201397866.00,424.24
20121213,2341.56,2345.54,2321.90,2321.90,5045855872.00,404.59
20121214,2323.95,2432.01,2323.95,2432.01,11838948993.00,951.06
20121217,2435.94,2453.80,2435.94,2444.22,10373629855.00,879.47
20121218,2439.12,2473.98,2429.71,2447.50,9254038651.00,801.62
20121219,2443.47,2465.28,2441.10,2452.36,7115737783.00,641.32
20121220,2443.82,2463.36,2430.03,2463.36,7200615094.00,639.47
20121221,2465.47,2484.31,2446.81,2453.09,7609149357.00,690.23
20121224,2448.65,2471.41,2448.65,2462.22,5789782810.00,553.47
20121225,2455.27,2535.27,2453.17,2527.79,10263461671.00,901.80
20121226,2525.86,2539.98,2523.95,2539.98,8523953461.00,730.50
20121227,2546.63,2558.38,2525.70,2525.92,8915352371.00,761.34
20121228,2527.90,2557.62,2527.08,2557.62,7532032457.00,671.80
20121231,2562.94,2598.01,2562.94,2598.01,8940056973.00,828.04
20130104,2625.01,2625.01,2573.95,2596.53,10574520277.00,944.00
20130107,2591.50,2615.07,2591.50,2614.78,8848394940.00,800.64
20130108,2613.83,2620.28,2591.53,2611.98,8999241628.00,861.55
20130109,2604.77,2620.98,2593.11,2611.89,8659514779.00,817.04
20130110,2611.62,2636.25,2607.43,2618.16,8510757895.00,758.55
20130111,2620.75,2623.51,2566.36,2571.24,9181451872.00,812.63
20130114,2562.66,2669.51,2562.66,2664.92,10988403341.00,1032.15
20130115,2666.97,2697.58,2666.97,2688.30,12325946968.00,1155.39
20130116,2683.05,2690.68,2635.78,2672.69,11153065829.00,1038.16
20130117,2666.97,2666.97,2634.44,2644.94,8417276916.00,777.78
20130118,2659.32,2691.28,2649.47,2687.56,9034690503.00,828.72
20130121,2697.39,2706.91,2686.82,2706.91,9951812575.00,933.05
20130122,2706.22,2712.65,2676.37,2688.98,11879800658.00,1074.71
20130123,2680.51,2702.34,2671.57,2702.34,8763956294.00,785.99
20130124,2701.51,2748.43,2662.03,2672.08,12171804836.00,1119.90
20130125,2670.07,2679.13,2661.71,2664.57,6710918716.00,652.44
20130128,2669.20,2741.46,2669.20,2741.46,9985437338.00,1015.66
20130129,2744.65,2769.14,2736.22,2763.05,10743299597.00,1068.34
20130130,2765.08,2774.33,2752.73,2774.10,11182119074.00,1040.13
20130131,2776.49,2776.72,2758.84,2773.42,10456848882.00,954.20
20130201,2764.15,2824.81,2763.10,2824.81,10940386104.00,1070.50
20130204,2833.49,2846.50,2815.69,2825.93,13180367584.00,1297.67
20130205,2807.24,2852.80,2807.24,2850.31,12092047966.00,1099.79
20130206,2851.34,2864.96,2848.95,2857.18,9008034687.00,883.83
20130207,2852.58,2852.62,2810.75,2844.17,9683704666.00,967.12
20130208,2840.26,2878.21,2840.26,2862.63,8716908941.00,883.67
20130218,2875.80,2875.80,2840.09,2840.32,9033874997.00,888.65
20130219,2837.91,2839.06,2781.53,2789.58,9492719204.00,888.73
20130220,2789.47,2814.30,2777.80,2814.30,8517750208.00,831.87
20130221,2788.52,2788.52,2702.27,2725.71,11699198131.00,1142.34
20130222,2722.40,2732.25,2706.32,2710.35,7457027286.00,760.34
20130225,2730.23,2733.96,2709.99,2722.70,6465874444.00,639.21
20130226,2706.61,2744.37,2683.89,2685.10,9223155246.00,917.05
20130227,2691.82,2721.69,2686.74,2704.45,7240244200.00,715.88
20130228,2720.67,2780.63,2705.24,2780.63,9396616932.00,940.37
20130301,2787.42,2790.59,2746.97,2783.77,8747416420.00,904.93
20130304,2742.41,2742.41,2658.26,2669.09,12738794018.00,1240.96
20130305,2672.05,2746.93,2672.05,2746.93,9879843470.00,980.27
20130306,2758.79,2783.00,2753.52,2782.25,11507481803.00,1089.24
20130307,2770.88,2781.89,2731.55,2746.61,10951640918.00,1072.15
20130308,2749.39,2760.63,2729.53,2733.58,7096325593.00,709.18
20130311,2727.35,2738.40,2704.41,2719.27,6111666429.00,589.02
20130312,2717.57,2739.50,2649.45,2674.47,8552617192.00,811.07
20130313,2670.15,2672.27,2633.16,2647.48,6445654268.00,605.79
20130314,2638.37,2666.00,2638.14,2655.86,5571980661.00,554.22
20130315,2655.39,2715.80,2635.55,2663.30,8809079043.00,860.22
20130318,2649.89,2663.97,2623.98,2624.87,7057144993.00,700.49
20130319,2628.18,2641.32,2609.71,2641.32,6328511762.00,612.02
20130320,2643.14,2725.50,2643.14,2725.50,9811362673.00,928.67
20130321,2727.36,2744.71,2724.46,2736.80,8358435177.00,808.57
20130322,2734.62,2747.15,2727.48,2740.36,7246532794.00,658.49
20130325,2749.67,2754.43,2728.54,2734.45,6966437669.00,666.83
20130326,2723.72,2725.69,2678.82,2700.19,7340888504.00,710.12
20130327,2700.58,2733.41,2692.33,2707.48,6733770649.00,663.91
20130328,2662.43,2662.43,2621.80,2624.66,9682915767.00,897.14
20130329,2626.87,2631.93,2609.02,2623.41,6104758477.00,587.91
20130401,2615.38,2631.40,2615.38,2623.79,5872556096.00,567.58
20130402,2626.19,2647.97,2598.41,2606.78,6801529862.00,655.59
20130403,2614.23,2620.71,2595.76,2604.18,6121788123.00,573.29
20130408,2566.20,2599.42,2554.64,2599.34,6756299039.00,663.20
20130409,2604.97,2627.87,2604.97,2617.13,6261718496.00,615.89
20130410,2615.37,2619.26,2596.34,2613.16,5998548073.00,623.08
20130411,2628.43,2629.73,2606.84,2607.40,5569491918.00,534.07
20130412,2605.58,2615.65,2590.68,2591.96,4854021829.00,472.57
20130415,2583.68,2585.86,2556.73,2562.44,5391963378.00,488.34
20130416,2544.13,2582.04,2542.05,2582.04,5880052816.00,548.21
20130417,2580.11,2587.52,2565.47,2585.95,5059161222.00,516.22
20130418,2568.95,2597.07,2568.95,2592.73,5229599354.00,539.35
20130419,2597.26,2667.05,2597.26,2661.03,8302059560.00,818.45
20130422,2653.49,2667.34,2651.83,2665.59,7727912608.00,758.57
20130423,2667.29,2667.29,2586.03,2586.03,7450377476.00,737.88
20130424,2588.92,2644.03,2585.31,2635.75,7659295432.00,749.78
20130425,2627.94,2641.10,2600.79,2604.58,7541927241.00,747.61
20130426,2611.66,2611.66,2576.98,2577.29,5830345996.00,555.92
20130502,2566.06,2582.59,2558.50,2582.42,5419950722.00,537.55
20130503,2589.70,2652.09,2589.70,2627.53,7055628584.00,695.23
20130506,2637.10,2669.64,2637.10,2665.20,7298417602.00,724.12
20130507,2660.27,2676.23,2651.36,2669.99,6578456072.00,683.63
20130508,2681.24,2693.51,2676.70,2688.61,7410795030.00,749.20
20130509,2688.27,2688.44,2661.42,2678.25,7751732226.00,813.99
20130510,2670.76,2694.10,2670.47,2690.59,6665424407.00,682.36
20130513,2692.03,2693.59,2674.77,2686.28,7106371580.00,705.99
20130514,2681.78,2681.78,2634.06,2647.50,6833098031.00,689.55
20130515,2647.83,2668.40,2647.83,2668.40,6068534598.00,635.85
20130516,2662.81,2707.61,2650.65,2707.61,8975117575.00,946.58
20130517,2704.53,2751.97,2704.53,2747.79,9956326762.00,975.33
20130520,2753.76,2783.66,2748.04,2771.77,10957307944.00,1152.92
20130521,2769.94,2784.53,2761.50,2784.53,10093967051.00,1031.56
20130522,2782.12,2793.05,2766.92,2779.30,10199880420.00,1021.57
20130523,2765.95,2787.41,2745.18,2745.46,10951542263.00,1004.56
20130524,2752.79,2770.34,2740.97,2765.71,8467230528.00,838.66
20130527,2763.53,2780.47,2761.90,2772.41,8841509212.00,888.73
20130528,2773.78,2804.79,2751.43,2804.79,10169492443.00,1016.82
20130529,2808.45,2820.45,2806.66,2807.83,9684247478.00,959.47
20130530,2799.08,2811.07,2794.28,2803.39,9071245546.00,907.23
20130531,2806.88,2813.02,2778.53,2778.53,8568608729.00,873.45
20130603,2777.27,2792.02,2764.98,2771.00,7896992879.00,806.91
20130604,2768.55,2768.55,2721.11,2729.76,8699217163.00,818.99
20130605,2728.26,2732.92,2710.99,2726.18,6043919281.00,616.45
20130606,2717.85,2719.51,2689.30,2691.71,6669624213.00,672.65
20130607,2690.34,2700.31,2637.33,2646.96,7246711141.00,711.81
20130613,2611.16,2611.16,2549.18,2567.69,8131345227.00,733.46
20130614,2572.22,2594.33,2570.14,2593.84,6983841590.00,679.91
20130617,2600.92,2601.29,2577.98,2585.30,6696964536.00,683.67
20130618,2594.08,2603.37,2579.46,2599.53,6151189977.00,618.15
20130619,2588.47,2588.47,2548.19,2580.23,6379768309.00,626.11
20130620,2565.49,2565.49,2494.51,2495.31,6616376457.00,634.28
20130621,2454.52,2498.03,2442.87,2488.85,6775950382.00,626.50
20130624,2479.87,2479.87,2335.49,2338.23,9513889272.00,821.47
20130625,2312.99,2337.71,2194.43,2337.71,11791503567.00,978.76
20130626,2342.97,2351.42,2311.34,2351.42,8978541234.00,801.64
20130627,2356.20,2383.10,2334.84,2337.61,9003795053.00,796.77
20130628,2324.26,2386.63,2324.26,2367.15,8571081883.00,722.16
20130701,2355.64,2389.84,2341.28,2389.84,6968605124.00,636.29
20130702,2389.01,2406.49,2374.92,2406.49,7728128787.00,773.19
20130703,2394.49,2398.82,2357.18,2396.95,8319824352.00,782.81
20130704,2380.74,2433.82,2373.83,2411.35,8384945549.00,785.38
20130705,2414.68,2436.52,2407.96,2408.33,7438908322.00,700.52
20130708,2374.04,2380.22,2336.99,2337.89,6882887205.00,620.80
20130709,2334.38,2348.98,2328.27,2343.48,5378028196.00,499.75
20130710,2343.79,2405.84,2343.79,2405.84,7527509476.00,693.86
20130711,2413.00,2525.19,2413.00,2501.91,13616581889.00,1214.53
20130712,2494.91,2507.28,2457.95,2458.12,10145254733.00,957.69
20130715,2470.47,2515.74,2462.14,2496.73,8578701017.00,861.87
20130716,2492.70,2511.76,2476.72,2511.76,8469739574.00,823.23
20130717,2506.17,2521.47,2472.96,2474.87,8632204644.00,834.73
20130718,2465.87,2471.90,2442.42,2446.48,7985260297.00,750.57
20130719,2448.67,2458.12,2391.87,2391.93,9351568014.00,891.63
20130722,2371.98,2413.28,2371.98,2413.28,7349233348.00,696.56
20130723,2423.66,2481.21,2423.66,2476.93,9507608965.00,909.88
20130724,2467.45,2476.63,2439.77,2470.17,9432577604.00,956.34
20130725,2474.74,2477.14,2437.64,2446.03,8946648753.00,875.26
20130726,2435.69,2448.93,2418.29,2436.81,6701076164.00,653.61
20130729,2418.86,2418.86,2383.25,2388.66,7168692845.00,689.82
20130730,2394.65,2420.82,2363.06,2392.44,6860780544.00,663.31
20130731,2409.80,2425.80,2390.05,2395.88,5772229684.00,568.38
20130801,2407.97,2456.41,2407.97,2456.41,7829944311.00,765.11
20130802,2471.99,2477.40,2456.22,2457.86,7718913072.00,759.42
20130805,2460.78,2491.96,2456.14,2491.96,6906017304.00,676.51
20130806,2485.77,2519.85,2477.04,2512.12,9182360188.00,870.84
20130807,2509.80,2524.08,2489.15,2492.29,9080106493.00,889.80
20130808,2487.76,2510.54,2484.50,2491.45,7097115767.00,708.59
20130809,2501.38,2515.00,2468.27,2497.15,8087015802.00,795.94
20130812,2506.88,2556.42,2506.88,2556.42,10804381262.00,1050.48
20130813,2556.86,2567.23,2549.23,2567.23,9600898606.00,872.71
20130814,2570.36,2585.05,2551.54,2560.08,9473537077.00,894.53
20130815,2559.81,2571.88,2531.14,2531.31,7967958967.00,776.29
20130816,2522.05,2604.76,2501.53,2501.63,12776476672.00,1117.83
20130819,2485.56,2542.69,2485.56,2540.56,8153715339.00,772.79
20130820,2536.76,2561.55,2518.27,2525.72,8636421360.00,818.59
20130821,2533.02,2533.02,2508.88,2526.01,7191004967.00,664.22
20130822,2520.75,2546.76,2516.49,2527.30,7692838616.00,738.77
20130823,2538.91,2542.88,2478.60,2514.85,9606175495.00,938.00
20130826,2518.69,2566.17,2518.69,2566.17,9294051859.00,885.04
20130827,2563.64,2576.54,2558.13,2576.54,9398737157.00,875.38
20130828,2560.95,2581.32,2550.63,2561.65,12276308792.00,1116.87
20130829,2569.93,2571.53,2545.38,2553.02,9542913663.00,853.35
20130830,2551.07,2567.76,2533.45,2541.86,12574370760.00,1089.88
20130902,2549.17,2559.91,2530.79,2553.06,11296618698.00,993.63
20130903,2557.75,2589.84,2557.34,2589.84,10587939371.00,937.40
20130904,2588.83,2596.90,2583.58,2590.16,11043835111.00,970.57
20130905,2588.94,2594.70,2580.43,2588.62,9904924634.00,925.47
20130906,2583.65,2613.86,2583.65,2610.43,10840288528.00,979.71
20130909,2626.55,2689.66,2626.55,2685.35,17577039583.00,1505.23
20130910,2691.51,2718.90,2683.32,2718.90,19188507490.00,1607.01
20130911,2726.81,2738.27,2711.08,2716.33,20661459998.00,1730.13
20130912,2712.51,2754.60,2707.77,2738.20,16969525937.00,1451.51
20130913,2734.56,2741.86,2717.65,2725.93,13857472703.00,1237.25
20130916,2736.41,2737.31,2711.71,2721.49,13146185883.00,1231.82
20130917,2723.68,2723.68,2669.38,2669.38,12788542435.00,1178.47
20130918,2668.57,2682.00,2654.27,2680.14,9492200180.00,913.93
20130923,2689.53,2728.23,2689.53,2728.23,11002214767.00,1099.22
20130924,2727.65,2727.65,2683.35,2706.84,13101579474.00,1284.88
20130925,2703.99,2718.47,2688.74,2693.93,13083301142.00,1277.00
20130926,2686.06,2686.06,2642.45,2642.46,11448647181.00,1111.92
20130927,2639.47,2658.95,2638.95,2653.80,8871709199.00,904.10
20130930,2666.51,2680.71,2666.51,2680.71,7927156973.00,843.79
20131008,2680.76,2720.67,2671.77,2717.86,11295188742.00,1170.13
20131009,2708.85,2739.08,2708.85,2739.08,10996254156.00,1114.44
20131010,2744.20,2744.20,2708.95,2712.76,13005344492.00,1325.47
20131011,2725.76,2757.08,2725.76,2757.08,13398006779.00,1321.62
20131014,2760.94,2775.68,2754.53,2768.62,13861800219.00,1382.30
20131015,2771.80,2772.59,2745.36,2763.41,12714662420.00,1257.53
20131016,2754.92,2754.92,2692.46,2705.04,12807756033.00,1243.46
20131017,2717.36,2723.81,2686.48,2692.37,10397104742.00,1014.60
20131018,2693.39,2716.35,2690.69,2708.01,8418361532.00,838.21
20131021,2715.19,2764.75,2710.48,2764.75,11643883156.00,1160.77
20131022,2763.74,2763.74,2723.66,2729.55,12912055962.00,1256.65
20131023,2732.75,2748.88,2678.32,2686.76,12393804965.00,1150.42
20131024,2680.11,2688.41,2663.58,2666.43,8276048855.00,779.59
20131025,2667.00,2675.61,2610.96,2622.05,9787096820.00,936.56
20131028,2624.79,2627.27,2605.34,2619.84,7973516459.00,747.00
20131029,2621.93,2654.80,2559.47,2609.66,12845312001.00,1125.10
20131030,2607.49,2649.63,2604.50,2649.63,10890243005.00,925.93
20131031,2638.35,2638.35,2608.29,2608.29,9675438329.00,841.98
20131101,2606.16,2624.67,2590.52,2613.79,7790185817.00,725.32
20131104,2624.18,2628.37,2610.47,2614.25,6412951239.00,612.36
20131105,2601.49,2627.09,2579.98,2627.09,7781514791.00,728.54
20131106,2614.87,2626.98,2593.27,2593.27,8244385013.00,780.03
20131107,2589.29,2592.53,2565.16,2573.64,6783790566.00,630.68
20131108,2561.00,2573.11,2536.62,2537.70,6759285362.00,617.37
20131111,2535.52,2557.96,2524.64,2548.19,5721589482.00,541.83
20131112,2551.25,2573.84,2549.86,2573.67,6541186512.00,623.17
20131113,2561.35,2561.35,2519.78,2519.78,7492484709.00,680.07
20131114,2520.53,2546.10,2509.29,2545.27,7296584007.00,694.79
20131115,2546.78,2619.74,2546.78,2594.79,10421498325.00,1024.88
20131118,2614.06,2675.79,2611.08,2675.79,12960723262.00,1280.31
20131119,2676.73,2677.24,2655.72,2664.54,10010949846.00,1012.77
20131120,2679.58,2682.02,2661.61,2682.02,9747861848.00,928.55
20131121,2670.20,2670.97,2648.36,2670.97,11553868233.00,1094.94
20131122,2675.94,2677.31,2651.59,2657.01,9745349935.00,932.98
20131125,2646.22,2679.09,2646.22,2650.44,8870876240.00,865.43
20131126,2648.73,2658.72,2642.27,2650.30,8085966213.00,768.31
20131127,2648.91,2684.78,2648.91,2682.31,9505652102.00,950.62
20131128,2688.24,2726.45,2688.24,2706.76,11124683547.00,1084.52
20131129,2709.32,2715.18,2703.02,2713.05,8599046717.00,896.12
20131202,2680.49,2717.37,2639.58,2658.60,14133301741.00,1349.79
20131203,2647.00,2695.20,2647.00,2690.17,9201546748.00,895.95
20131204,2686.13,2742.67,2686.13,2728.62,12636732377.00,1166.66
20131205,2729.64,2733.89,2709.06,2716.73,10031081902.00,922.57
20131206,2711.23,2716.61,2694.88,2702.71,8516256320.00,820.02
20131209,2711.16,2717.50,2702.79,2708.46,7380672133.00,751.88
20131210,2713.84,2723.38,2703.50,2709.51,8889821288.00,836.12
20131211,2697.37,2697.37,2660.29,2671.03,8581795276.00,823.38
20131212,2665.09,2685.38,2665.09,2672.37,6652599759.00,676.51
20131213,2651.14,2676.82,2651.14,2669.60,6440009525.00,629.13
20131216,2670.42,2670.42,2627.18,2627.18,7751870954.00,806.91
20131217,2627.99,2627.99,2608.99,2614.19,5884790162.00,630.24
20131218,2614.70,2623.14,2607.94,2612.97,4990630364.00,546.46
20131219,2621.24,2624.87,2586.43,2586.43,5752617777.00,598.39
20131220,2589.21,2593.65,2534.77,2535.58,7426804041.00,736.63
20131223,2539.93,2548.01,2512.04,2540.15,5446774845.00,572.72
20131224,2546.85,2573.18,2530.66,2549.10,5632662418.00,602.13
20131225,2552.33,2571.34,2545.62,2570.94,5342726122.00,565.89
20131226,2566.72,2566.72,2526.69,2526.69,6250743850.00,653.00
20131227,2529.14,2577.23,2529.14,2569.32,6436867210.00,661.67
20131230,2579.70,2579.70,2564.58,2568.37,6134707714.00,637.59
20131231,2557.68,2595.85,2557.68,2595.85,6410772073.00,692.42
20140102,2589.22,2597.21,2584.00,2597.00,5859395695.00,673.71
20140103,2587.13,2590.41,2558.85,2568.51,7508888621.00,786.12
20140106,2563.55,2563.55,2503.97,2508.15,8030113760.00,780.85
20140107,2491.65,2520.63,2491.65,2515.66,5664813304.00,592.76
20140108,2519.02,2539.02,2510.14,2527.20,6778039359.00,753.79
20140109,2521.11,2543.12,2500.38,2500.38,7105361226.00,774.51
20140110,2493.79,2498.54,2472.56,2474.64,6610531628.00,626.34
20140113,2476.12,2491.46,2454.45,2464.55,5905547024.00,594.52
20140114,2463.61,2494.69,2455.54,2494.69,6525215448.00,622.25
20140115,2491.70,2498.13,2480.91,2496.48,6148118657.00,625.14
20140116,2496.83,2508.54,2491.31,2495.33,6362380054.00,653.58
20140117,2487.86,2487.94,2460.93,2461.75,6003002427.00,610.01
20140120,2457.14,2464.20,2435.05,2446.49,5163647551.00,556.32
20140121,2447.94,2479.33,2447.94,2476.08,5360081840.00,583.21
20140122,2479.59,2536.03,2479.59,2536.03,8577091848.00,871.70
20140123,2535.27,2545.04,2529.66,2533.49,7526669402.00,854.13
20140124,2527.34,2559.01,2527.34,2550.94,7829641536.00,869.48
20140127,2538.04,2542.27,2520.21,2524.85,8910788840.00,907.30
20140128,2528.89,2539.54,2508.43,2525.60,6826092268.00,717.25
20140129,2530.84,2542.60,2529.66,2541.40,6640448484.00,729.14
20140130,2535.64,2535.64,2517.08,2517.99,5803927823.00,648.00
20140207,2501.46,2539.43,2499.48,2539.43,6892465597.00,742.27
20140210,2549.82,2603.02,2549.82,2602.28,11140189256.00,1182.46
20140211,2603.27,2622.72,2593.02,2615.25,12430675399.00,1284.28
20140212,2615.50,2628.13,2606.97,2628.13,10619556996.00,1080.19
20140213,2625.04,2640.86,2606.69,2606.69,12394264160.00,1221.54
20140214,2605.18,2632.27,2602.01,2632.27,9092398514.00,942.02
20140217,2647.36,2661.76,2637.11,2661.76,11586649800.00,1231.35
20140218,2661.20,2661.20,2631.87,2638.79,11575034020.00,1239.28
20140219,2637.59,2665.68,2628.07,2659.29,12292019343.00,1189.61
20140220,2664.43,2674.79,2628.85,2629.89,12906365560.00,1192.62
20140221,2626.24,2631.19,2593.23,2610.14,9044337560.00,896.33
20140224,2593.56,2593.56,2548.45,2573.47,10544141791.00,1044.00
20140225,2575.84,2588.23,2489.80,2498.85,12405966389.00,1314.46
20140226,2485.29,2504.01,2467.72,2504.01,10016167154.00,985.64
20140227,2511.41,2523.82,2483.56,2485.98,11247097018.00,1142.93
20140228,2481.34,2512.45,2463.75,2511.36,9138330551.00,921.25
20140303,2508.29,2536.64,2507.65,2536.64,9967550410.00,952.09
20140304,2527.39,2530.56,2503.51,2529.34,9208184428.00,915.38
20140305,2533.23,2533.23,2506.37,2510.13,8310724273.00,831.75
20140306,2505.08,2520.80,2476.96,2515.70,8368922781.00,831.44
20140307,2512.91,2530.09,2502.35,2510.18,8076707393.00,812.49
20140310,2489.31,2489.31,2423.69,2425.83,9175720515.00,865.67
20140311,2419.69,2445.89,2416.08,2432.55,7201995813.00,706.39
20140312,2426.48,2449.38,2408.85,2436.21,7969175837.00,742.04
20140313,2441.10,2472.47,2438.75,2468.39,7816231616.00,718.09
20140314,2457.05,2466.93,2438.38,2450.61,6960361330.00,642.34
20140317,2459.73,2482.42,2449.33,2482.42,6666001104.00,669.42
20140318,2486.55,2498.31,2479.40,2482.87,7370087359.00,785.87
20140319,2475.14,2475.14,2442.87,2463.37,7372007463.00,739.48
20140320,2457.68,2471.40,2415.27,2415.27,8376260668.00,805.89
20140321,2405.79,2485.15,2399.82,2484.16,11156290217.00,960.85
20140324,2485.33,2502.43,2475.74,2495.38,10924586311.00,904.31
20140325,2489.35,2508.36,2483.85,2494.41,9774835667.00,802.96
20140326,2500.40,2503.51,2489.04,2494.63,7141181816.00,655.01
20140327,2491.72,2502.18,2466.42,2469.68,8388731783.00,762.34
20140328,2468.04,2480.73,2448.12,2454.94,8825542219.00,786.74
20140331,2457.54,2461.48,2437.46,2446.95,6855395886.00,611.84
20140401,2443.71,2474.75,2443.71,2472.03,6154156973.00,576.57
20140402,2474.75,2484.17,2468.76,2481.60,7488724894.00,679.96
20140403,2488.49,2494.64,2463.60,2467.18,7923588593.00,668.87
20140404,2460.37,2491.89,2460.37,2491.89,5861467528.00,547.97
20140408,2484.78,2545.33,2484.78,2542.92,10314297369.00,931.24
20140409,2546.30,2556.85,2540.93,2551.03,8000743964.00,769.77
20140410,2554.88,2596.52,2545.53,2588.07,12477838608.00,1154.60
20140411,2581.63,2591.55,2571.94,2582.35,10164349245.00,987.96
20140414,2580.31,2583.61,2571.08,2583.61,7376513284.00,729.72
20140415,2578.08,2578.08,2542.58,2545.82,8367006032.00,780.30
20140416,2538.78,2551.78,2536.22,2546.61,6346918252.00,599.97
20140417,2553.12,2555.76,2540.03,2540.05,5881497514.00,574.69
20140418,2530.99,2544.04,2520.99,2542.80,6102184395.00,571.57
20140421,2525.93,2543.00,2502.94,2502.94,6894302640.00,662.39
20140422,2498.65,2509.40,2471.31,2504.04,7010416012.00,665.10
20140423,2499.00,2512.38,2492.83,2500.14,5771187936.00,564.07
20140424,2497.93,2507.74,2484.67,2488.01,5486637648.00,529.82
20140425,2489.43,2493.62,2452.49,2452.49,6600158253.00,594.31
20140428,2447.53,2447.53,2406.24,2406.64,6881996761.00,603.81
20140429,2405.26,2435.92,2405.26,2435.92,5514620842.00,493.63
20140430,2436.85,2447.60,2436.73,2443.68,5227350645.00,476.44
20140505,2438.57,2447.73,2422.82,2447.73,5679793844.00,498.66
20140506,2443.55,2466.27,2443.55,2453.75,5535907276.00,510.45
20140507,2447.42,2447.42,2424.22,2424.22,5123171566.00,453.25
20140508,2418.22,2452.02,2416.08,2420.25,5294212814.00,466.63
20140509,2423.26,2423.26,2398.41,2410.89,5485712385.00,469.39
20140512,2427.90,2464.90,2420.66,2463.22,8458689458.00,685.94
20140513,2462.83,2467.77,2451.76,2458.44,6938101349.00,558.29
20140514,2457.44,2464.40,2452.82,2455.63,5197920287.00,438.44
20140515,2452.94,2455.25,2422.98,2423.21,5343193118.00,475.99
20140516,2421.59,2425.55,2403.30,2420.54,4853144360.00,431.95
20140519,2415.04,2415.04,2381.16,2390.44,4813886474.00,437.39
20140520,2401.50,2410.01,2388.15,2392.94,4514048145.00,416.76
20140521,2383.92,2414.30,2371.56,2414.30,4470013790.00,399.80
20140522,2413.90,2438.44,2411.58,2411.59,5480090288.00,510.07
20140523,2410.95,2432.96,2408.22,2432.87,4639840393.00,453.50
20140526,2447.38,2450.21,2440.01,2448.85,5441602315.00,569.66
20140527,2447.32,2452.03,2437.86,2438.64,4935752102.00,484.70
20140528,2439.24,2467.63,2435.99,2467.63,6582196676.00,655.08
20140529,2469.93,2475.24,2450.30,2450.30,6145724446.00,619.97
20140530,2451.03,2460.90,2441.26,2454.05,5941848839.00,580.74
20140603,2455.68,2466.84,2447.41,2447.41,5278973047.00,534.83
20140604,2446.42,2446.42,2412.59,2424.93,5384141549.00,510.11
20140605,2423.05,2453.01,2420.32,2453.01,5069349881.00,506.02
20140606,2451.70,2451.75,2427.57,2436.97,5014242582.00,501.80
20140609,2430.02,2449.46,2430.02,2430.43,5068133842.00,503.93
20140610,2434.76,2461.86,2429.12,2461.86,6063608479.00,609.67
20140611,2457.38,2467.34,2455.18,2465.85,5840884280.00,588.64
20140612,2461.25,2466.48,2454.39,2459.06,5954905251.00,586.82
20140613,2455.91,2491.19,2455.91,2486.74,7610332913.00,735.77
20140616,2487.16,2507.13,2487.16,2504.48,7781066503.00,788.53
20140617,2498.54,2498.54,2478.42,2478.88,6505244574.00,670.42
20140618,2477.90,2478.23,2464.73,2465.05,6436304140.00,620.06
20140619,2465.72,2471.11,2413.28,2420.71,6779998793.00,648.76
20140620,2418.16,2434.57,2415.03,2434.57,5263570393.00,488.87
20140623,2435.84,2449.66,2435.84,2438.32,5246118362.00,527.79
20140624,2435.83,2451.50,2435.83,2451.50,5303126804.00,554.20
20140625,2448.75,2448.75,2431.68,2436.68,4853753118.00,487.36
20140626,2438.08,2458.91,2438.08,2458.11,5714613208.00,583.17
20140627,2455.38,2472.42,2450.68,2462.31,7126690477.00,683.51
20140630,2464.59,2481.85,2464.59,2481.27,7438944063.00,761.80
20140701,2485.36,2485.85,2475.76,2483.81,7502994170.00,778.06
20140702,2484.04,2493.80,2474.86,2493.76,8103993817.00,812.08
20140703,2491.85,2511.34,2489.68,2506.55,8849747006.00,861.63
20140704,2507.05,2509.78,2497.51,2501.67,7605152001.00,773.67
20140707,2501.29,2508.36,2490.89,2496.93,7110156619.00,767.76
20140708,2495.29,2505.57,2481.57,2505.57,7099805289.00,752.78
20140709,2502.75,2503.59,2468.20,2468.20,8357936685.00,900.81
20140710,2468.04,2474.49,2456.95,2460.41,7514524736.00,787.31
20140711,2453.77,2474.60,2453.77,2468.38,7837293481.00,761.09
20140714,2470.18,2496.12,2464.26,2496.12,8728786057.00,883.85
20140715,2494.35,2498.77,2485.01,2497.58,9520884002.00,954.32
20140716,2494.04,2502.94,2481.75,2485.58,10230339387.00,871.51
20140717,2480.58,2480.58,2456.80,2468.77,7431833685.00,663.10
20140718,2458.49,2485.87,2458.49,2473.39,7309215928.00,671.07
20140721,2473.01,2479.23,2466.29,2475.33,6684327412.00,657.68
20140722,2471.28,2509.81,2471.28,2506.69,9200831076.00,869.39
20140723,2505.60,2517.47,2495.71,2503.45,9863324039.00,906.78
20140724,2504.72,2532.23,2504.72,2530.77,12215951025.00,1096.24
20140725,2535.63,2556.23,2535.63,2556.23,10335993887.00,916.01
20140728,2566.86,2621.71,2566.86,2620.27,17221235104.00,1483.22
20140729,2622.75,2643.72,2616.70,2633.49,14359500496.00,1314.43
20140730,2626.39,2639.69,2621.68,2628.38,12831760241.00,1205.08
20140731,2627.50,2655.67,2621.79,2655.67,11202047265.00,1044.92
20140801,2646.66,2675.68,2633.08,2633.08,13938133183.00,1260.02
20140804,2638.99,2679.02,2638.99,2679.02,12253469567.00,1123.75
20140805,2679.94,2680.01,2664.11,2680.01,12237317254.00,1192.85
20140806,2669.21,2684.45,2649.18,2677.71,12916075503.00,1159.37
20140807,2677.51,2682.20,2641.04,2641.04,12683344686.00,1126.39
20140808,2643.27,2655.70,2636.87,2649.96,9657325203.00,906.42
20140811,2656.69,2689.81,2656.69,2689.36,10462763833.00,1037.17
20140812,2686.18,2686.18,2672.77,2684.29,10461654606.00,1050.24
20140813,2684.94,2688.44,2658.75,2680.89,11870339002.00,1114.89
20140814,2679.27,2688.41,2658.93,2658.93,11216294385.00,1053.32
20140815,2660.90,2690.43,2659.82,2686.05,10586509675.00,1003.81
20140818,2692.38,2708.95,2691.69,2708.95,12167500402.00,1171.39
20140819,2714.39,2716.73,2699.31,2711.93,13046441772.00,1315.69
20140820,2709.51,2712.26,2696.47,2702.27,11455742830.00,1129.00
20140821,2702.08,2702.08,2669.17,2695.22,11573241550.00,1168.24
20140822,2693.27,2711.99,2692.67,2708.58,10993405970.00,1158.36
20140825,2709.74,2709.74,2680.37,2683.08,11389491163.00,1129.42
20140826,2678.87,2689.55,2647.52,2655.12,10824671493.00,1062.33
20140827,2655.27,2672.35,2655.27,2662.65,8224188583.00,862.23
20140828,2663.77,2670.26,2641.32,2641.35,8534079838.00,876.45
20140829,2646.58,2673.75,2643.93,2673.75,7420749536.00,754.09
20140901,2677.98,2702.43,2677.98,2702.35,9700468001.00,1038.31
20140902,2708.15,2738.13,2700.93,2738.13,13705365955.00,1422.88
20140903,2742.95,2765.41,2742.95,2762.69,15193529453.00,1592.56
20140904,2764.97,2783.64,2757.29,2783.64,14089359994.00,1523.14
20140905,2789.54,2807.64,2783.61,2807.01,15974426962.00,1586.71
20140909,2810.78,2813.71,2798.55,2810.11,14761779193.00,1471.24
20140910,2800.50,2805.74,2790.40,2801.76,13996120806.00,1393.98
20140911,2799.96,2833.68,2787.56,2793.68,16417734088.00,1700.53
20140912,2788.78,2814.11,2783.68,2814.11,13606362967.00,1338.18
20140915,2808.79,2816.29,2797.77,2816.29,14703632084.00,1509.07
20140916,2819.76,2819.76,2751.72,2752.03,22241179716.00,1944.05
20140917,2757.57,2767.75,2739.43,2766.49,14880954962.00,1290.89
20140918,2761.25,2779.85,2758.93,2778.25,13262020809.00,1157.28
20140919,2778.93,2800.96,2771.21,2798.27,12351156766.00,1176.58
20140922,2792.27,2792.27,2743.99,2747.54,12607039158.00,1204.93
20140923,2747.94,2774.70,2747.94,2773.75,10888489036.00,1104.41
20140924,2765.57,2816.77,2765.57,2816.06,15356306079.00,1467.53
20140925,2827.81,2838.06,2804.16,2812.12,15618023925.00,1516.30
20140926,2805.90,2817.83,2801.85,2815.21,12120206096.00,1190.67
20140929,2824.10,2832.33,2818.92,2830.44,14318344441.00,1402.97
20140930,2834.79,2841.89,2826.75,2839.25,13949797950.00,1343.64
20141008,2849.44,2875.09,2840.13,2875.09,14957565684.00,1552.09
20141009,2878.01,2886.75,2854.91,2882.23,17501627530.00,1715.98
20141010,2871.75,2879.31,2852.52,2863.70,17206916115.00,1613.58
20141013,2852.75,2852.75,2821.85,2850.35,15380339649.00,1479.15
20141014,2845.52,2864.44,2827.35,2839.75,15049146582.00,1423.19
20141015,2838.81,2857.89,2822.80,2857.89,15463992332.00,1436.96
20141016,2841.79,2872.10,2831.37,2831.37,18717287744.00,1662.47
20141017,2828.54,2838.24,2792.35,2820.16,15433962729.00,1405.72
20141020,2828.39,2842.77,2824.78,2841.92,10995743266.00,1093.27
20141021,2841.34,2845.50,2815.91,2815.91,11304911278.00,1092.18
20141022,2817.78,2831.12,2798.36,2798.58,10648750101.00,1069.09
20141023,2794.55,2801.02,2766.53,2769.24,12403316333.00,1127.80
20141024,2770.77,2782.01,2762.83,2766.85,9588488056.00,900.55
20141027,2755.12,2759.48,2740.85,2757.34,9232938017.00,900.45
20141028,2762.68,2813.33,2762.68,2813.33,13146420336.00,1270.55
20141029,2821.51,2857.17,2817.40,2850.25,19269262423.00,1755.85
20141030,2849.93,2871.58,2845.35,2867.04,22477970087.00,1808.35
20141031,2871.39,2897.63,2858.39,2895.06,25242151079.00,2039.03
20141103,2902.89,2913.57,2893.73,2907.19,22610923325.00,1788.64
20141104,2907.14,2912.19,2891.71,2901.74,24240337233.00,1889.57
20141105,2904.89,2904.89,2888.92,2889.20,20449361251.00,1649.87
20141106,2890.67,2897.85,2871.02,2896.83,16738854791.00,1439.48
20141107,2899.74,2919.60,2874.42,2881.52,21416809550.00,1918.37
20141110,2906.01,2940.47,2899.32,2940.47,23061102056.00,1969.91
20141111,2951.48,2962.36,2886.00,2908.65,31298801328.00,2648.42
20141112,2897.29,2948.00,2897.29,2948.00,18341129135.00,1614.56
20141113,2949.97,2952.44,2916.42,2927.59,22229346033.00,1982.40
20141114,2917.00,2929.42,2905.14,2929.22,16645480572.00,1499.49
20141117,2962.34,2962.34,2925.71,2925.93,16300846280.00,1584.54
20141118,2924.63,2929.69,2898.88,2906.34,15573251639.00,1418.03
20141119,2904.48,2919.33,2899.69,2907.15,14177878385.00,1393.84
20141120,2898.45,2908.76,2895.23,2902.55,11895330487.00,1176.10
20141121,2903.57,2943.41,2899.00,2943.41,15418535794.00,1510.08
20141124,2972.18,3016.41,2965.79,3000.38,27131304285.00,2606.06
20141125,3002.29,3045.84,3002.29,3045.84,23241720869.00,2246.96
20141126,3054.53,3073.88,3047.54,3073.88,24820288623.00,2496.59
20141127,3086.25,3095.31,3069.42,3095.31,26560322759.00,2629.15
20141128,3094.75,3140.80,3084.80,3140.80,36506946546.00,3259.09
20141201,3155.38,3171.61,3132.46,3144.50,35863110372.00,3292.67
20141202,3135.47,3248.40,3135.47,3232.11,35046209109.00,3238.01
20141203,3242.16,3306.04,3232.12,3278.98,46008531185.00,4496.71
20141204,3289.32,3399.92,3289.32,3399.92,43062928479.00,4304.69
20141205,3405.23,3451.51,3309.78,3388.53,52343251203.00,5338.92
20141208,3376.68,3507.25,3376.68,3497.92,48886835322.00,4995.29
20141209,3481.54,3602.82,3350.93,3353.56,64469652531.00,6692.76
20141210,3366.51,3493.25,3351.72,3489.61,42750605197.00,4579.45
20141211,3463.39,3528.43,3441.15,3478.88,39300771709.00,4037.86
20141212,3481.94,3512.92,3469.12,3490.67,31311207311.00,3338.96
20141215,3475.55,3532.56,3456.25,3525.24,32066616561.00,3497.54
20141216,3529.83,3584.65,3517.73,3584.65,35920630334.00,3978.09
20141217,3594.97,3628.86,3550.77,3619.93,43428883333.00,4710.90
20141218,3625.95,3668.85,3609.22,3631.23,35989304334.00,4015.52
20141219,3630.78,3671.60,3572.37,3667.57,42613501592.00,4349.40
20141222,3683.74,3707.26,3625.92,3648.54,57029970908.00,5432.37
20141223,3611.18,3675.67,3565.63,3566.78,37608794140.00,3717.16
20141224,3573.63,3573.63,3475.45,3505.49,31756926089.00,3268.81
20141225,3528.34,3606.11,3518.75,3606.11,31326641007.00,3218.71
20141226,3613.92,3698.66,3612.99,3693.35,37778312036.00,4040.51
20141229,3738.62,3744.34,3670.75,3694.13,42049002313.00,4737.28
20141230,3688.81,3705.34,3651.90,3679.17,32928042666.00,3772.01
20141231,3684.46,3752.71,3682.79,3746.14,33278553066.00,3665.63
20150105,3775.73,3876.34,3769.59,3857.54,44708216332.00,4913.74
20150106,3829.42,3907.56,3829.42,3884.41,42959486619.00,4931.95
20150107,3866.88,3898.59,3840.49,3881.12,32043518721.00,3771.67
20150108,3886.06,3886.06,3809.79,3809.79,30398653491.00,3510.16
20150109,3796.96,3917.29,3795.34,3796.30,34487222825.00,4106.75
20150112,3780.43,3794.16,3721.10,3762.28,27035030143.00,3305.81
20150113,3757.39,3801.67,3757.39,3780.48,19750780222.00,2598.24
20150114,3788.29,3798.49,3735.91,3760.04,20480562080.00,2474.36
20150115,3759.36,3851.01,3752.03,3851.01,23420731416.00,2883.55
20150116,3864.20,3914.56,3863.38,3896.41,28876326252.00,3563.80
20150119,3691.37,3778.96,3598.07,3628.98,34881645623.00,3914.38
20150120,3624.64,3711.63,3624.64,3706.50,30357986623.00,3862.60
20150121,3728.86,3850.83,3723.32,3850.83,34754200276.00,4351.30
20150122,3853.33,3882.35,3831.61,3877.43,28934945392.00,3729.23
20150123,3891.42,3912.58,3858.20,3866.58,29085289352.00,3712.19
20150126,3870.44,3913.83,3864.37,3913.78,25546524391.00,3190.74
20150127,3923.04,3924.50,3838.50,3892.56,30858478054.00,3777.61
20150128,3865.99,3895.06,3836.52,3843.10,23977664809.00,3038.36
20150129,3793.98,3820.28,3788.64,3800.54,22489259665.00,2661.76
20150130,3814.05,3821.99,3745.07,3745.07,21087345947.00,2541.07
20150202,3675.07,3722.24,3673.81,3674.96,20854716962.00,2399.71
20150203,3706.24,3763.71,3691.90,3763.71,20791245764.00,2632.07
20150204,3773.82,3792.50,3730.80,3730.80,20853068912.00,2656.00
20150205,3806.30,3806.30,3695.04,3695.04,26038017556.00,3230.98
20150206,3684.27,3691.23,3609.76,3630.36,21031309478.00,2440.74
20150209,3637.04,3670.24,3621.05,3646.00,17102465162.00,2130.70
20150210,3646.06,3712.35,3646.06,3712.35,16108725923.00,1987.54
20150211,3721.47,3754.22,3721.47,3749.67,15811043923.00,2060.88
20150212,3752.68,3774.29,3730.96,3765.02,17369605446.00,2162.87
20150213,3782.66,3831.01,3782.66,3800.15,21878953201.00,2697.73
20150216,3807.88,3851.62,3805.70,3849.94,19128549464.00,2607.26
20150217,3863.42,3887.31,3863.42,3875.46,18379448770.00,2437.45
20150225,3884.93,3884.93,3823.89,3837.52,19363566607.00,2532.16
20150226,3832.24,3914.16,3817.17,3911.92,24599077209.00,2981.02
20150227,3912.82,3944.05,3912.82,3930.60,24804975572.00,3059.06
20150302,3958.95,3972.97,3931.43,3972.97,27249034973.00,3575.98
20150303,3952.51,3952.51,3891.65,3891.65,30348594646.00,3936.09
20150304,3897.84,3926.76,3888.93,3926.74,23505069911.00,3109.02
20150305,3911.71,3915.44,3864.95,3892.90,24949654107.00,3264.60
20150306,3898.36,3908.19,3861.15,3862.93,21168553421.00,2757.51
20150309,3841.83,3935.86,3818.44,3934.56,24304351614.00,2941.75
20150310,3925.73,3958.55,3925.18,3935.70,21891388267.00,2840.06
20150311,3940.72,3972.73,3926.83,3936.95,21593601897.00,2768.82
20150312,3967.83,3994.36,3953.94,3990.96,27831031433.00,3446.51
20150313,4002.87,4034.87,4002.87,4028.88,26075129968.00,3212.49
20150316,4057.15,4136.91,4047.10,4136.91,31017292374.00,4137.58
20150317,4165.20,4198.85,4144.88,4190.21,41101017869.00,5047.14
20150318,4200.48,4284.20,4195.13,4284.20,45063188151.00,5308.05
20150319,4289.83,4298.64,4261.20,4287.60,43250943576.00,5206.51
20150320,4300.31,4343.29,4291.08,4333.25,41098615050.00,5513.61
20150323,4366.29,4429.86,4366.29,4429.86,42781757997.00,5711.40
20150324,4441.42,4449.80,4343.79,4448.17,52476833524.00,6726.24
20150325,4439.27,4463.95,4409.37,4431.93,42536385287.00,5777.69
20150326,4411.42,4469.06,4398.76,4426.27,39042929833.00,5452.12
20150327,4429.40,4469.59,4412.51,4451.62,32209192887.00,4365.43
20150330,4479.82,4560.02,4479.82,4556.91,44943414482.00,5809.74
20150331,4601.72,4607.42,4516.09,4528.10,45124163213.00,6178.93
20150401,4534.90,4629.13,4534.37,4617.73,35895892446.00,5129.46
20150402,4647.35,4648.84,4580.00,4643.23,37866841999.00,5454.05
20150403,4622.47,4694.84,4622.47,4694.84,35932713831.00,5298.80
20150407,4737.29,4795.35,4730.73,4795.35,45106416222.00,6281.03
20150408,4815.89,4820.27,4710.39,4796.43,47901130352.00,6927.81
20150409,4810.78,4810.78,4682.43,4749.48,44827484100.00,6595.87
20150410,4735.83,4854.41,4735.83,4854.27,37102172003.00,5524.77
20150413,4903.54,4958.06,4895.64,4951.73,45973490261.00,6528.76
20150414,4966.12,5010.20,4936.41,4968.54,47253437722.00,6640.97
20150415,4968.29,4973.68,4871.92,4878.03,50270183434.00,6515.69
20150416,4847.64,5024.06,4847.64,5017.91,44049605897.00,6057.18
20150417,5087.20,5136.25,5065.53,5107.30,58992226855.00,7951.19
20150420,5125.00,5195.71,5011.67,5044.92,72861818992.00,10117.33
20150421,5048.67,5162.87,5036.45,5162.87,53157609866.00,7609.76
20150422,5185.89,5288.80,5185.89,5288.80,55870201321.00,8406.69
20150423,5317.91,5333.68,5262.50,5304.67,53271775390.00,8090.25
20150424,5245.70,5301.80,5204.60,5289.28,52659907559.00,8047.17
20150427,5355.13,5406.51,5334.16,5403.48,56217726977.00,8598.47
20150428,5410.06,5410.06,5294.31,5309.74,65138612846.00,9381.77
20150429,5292.68,5387.84,5269.24,5368.61,42812449526.00,6792.03
20150430,5387.20,5420.64,5359.65,5359.65,42777321300.00,6828.56
20150504,5369.31,5405.22,5301.59,5405.22,40905963351.00,6383.18
20150505,5401.65,5401.65,5182.06,5193.19,49169560038.00,7222.94
20150506,5221.73,5309.67,5108.59,5144.71,40598565147.00,6528.77
20150507,5108.55,5117.96,5028.90,5029.32,32435452225.00,4798.78
20150508,5080.45,5162.72,5043.31,5162.72,33682639572.00,5299.91
20150511,5194.05,5335.14,5168.53,5335.14,40589794598.00,6705.42
20150512,5344.73,5419.19,5339.56,5419.19,41043654776.00,6940.83
20150513,5410.97,5458.91,5392.02,5399.65,41542131548.00,7083.53
20150514,5395.99,5409.25,5354.79,5375.81,36737633628.00,6011.18
20150515,5362.98,5362.98,5273.01,5302.75,35606247044.00,5817.71
20150518,5278.15,5347.08,5278.15,5304.98,30116879051.00,5236.37
20150519,5316.10,5458.26,5316.10,5458.26,33483731658.00,5793.90
20150520,5483.96,5606.37,5483.96,5512.79,40190118114.00,6882.32
20150521,5534.92,5640.40,5523.88,5640.40,35628952642.00,6319.67
20150522,5711.55,5750.93,5653.92,5750.79,50518430531.00,8385.87
20150525,5732.14,5910.57,5732.14,5910.57,51068033118.00,8578.47
20150526,5959.35,6053.90,5926.91,6053.90,53782847778.00,9250.46
20150527,6080.10,6080.10,5964.82,6046.55,52607667675.00,9167.72
20150528,6038.79,6079.34,5657.08,5658.40,62711266500.00,10059.70
20150529,5659.50,5757.94,5534.79,5687.78,47072787535.00,7449.07
20150601,5723.72,5968.60,5723.72,5966.58,45460656245.00,7333.43
20150602,6000.01,6105.46,5970.26,6105.35,47078498053.00,7940.18
20150603,6131.11,6131.11,5998.86,6099.10,45392153318.00,7960.61
20150604,6112.09,6118.48,5814.56,6117.07,51215650470.00,8325.11
20150605,6199.94,6233.64,6090.06,6176.09,58698012946.00,9722.33
20150608,6201.89,6269.40,6113.87,6248.43,66591099040.00,10290.68
20150609,6265.96,6270.65,6152.57,6220.50,59063592746.00,9337.44
20150610,6158.64,6318.21,6143.24,6247.67,48183083944.00,8183.50
20150611,6246.88,6270.62,6214.96,6270.62,44041052333.00,7806.25
20150612,6302.02,6338.33,6263.53,6321.03,48506405340.00,8293.67
20150615,6344.18,6344.18,6189.51,6189.51,52614029388.00,8980.31
20150616,6121.27,6123.30,5927.42,5977.29,45740858921.00,7706.30
20150617,5980.69,6083.56,5840.80,6082.19,44104399481.00,7028.52
20150618,6054.79,6074.75,5839.51,5839.51,40061394567.00,6535.75
20150619,5729.41,5784.48,5481.27,5482.04,38744928392.00,5976.46
20150623,5479.38,5624.92,5267.65,5624.92,39597099203.00,6122.78
20150624,5659.07,5733.82,5597.35,5733.82,46693583609.00,6997.65
20150625,5760.79,5760.79,5480.55,5520.31,47447232055.00,7192.53
20150626,5354.36,5410.81,5045.74,5084.98,46454152258.00,6562.90
20150629,5201.51,5201.51,4727.28,4876.39,54844091746.00,7540.28
20150630,4818.87,5182.96,4662.65,5182.96,56327225490.00,7906.50
20150701,5112.78,5251.30,4924.38,4930.14,46826097334.00,7071.59
20150702,4950.82,4950.82,4662.88,4724.71,47964354775.00,6411.46
20150703,4599.04,4775.09,4378.65,4465.12,45608337590.00,5841.47
20150706,4822.00,4822.00,4348.43,4527.61,68865957625.00,8358.47
20150707,4384.95,4443.14,4265.03,4413.27,63751349194.00,7385.63
20150708,4133.22,4244.40,4129.08,4158.70,62874385463.00,7017.10
20150709,4105.42,4423.73,4066.25,4397.54,48919814482.00,5439.39
20150710,4442.92,4685.43,4442.92,4617.89,46897430674.00,5798.73
20150713,4685.97,4815.56,4641.99,4768.93,49303180453.00,6504.17
20150714,4770.34,4864.00,4703.27,4716.67,47689267433.00,6470.84
20150715,4681.80,4702.63,4477.38,4542.43,46175114788.00,5961.88
20150716,4506.88,4666.10,4420.88,4591.75,37097504625.00,4900.69
20150717,4622.49,4823.44,4610.90,4787.14,36736556859.00,5127.09
20150720,4798.94,4877.68,4758.21,4823.75,40457805353.00,5917.55
20150721,4762.23,4880.37,4762.23,4840.84,35769838018.00,5166.42
20150722,4824.44,4875.23,4771.30,4851.69,36576652280.00,5397.29
20150723,4854.47,4968.79,4846.46,4963.69,40023175518.00,5775.38
20150724,4970.57,5022.14,4883.26,4884.10,44157067795.00,6493.64
20150727,4788.78,4865.69,4483.91,4484.07,41118677839.00,5819.34
20150728,4321.50,4539.90,4252.18,4431.05,42514857548.00,5705.48
20150729,4476.45,4592.54,4385.56,4592.54,32065858520.00,4616.99
20150730,4574.48,4631.70,4462.83,4462.83,31812138641.00,4768.32
20150731,4414.04,4502.48,4401.74,4442.84,25222113747.00,3642.96
20150803,4382.21,4429.95,4332.35,4409.37,27829648303.00,3721.99
20150804,4408.93,4578.09,4388.66,4578.09,26083951702.00,3657.69
20150805,4570.85,4610.48,4483.73,4497.82,25213826772.00,3690.07
20150806,4415.36,4525.31,4415.36,4464.46,18356436743.00,2631.66
20150807,4508.71,4578.10,4506.95,4568.44,23125889079.00,3433.34
20150810,4621.09,4796.42,4612.42,4778.07,35064024428.00,5010.90
20150811,4781.70,4810.11,4743.30,4769.55,38092797110.00,5398.47
20150812,4722.17,4785.98,4706.39,4706.39,30678330818.00,4423.62
20150813,4693.64,4785.41,4649.14,4785.41,28938485467.00,4141.21
20150814,4813.65,4834.22,4776.61,4786.99,30394410421.00,4489.08
20150817,4768.88,4811.18,4734.13,4811.18,30761085880.00,4401.01
20150818,4818.71,4825.97,4500.35,4501.39,37113691069.00,5308.78
20150819,4394.13,4599.10,4316.48,4580.89,31985488397.00,4383.45
20150820,4541.73,4583.20,4441.52,4441.52,26283685940.00,3713.34
20150821,4376.41,4427.26,4233.65,4234.67,26352858971.00,3502.91
20150824,4068.70,4068.70,3868.83,3877.20,26934333874.00,3062.44
20150825,3631.14,3763.25,3590.78,3603.35,28806574365.00,3116.29
20150826,3614.25,3752.33,3492.39,3550.64,34529532011.00,3769.95
20150827,3625.88,3734.88,3555.17,3734.88,29905721799.00,3327.18
20150828,3782.57,3916.77,3769.29,3907.50,33838123892.00,3840.37
20150831,3867.26,3888.66,3763.77,3888.66,30260218772.00,3527.33
20150901,3814.38,3825.92,3688.62,3822.04,35236137921.00,3622.78
20150902,3657.33,3831.79,3657.33,3808.26,35971082752.00,3736.84
20150907,3804.51,3876.67,3718.95,3718.95,23566436698.00,2683.17
20150908,3687.41,3827.11,3645.55,3827.11,18835252224.00,2150.95
20150909,3843.89,3937.70,3843.89,3910.72,27962745882.00,3455.70
20150910,3852.84,3912.61,3852.84,3863.79,18711919025.00,2310.71
20150911,3857.05,3894.16,3830.05,3866.42,15281279908.00,1924.99
20150914,3893.36,3893.36,3690.81,3757.52,24714060465.00,2865.47
20150915,3670.33,3709.98,3583.24,3601.66,18119568016.00,1956.72
20150916,3601.92,3822.20,3596.85,3789.59,20042005369.00,2229.02
20150917,3771.55,3844.97,3716.91,3716.91,22527347322.00,2706.83
20150918,3739.05,3767.86,3714.24,3744.54,14791600302.00,1793.35
20150921,3709.49,3826.92,3709.49,3826.92,16962223022.00,2131.91
20150922,3833.31,3879.07,3828.11,3852.71,19280045488.00,2435.56
20150923,3794.74,3829.51,3770.84,3780.67,16936288042.00,2033.55
20150924,3799.78,3822.62,3777.30,3811.22,14424986356.00,1834.69
20150925,3797.99,3816.20,3706.21,3736.89,16080089794.00,1913.31
20150928,3733.47,3769.47,3700.81,3767.79,10755971307.00,1363.43
20150929,3712.80,3733.83,3680.38,3696.11,11920079437.00,1431.42
20150930,3717.32,3738.68,3694.07,3719.39,10192221435.00,1307.64
20151008,3852.02,3871.48,3826.86,3834.17,16567737653.00,2141.79
20151009,3840.70,3892.00,3840.70,3884.11,16139391536.00,2020.03
20151012,3899.47,4052.42,3899.47,4010.97,27135817181.00,3403.14
20151013,3983.64,4022.85,3983.64,4021.72,19432099100.00,2519.05
20151014,4006.01,4031.27,3976.79,3976.79,19895341152.00,2478.27
20151015,3971.74,4075.89,3971.74,4075.89,21750823266.00,2828.10
20151016,4100.87,4130.33,4073.93,4128.46,26297847577.00,3414.56
20151019,4142.53,4158.89,4093.02,4120.39,25740049389.00,3378.16
20151020,4112.34,4176.75,4106.29,4176.75,23001798738.00,3142.64
20151021,4178.31,4187.70,4001.27,4030.38,34218701420.00,4305.68
20151022,4010.70,4107.30,4003.22,4107.30,23367400584.00,3099.62
20151023,4126.62,4173.95,4107.04,4169.25,25846804555.00,3612.86
20151026,4215.80,4215.80,4153.59,4188.41,26011386230.00,3768.43
20151027,4164.59,4205.76,4088.70,4204.23,24765797880.00,3438.78
20151028,4184.74,4204.28,4121.57,4121.57,22023386708.00,3091.59
20151029,4143.00,4165.41,4107.63,4137.68,16930974661.00,2442.50
20151030,4132.56,4179.45,4103.10,4132.92,17567199609.00,2595.00
20151102,4073.70,4145.80,4060.08,4062.58,16814607729.00,2465.63
20151103,4073.43,4089.39,4035.22,4049.31,13343058581.00,1964.48
20151104,4063.50,4235.35,4063.50,4235.35,24363673859.00,3479.06
20151105,4231.81,4361.22,4231.81,4294.27,42540006039.00,5662.99
20151106,4292.68,4391.70,4292.68,4386.37,31866434705.00,4458.06
20151109,4382.36,4474.34,4382.36,4447.41,37676199327.00,5199.09
20151110,4415.25,4465.81,4415.25,4439.34,31307880708.00,4469.28
20151111,4437.90,4450.19,4405.11,4450.19,26760317358.00,3830.69
20151112,4463.35,4463.35,4391.92,4412.12,25549903844.00,3880.26
20151113,4370.80,4393.57,4332.39,4343.33,23400762450.00,3499.79
20151116,4272.42,4382.91,4272.42,4382.91,19154924945.00,2906.84
20151117,4412.39,4453.03,4358.44,4361.76,27075606609.00,4221.48
20151118,4366.88,4375.92,4309.95,4310.75,19879617626.00,2974.84
20151119,4319.86,4389.22,4315.70,4389.22,18148337804.00,2685.12
20151120,4397.41,4418.02,4384.03,4406.45,23155529036.00,3426.48
20151123,4406.56,4438.98,4369.94,4379.40,21863554409.00,3261.87
20151124,4371.55,4384.48,4324.83,4384.48,16509558964.00,2467.54
20151125,4383.33,4429.31,4376.29,4429.31,18953439346.00,3055.82
20151126,4443.43,4445.37,4399.59,4401.67,20998535757.00,3305.15
20151127,4382.47,4382.47,4143.03,4163.29,24669776569.00,3565.90
20151130,4161.57,4189.25,4024.33,4170.38,20771342335.00,2974.31
20151201,4168.08,4213.22,4146.38,4191.32,16367135084.00,2401.76
20151202,4187.18,4287.67,4172.68,4287.67,21834634210.00,2841.43
20151203,4278.95,4336.08,4278.95,4336.08,20386633186.00,2615.84
20151204,4308.32,4316.32,4263.93,4266.76,17080758988.00,2424.25
20151207,4274.35,4301.92,4257.61,4292.09,13958440054.00,2131.56
20151208,4269.76,4269.76,4208.46,4210.24,15437911283.00,2214.68
20151209,4196.85,4232.55,4196.85,4213.54,13642405313.00,2068.41
20151210,4211.98,4251.18,4200.47,4205.34,13855932997.00,2127.20
20151211,4187.60,4198.37,4165.80,4183.58,12727743287.00,1864.83
20151214,4146.22,4275.66,4146.22,4275.66,15464926361.00,2196.80
20151215,4272.38,4296.25,4263.97,4274.35,14060429651.00,2214.60
20151216,4285.55,4296.14,4263.53,4270.81,13121728203.00,2054.40
20151217,4299.22,4356.96,4299.22,4356.96,20639915362.00,3059.85
20151218,4357.06,4398.59,4357.06,4369.32,20057715702.00,2972.80
20151221,4365.43,4475.89,4365.43,4467.50,23646816457.00,3394.75
20151222,4475.21,4486.12,4440.83,4486.12,20571314267.00,3037.28
20151223,4486.68,4507.97,4451.98,4455.26,21612224794.00,3258.00
20151224,4449.82,4449.82,4393.96,4431.41,15907946956.00,2381.08
20151225,4435.34,4451.63,4423.45,4444.89,13630767399.00,2071.22
20151228,4456.06,4456.06,4332.77,4332.77,18228804810.00,2765.76
20151229,4327.45,4367.41,4309.41,4367.41,12610442693.00,1964.98
20151230,4372.35,4385.42,4345.13,4385.42,13198310104.00,2151.33
20151231,4382.94,4390.10,4335.12,4337.75,12621786236.00,2024.73
20160104,4335.19,4335.19,4027.59,4027.59,13610874606.00,1929.81
20160105,3908.56,4062.61,3908.56,4019.86,19314507189.00,2618.47
20160106,4028.40,4096.09,4011.34,4096.09,16982275052.00,2165.46
20160107,4031.14,4031.14,3797.79,3807.74,4916282391.00,587.25
20160108,3895.63,3925.46,3728.01,3869.99,20395287239.00,2467.18
20160111,3801.35,3838.08,3665.75,3665.75,19618285832.00,2251.83
20160112,3686.11,3715.51,3637.13,3686.68,14612943961.00,1770.21
20160113,3714.63,3734.13,3601.06,3601.06,13723860931.00,1615.72
20160114,3509.25,3691.36,3509.25,3689.57,15492574423.00,1802.10
20160115,3666.01,3684.04,3555.80,3570.15,14645575300.00,1718.01
20160118,3511.55,3627.05,3511.55,3599.00,12370353391.00,1496.74
20160119,3598.94,3710.90,3587.74,3707.88,15114374839.00,1861.07
20160120,3686.31,3711.49,3633.20,3653.89,15630789080.00,1888.97
20160121,3607.85,3678.23,3539.20,3539.20,13437741759.00,1633.93
20160122,3577.77,3584.60,3511.68,3580.01,11189958701.00,1340.93
20160125,3600.11,3618.59,3570.18,3599.24,10105734567.00,1192.17
20160126,3562.33,3564.39,3374.07,3375.81,14881467787.00,1640.29
20160127,3388.27,3388.27,3247.89,3361.76,15455681269.00,1647.75
20160128,3331.86,3359.83,3258.25,3261.12,11591727881.00,1246.47
20160129,3261.14,3387.79,3261.14,3366.62,13011822279.00,1386.40
20160201,3359.46,3367.35,3291.40,3318.80,10397709783.00,1120.17
20160202,3320.78,3407.01,3320.78,3398.02,10744966940.00,1238.63
20160203,3359.73,3392.33,3338.04,3388.47,9488046680.00,1072.04
20160204,3402.33,3448.70,3402.33,3436.25,11309459589.00,1307.45
20160205,3437.40,3443.09,3416.33,3416.33,9302536689.00,1060.35
20160215,3327.08,3418.95,3327.08,3405.87,9043883102.00,1019.69
20160216,3422.95,3517.94,3422.95,3516.93,13734652162.00,1557.22
20160217,3513.86,3548.58,3506.13,3548.58,15812773760.00,1737.81
20160218,3567.45,3571.27,3534.55,3534.73,15090240742.00,1709.16
20160219,3527.56,3550.18,3514.39,3537.78,11195216923.00,1367.82
20160222,3574.74,3613.72,3560.59,3608.26,16448317561.00,1851.86
20160223,3606.77,3606.89,3542.20,3575.60,13777699795.00,1629.02
20160224,3562.66,3597.78,3537.08,3597.78,13955556256.00,1628.77
20160225,3591.72,3591.72,3363.98,3369.64,18825100621.00,2051.45
20160226,3394.72,3411.89,3352.21,3392.41,13104077810.00,1422.12
20160229,3380.14,3380.14,3239.41,3283.99,15043664333.00,1517.90
20160301,3286.84,3350.90,3262.73,3341.94,13408620793.00,1400.49
20160302,3344.21,3480.32,3344.21,3476.12,19406853939.00,1955.84
20160303,3472.68,3513.35,3472.68,3486.24,19440013165.00,2049.13
20160304,3474.61,3504.11,3443.01,3491.78,23213975573.00,2319.13
20160307,3512.78,3541.80,3497.87,3520.36,15183316612.00,1593.08
20160308,3514.82,3532.09,3415.12,3532.09,16519437479.00,1707.72
20160309,3461.09,3487.91,3442.77,3485.73,13270910671.00,1394.06
20160310,3471.62,3490.37,3423.68,3423.68,9395549688.00,1059.38
20160311,3395.84,3435.00,3388.19,3425.13,8627579553.00,940.64
20160314,3451.54,3529.81,3450.68,3491.81,13715243712.00,1582.02
20160315,3486.44,3493.59,3452.06,3492.89,11754802830.00,1352.93
20160316,3493.02,3510.90,3487.24,3498.50,13539250298.00,1497.04
20160317,3507.57,3570.20,3496.14,3555.51,14634961398.00,1829.67
20160318,3571.36,3646.72,3571.36,3621.58,22591600332.00,2701.32
20160321,3654.53,3708.36,3654.53,3698.89,24972275865.00,3014.26
20160322,3675.80,3706.95,3675.80,3680.81,18103322790.00,2382.59
20160323,3672.80,3695.81,3658.35,3695.81,14550046130.00,1982.84
20160324,3669.21,3685.94,3640.52,3640.52,16012662375.00,2179.70
20160325,3635.15,3662.49,3631.45,3660.28,12076078715.00,1554.99
20160328,3674.85,3696.46,3622.90,3632.01,13054058132.00,1716.10
20160329,3631.10,3631.10,3567.21,3582.50,11753683063.00,1493.03
20160330,3611.93,3682.87,3611.93,3682.87,13761659262.00,1793.18
20160331,3697.73,3707.63,3679.05,3686.93,14529468586.00,1962.57
20160401,3680.39,3689.63,3629.55,3687.15,14238607174.00,1692.45
20160405,3678.45,3752.92,3678.45,3746.09,17359356859.00,2122.65
20160406,3730.40,3749.73,3720.71,3746.26,15379778592.00,1971.13
20160407,3755.92,3755.92,3690.09,3690.22,14654611527.00,1887.73
20160408,3665.81,3674.42,3638.08,3662.94,12441848992.00,1579.75
20160411,3689.22,3735.13,3689.22,3717.26,14862508454.00,1936.26
20160412,3715.86,3721.20,3684.17,3703.16,12160694742.00,1594.32
20160413,3725.31,3789.10,3725.31,3750.54,22254160866.00,2630.03
20160414,3769.30,3776.35,3743.17,3770.23,14107808396.00,1739.56
20160415,3775.58,3778.30,3754.80,3765.99,12454399897.00,1567.40
20160418,3743.87,3743.87,3709.51,3714.85,12045337827.00,1493.05
20160419,3732.67,3732.67,3707.61,3725.21,10013415590.00,1276.18
20160420,3734.31,3734.31,3570.42,3634.86,19124545039.00,2289.76
20160421,3615.50,3655.44,3608.50,3610.90,12746171302.00,1480.13
20160422,3589.47,3628.71,3589.47,3628.71,9622193020.00,1143.47
20160425,3618.36,3624.09,3586.00,3613.43,8421044197.00,1039.44
20160426,3610.30,3637.13,3601.12,3637.13,7727775925.00,992.94
20160427,3641.05,3649.48,3619.59,3622.65,8137473594.00,1056.14
20160428,3625.36,3628.29,3579.48,3614.53,8929466668.00,1115.52
20160429,3605.83,3626.44,3605.83,3611.11,7224699265.00,958.69
20160503,3614.16,3687.08,3605.49,3687.06,11861362773.00,1530.12
20160504,3674.87,3698.54,3672.93,3682.23,11622266967.00,1424.77
20160505,3676.72,3690.50,3669.74,3689.35,9547874226.00,1208.50
20160506,3688.64,3694.07,3582.94,3582.94,14102216211.00,1725.82
20160509,3562.82,3562.82,3484.38,3495.87,12118993699.00,1352.78
20160510,3484.54,3513.51,3484.54,3498.82,8331280240.00,936.50
20160511,3512.81,3530.63,3494.34,3507.43,9841652480.00,1137.23
20160512,3476.43,3512.86,3455.47,3512.57,9508224648.00,1070.72
20160513,3502.96,3529.90,3488.88,3496.97,7833551478.00,909.94
20160516,3485.45,3527.50,3477.46,3527.50,7719800491.00,917.58
20160517,3528.81,3540.30,3504.99,3521.05,8676152307.00,1108.39
20160518,3502.16,3502.16,3457.82,3480.27,10155836552.00,1167.18
20160519,3474.00,3507.75,3474.00,3480.84,7935999706.00,969.81
20160520,3461.91,3504.11,3461.91,3504.11,7513090306.00,943.63
20160523,3506.85,3527.58,3506.85,3522.12,8237836032.00,1055.35
20160524,3517.27,3517.27,3484.14,3492.58,7809757822.00,899.57
20160525,3512.94,3522.44,3484.76,3485.42,7490488287.00,922.79
20160526,3480.91,3493.41,3445.79,3493.41,8161115942.00,986.83
20160527,3487.72,3504.18,3481.01,3491.38,7907680098.00,914.66
20160530,3481.68,3500.36,3467.66,3491.53,7845197204.00,903.08
20160531,3493.81,3607.10,3493.81,3607.10,15899732925.00,1900.38
20160601,3611.25,3620.97,3604.41,3604.59,13603870822.00,1761.10
20160602,3600.56,3615.44,3594.94,3615.44,10815943229.00,1383.78
20160603,3621.78,3656.27,3611.46,3642.55,12682975675.00,1855.33
20160606,3648.84,3648.84,3624.17,3634.98,9957389253.00,1446.50
20160607,3637.86,3637.86,3621.25,3632.22,8766925914.00,1257.97
20160608,3626.84,3629.69,3602.02,3617.82,9770685618.00,1378.31
20160613,3581.58,3596.25,3497.91,3497.91,11722314547.00,1591.75
20160614,3488.21,3511.22,3483.42,3505.84,8063377704.00,1071.24
20160615,3472.02,3573.58,3472.02,3567.34,11292765015.00,1525.22
20160616,3555.38,3567.40,3540.38,3545.65,11300292292.00,1465.81
20160617,3548.87,3586.56,3548.87,3567.36,11695431090.00,1488.95
20160620,3571.27,3571.27,3543.39,3568.90,8788232585.00,1150.20
20160621,3584.28,3602.00,3542.15,3550.29,10755484139.00,1421.35
20160622,3544.92,3586.07,3544.43,3586.07,8530671308.00,1134.37
20160623,3582.10,3583.05,3555.85,3570.07,9557740374.00,1299.22
20160624,3563.00,3578.58,3494.76,3527.39,13406881507.00,1706.92
20160627,3511.88,3586.18,3511.88,3586.18,11089215878.00,1564.27
20160628,3572.05,3607.74,3572.05,3607.74,12343505150.00,1734.75
20160629,3617.61,3628.97,3612.99,3623.75,13143888848.00,1667.66
20160630,3627.17,3636.70,3620.91,3628.75,10415281755.00,1449.57
20160701,3632.97,3646.57,3626.18,3627.53,9774230284.00,1347.08
20160704,3608.30,3688.63,3608.30,3684.80,15635141895.00,1926.57
20160705,3681.64,3697.77,3681.00,3688.56,16345166117.00,2024.14
20160706,3676.29,3701.62,3663.13,3701.30,15039309310.00,1927.20
20160707,3689.91,3706.03,3677.77,3694.33,15064529073.00,1978.24
20160708,3683.24,3690.14,3664.62,3676.88,11685998246.00,1580.86
20160711,3687.77,3725.94,3687.77,3690.09,16652995984.00,2075.38
20160712,3689.16,3761.39,3684.82,3761.39,19753877017.00,2368.95
20160713,3764.83,3787.53,3764.83,3777.55,19739054610.00,2424.18
20160714,3772.03,3774.68,3759.70,3774.68,14030426552.00,1878.24
20160715,3775.50,3779.65,3758.50,3770.94,13119119972.00,1774.77
20160718,3764.79,3777.97,3753.10,3758.15,13313783250.00,1740.86
20160719,3756.47,3759.01,3723.41,3749.35,11519408530.00,1549.40
20160720,3746.79,3753.99,3735.18,3738.21,9824111601.00,1371.49
20160721,3738.46,3773.80,3738.46,3754.75,11418748432.00,1563.92
20160722,3753.42,3753.42,3722.65,3725.75,11437266607.00,1561.03
20160725,3720.34,3746.87,3718.46,3732.73,10033429299.00,1414.32
20160726,3730.13,3778.11,3730.13,3778.11,10746488942.00,1450.74
20160727,3780.12,3788.01,3659.53,3699.21,20523521356.00,2592.11
20160728,3686.72,3722.40,3682.69,3707.60,14392650421.00,1850.88
20160729,3704.17,3710.74,3685.38,3685.65,11188751646.00,1413.21
20160801,3675.57,3675.57,3622.15,3646.55,10932500528.00,1335.77
20160802,3641.81,3665.46,3637.10,3665.46,7862162421.00,969.82
20160803,3655.86,3675.11,3655.86,3672.38,9389302347.00,1111.34
20160804,3669.58,3684.11,3654.81,3684.11,9055285371.00,1152.32
20160805,3684.26,3701.30,3675.29,3680.27,8998956753.00,1178.72
20160808,3674.55,3719.51,3661.08,3719.51,10572832189.00,1333.96
20160809,3716.67,3748.87,3715.61,3748.87,11276437063.00,1409.92
20160810,3746.03,3755.56,3734.01,3734.01,10965448098.00,1367.07
20160811,3727.96,3749.06,3708.91,3708.91,10840591547.00,1324.63
20160812,3707.68,3764.93,3707.68,3764.93,11453562373.00,1344.14
20160815,3772.51,3877.16,3772.51,3861.78,20939574019.00,2513.79
20160816,3873.14,3879.38,3852.83,3854.03,19417836187.00,2319.40
20160817,3852.13,3866.36,3837.23,3858.05,14840391990.00,1851.29
20160818,3856.28,3870.50,3839.13,3846.31,15150995042.00,1890.38
20160819,3841.32,3856.71,3827.60,3850.38,13427176868.00,1587.68
20160822,3850.16,3850.87,3816.12,3816.12,12437902949.00,1514.59
20160823,3811.61,3837.41,3808.82,3821.63,10949534469.00,1289.45
20160824,3823.07,3830.70,3811.15,3816.17,9858072374.00,1195.91
20160825,3797.44,3797.44,3758.26,3788.56,11197111617.00,1363.47
20160826,3793.56,3817.97,3789.92,3794.20,10171553969.00,1275.52
20160829,3795.13,3805.16,3788.90,3796.30,9780538827.00,1227.62
20160830,3798.69,3810.89,3793.80,3800.26,9114145441.00,1157.67
20160831,3798.20,3811.04,3787.00,3809.96,8726269352.00,1137.72
20160901,3809.84,3815.56,3785.67,3785.67,9829905191.00,1222.32
20160902,3782.42,3801.31,3776.70,3791.82,9773117956.00,1223.14
20160905,3800.50,3818.43,3797.25,3802.36,8818357167.00,1082.06
20160906,3805.57,3837.63,3786.71,3837.63,12061368044.00,1565.12
20160907,3839.30,3853.83,3836.37,3838.40,13019169338.00,1591.47
20160908,3835.71,3843.32,3829.32,3841.87,9314750068.00,1191.44
20160909,3842.08,3847.69,3816.51,3816.51,10081115013.00,1285.48
20160912,3761.45,3764.96,3723.81,3743.67,14035247386.00,1662.12
20160913,3750.53,3753.94,3728.54,3745.07,8183276489.00,1049.09
20160914,3727.39,3737.72,3712.27,3720.09,7982463173.00,996.58
20160919,3725.30,3751.68,3725.30,3751.68,7047721454.00,894.39
20160920,3753.16,3753.16,3739.18,3744.42,6412517573.00,810.85
20160921,3744.61,3756.90,3742.24,3752.38,6923987095.00,891.35
20160922,3770.02,3789.77,3766.62,3779.54,8936140587.00,1139.35
20160923,3781.92,3781.92,3766.51,3766.71,7506675068.00,973.58
20160926,3759.32,3759.32,3699.42,3699.42,9039458671.00,1098.51
20160927,3692.96,3721.50,3688.83,3721.50,7121278919.00,881.75
20160928,3725.74,3725.74,3710.71,3712.19,5703304760.00,725.49
20160929,3716.33,3735.82,3716.33,3724.76,6297072702.00,776.83
20160930,3720.45,3742.26,3720.45,3736.26,5513738412.00,707.43
20161010,3753.63,3796.48,3753.63,3796.48,9587267622.00,1205.64
20161011,3799.92,3814.23,3798.93,3814.23,10697405618.00,1213.53
20161012,3804.59,3809.61,3797.88,3808.54,8867724939.00,1047.45
20161013,3806.75,3814.06,3798.49,3809.35,9794034444.00,1101.35
20161014,3804.31,3809.39,3786.26,3809.08,9650486010.00,1071.76
20161017,3810.52,3813.51,3769.32,3776.52,10224956985.00,1168.50
20161018,3771.03,3824.30,3771.03,3824.30,11374912263.00,1250.29
20161019,3827.81,3836.31,3813.05,3817.95,11878517875.00,1257.58
20161020,3819.00,3825.06,3812.06,3820.58,9563798034.00,1093.12
20161021,3818.18,3836.09,3804.68,3824.58,12439625049.00,1322.78
20161024,3829.31,3873.23,3828.48,3864.08,15654783100.00,1601.73
20161025,3866.08,3869.86,3857.20,3868.64,12975552516.00,1414.49
20161026,3866.75,3866.75,3847.13,3851.74,12030980048.00,1381.70
20161027,3847.56,3847.56,3827.34,3839.09,9655967687.00,1135.97
20161028,3837.47,3853.41,3821.68,3823.34,10233045089.00,1185.01
20161031,3816.19,3819.26,3802.81,3816.12,8698487037.00,1045.94
20161101,3820.37,3844.12,3815.77,3844.12,8711243548.00,1047.28
20161102,3834.99,3836.07,3811.55,3811.75,10592314877.00,1232.80
20161103,3804.16,3851.47,3804.16,3840.27,13130037915.00,1469.49
20161104,3836.80,3850.68,3822.07,3826.86,11564493689.00,1295.11
20161107,3825.79,3835.63,3814.04,3828.17,11507226611.00,1161.93
20161108,3839.57,3858.41,3835.28,3847.00,12026310645.00,1255.31
20161109,3847.05,3849.01,3800.54,3826.30,15909631608.00,1696.60
20161110,3851.31,3875.10,3851.31,3868.23,15672814825.00,1580.10
20161111,3864.56,3888.52,3858.87,3888.52,20518276745.00,2000.15
20161114,3882.23,3918.00,3882.23,3903.61,22859040073.00,2245.15
20161115,3905.11,3910.54,3896.83,3910.54,16513174424.00,1713.06
20161116,3913.50,3917.52,3906.57,3911.18,15640632502.00,1635.26
20161117,3905.14,3916.16,3891.30,3915.79,14126734283.00,1453.95
20161118,3918.23,3921.32,3897.09,3898.12,13382647733.00,1393.35
20161121,3894.29,3940.85,3894.29,3918.70,16191886995.00,1693.34
20161122,3920.64,3947.14,3920.64,3947.14,18385527378.00,1900.66
20161123,3952.98,3965.03,3943.33,3947.67,17194825770.00,1902.57
20161124,3942.80,3973.05,3942.80,3953.74,15787763493.00,1828.48
20161125,3954.50,3985.15,3919.32,3985.15,16342186413.00,1819.65
20161128,4001.94,4019.66,3999.25,4005.39,22359292332.00,2418.17
20161129,3996.47,4047.28,3994.86,4031.33,25128844830.00,2727.33
20161130,4023.40,4030.58,3996.07,4006.84,19021935778.00,2117.04
20161201,4014.32,4038.82,4014.32,4028.57,18110050380.00,2092.75
20161202,4022.96,4022.96,3982.48,3984.82,20153890087.00,2165.69
20161205,3929.12,3957.92,3928.95,3935.15,17889015628.00,1944.79
20161206,3934.15,3945.55,3928.53,3928.56,12244266892.00,1388.31
20161207,3928.39,3950.88,3918.26,3950.88,12217427444.00,1312.74
20161208,3957.09,3958.34,3942.84,3943.21,13097754624.00,1410.06
20161209,3936.80,3972.69,3936.80,3959.09,15759688456.00,1675.35
20161212,3954.48,3954.94,3846.02,3848.87,21163342255.00,2285.40
20161213,3833.03,3859.06,3808.58,3848.08,13823947133.00,1447.84
20161214,3841.32,3855.91,3819.23,3819.23,14242244835.00,1488.77
20161215,3803.36,3819.58,3778.01,3789.14,13130264706.00,1413.62
20161216,3783.37,3808.83,3783.14,3800.06,10634502023.00,1175.27
20161219,3796.63,3799.54,3779.11,3783.29,9524380091.00,1011.52
20161220,3783.07,3783.07,3744.71,3762.64,10302273797.00,1029.99
20161221,3768.73,3797.84,3768.73,3796.47,12331255420.00,1213.39
20161222,3793.65,3798.28,3781.94,3794.59,10619804118.00,1076.23
20161223,3792.82,3792.82,3760.89,3764.91,11044374713.00,1154.84
20161226,3749.63,3779.99,3719.45,3779.99,10492876138.00,1120.31
20161227,3777.12,3787.32,3773.76,3773.76,9089633059.00,982.33
20161228,3773.84,3776.37,3753.00,3757.96,8285102338.00,890.56
20161229,3752.88,3767.21,3744.93,3753.87,8188328984.00,903.17
20161230,3759.32,3768.48,3752.18,3764.99,8498737381.00,933.98
20170103,3769.64,3799.11,3769.64,3799.11,9987779962.00,1045.53
20170104,3798.35,3833.75,3798.35,3833.75,11380283013.00,1274.06
20170105,3833.38,3839.11,3830.19,3835.85,11014218795.00,1197.71
20170106,3835.24,3836.33,3815.11,3815.60,11126094575.00,1196.99
20170109,3812.91,3837.49,3812.66,3837.49,10840154384.00,1191.54
20170110,3835.01,3843.77,3827.66,3829.23,11044023629.00,1140.26
20170111,3826.20,3839.20,3803.52,3803.52,11654559163.00,1129.22
20170112,3801.15,3809.32,3780.44,3780.44,10203789209.00,976.16
20170113,3780.63,3793.75,3768.49,3771.82,10193357427.00,1037.53
20170116,3765.69,3765.69,3695.78,3750.79,17798233683.00,1738.37
20170117,3735.59,3767.17,3724.93,3767.17,8954407930.00,967.16
20170118,3762.28,3788.47,3762.28,3776.22,8770595113.00,942.25
20170119,3767.14,3780.75,3758.68,3763.36,8081707828.00,788.58
20170120,3762.17,3798.23,3762.17,3796.81,7807888014.00,862.65
20170123,3802.46,3824.44,3802.46,3811.05,9310713005.00,951.19
20170124,3809.22,3814.35,3801.76,3808.93,8317421400.00,833.15
20170125,3804.89,3822.23,3800.98,3822.23,7379657467.00,765.71
20170126,3824.74,3844.10,3824.74,3839.38,8061223052.00,816.45
20170203,3842.68,3842.68,3813.54,3816.10,6896090269.00,710.03
20170206,3819.30,3838.08,3811.87,3831.86,8648824742.00,936.17
20170207,3830.00,3834.38,3812.62,3823.44,8284039872.00,907.00
20170208,3819.45,3840.79,3803.96,3840.79,9176015207.00,990.72
20170209,3840.00,3863.33,3840.00,3857.26,11761816081.00,1230.60
20170210,3858.15,3880.17,3858.15,3872.01,15526724710.00,1508.03
20170213,3875.51,3896.48,3875.51,3895.22,14443431821.00,1482.37
20170214,3896.50,3898.11,3883.23,3895.16,12026775071.00,1219.26
20170215,3893.97,3903.89,3869.20,3874.53,15598892223.00,1506.08
20170216,3874.99,3896.44,3872.99,3896.44,13110288909.00,1239.16
20170217,3897.29,3903.35,3868.28,3870.44,13141951291.00,1340.10
20170220,3871.48,3924.93,3871.48,3924.93,15256328870.00,1561.50
20170221,3929.45,3941.84,3929.45,3941.84,13598223027.00,1448.82
20170222,3942.67,3952.88,3935.48,3952.88,13424303505.00,1440.88
20170223,3951.15,3954.87,3927.80,3940.82,13495523937.00,1436.11
20170224,3936.31,3943.48,3924.63,3943.48,12953507786.00,1378.11
20170227,3941.11,3944.45,3911.69,3914.41,12732271836.00,1385.80
20170228,3913.23,3928.34,3908.33,3922.06,9826017220.00,1086.65
20170301,3920.73,3941.73,3919.83,3930.00,12907469533.00,1403.02
20170302,3935.07,3936.75,3904.13,3904.13,11308335191.00,1257.94
20170303,3893.12,3902.19,3881.64,3902.19,10470497959.00,1205.35
20170306,3902.50,3926.95,3902.50,3926.95,10766265896.00,1306.63
20170307,3927.20,3935.93,3919.21,3935.93,10378626750.00,1267.53
20170308,3933.61,3936.71,3920.22,3928.29,10067065032.00,1182.50
20170309,3921.35,3921.35,3891.95,3903.82,10674658916.00,1201.10
20170310,3900.04,3911.31,3900.04,3904.98,8702920645.00,1087.64
20170313,3903.13,3938.98,3894.09,3938.98,11127167370.00,1366.29
20170314,3937.96,3943.58,3927.84,3936.17,9602020460.00,1230.34
20170315,3931.10,3944.28,3929.15,3944.28,9848225099.00,1220.03
20170316,3953.70,3969.53,3953.70,3964.11,11921744189.00,1447.99
20170317,3967.25,3969.06,3927.18,3927.18,12307194368.00,1505.89
20170320,3932.41,3938.39,3913.91,3937.33,10374495818.00,1253.36
20170321,3937.10,3958.58,3933.32,3958.58,10389083461.00,1368.12
20170322,3940.66,3956.70,3927.58,3944.58,12345598567.00,1504.52
20170323,3946.90,3964.98,3930.99,3955.03,11400141438.00,1453.54
20170324,3957.59,3989.77,3957.59,3984.83,14874986748.00,1714.79
20170327,3984.75,3996.41,3966.95,3969.20,13102341172.00,1546.18
20170328,3969.42,3971.77,3951.36,3959.53,10327499997.00,1238.72
20170329,3963.07,3975.20,3942.24,3954.81,13343757283.00,1454.17
20170330,3950.05,3950.05,3903.63,3912.66,15144161944.00,1567.68
20170331,3911.46,3936.37,3911.46,3936.37,11785064960.00,1304.35
20170405,3958.92,3994.48,3958.92,3994.48,16980777719.00,1953.03
20170406,4001.33,4010.80,3989.47,4009.08,15164464435.00,1745.02
20170407,4008.97,4025.25,4001.78,4015.32,16539093709.00,1858.09
20170410,4016.01,4018.29,3999.23,4000.33,16799640588.00,1946.45
20170411,3998.11,4018.99,3970.39,4017.31,20606917293.00,2431.92
20170412,4011.38,4016.62,3996.63,4000.14,19828412330.00,2116.68
20170413,3990.73,4014.80,3990.73,4011.42,14498899042.00,1560.52
20170414,4013.61,4013.61,3968.00,3976.36,15576456474.00,1623.01
20170417,3965.64,3970.22,3939.04,3964.68,15907570664.00,1732.81
20170418,3960.30,3980.24,3946.72,3946.72,13693237639.00,1581.30
20170419,3934.50,3934.50,3896.86,3923.09,15127393252.00,1657.40
20170420,3922.61,3946.90,3922.61,3940.37,13864327645.00,1648.71
20170421,3939.74,3953.37,3926.84,3937.44,12245570615.00,1379.69
20170424,3927.91,3927.91,3871.05,3883.80,13433669020.00,1464.57
20170425,3881.42,3909.62,3881.42,3900.34,11487540100.00,1329.81
20170426,3900.08,3927.08,3900.08,3907.40,13179180990.00,1579.44
20170427,3896.82,3917.08,3856.54,3915.44,15200357480.00,1733.54
20170428,3907.50,3911.30,3891.67,3911.30,11950797035.00,1399.31
20170502,3900.20,3909.37,3892.84,3903.83,11196146172.00,1301.50
20170503,3898.98,3909.32,3884.54,3890.52,11379806909.00,1294.28
20170504,3882.54,3902.41,3866.04,3880.94,12266654362.00,1396.78
20170505,3869.52,3873.70,3850.85,3852.28,12102135894.00,1373.93
20170508,3839.67,3843.20,3808.07,3816.96,13666096661.00,1470.93
20170509,3798.97,3818.28,3785.44,3816.22,9377557107.00,1090.38
20170510,3814.40,3831.30,3785.98,3785.98,11052827943.00,1290.04
20170511,3769.79,3804.58,3749.92,3804.34,13178762192.00,1400.63
20170512,3798.28,3829.68,3798.28,3828.32,10422345483.00,1148.64
20170515,3837.05,3852.97,3837.05,3843.87,9207665964.00,1082.61
20170516,3834.93,3888.34,3817.85,3888.34,12667030825.00,1436.16
20170517,3881.57,3893.18,3869.92,3871.15,12037742077.00,1400.40
20170518,3845.26,3871.63,3845.26,3854.44,9712325867.00,1134.17
20170519,3852.62,3864.23,3846.92,3860.45,8528805677.00,1027.66
20170522,3857.56,3881.29,3845.27,3862.45,10486798411.00,1204.19
20170523,3856.06,3877.28,3843.74,3858.01,12747242503.00,1457.48
20170524,3842.31,3862.66,3821.69,3862.66,9534106050.00,1122.83
20170525,3851.94,3917.21,3851.94,3916.61,13313088971.00,1454.83
20170526,3910.58,3926.40,3904.22,3911.52,10688699165.00,1237.04
20170531,3928.85,3939.52,3905.55,3917.48,10910236371.00,1267.69
20170601,3909.30,3916.99,3902.46,3906.09,11065176048.00,1268.09
20170602,3898.62,3909.33,3876.57,3904.14,9313652526.00,1069.14
20170605,3900.27,3904.21,3891.25,3896.34,9106815472.00,1035.11
20170606,3891.65,3921.10,3891.65,3921.10,7686015924.00,948.37
20170607,3922.10,3974.83,3922.10,3973.89,11873392524.00,1466.29
20170608,3970.99,4002.83,3970.99,4002.32,10529596820.00,1341.62
20170609,4003.20,4029.06,4003.20,4021.41,11315900506.00,1391.79
20170612,4013.95,4045.12,4010.95,4015.73,10454830537.00,1343.10
20170613,4010.77,4034.91,4006.03,4033.68,9575218363.00,1178.19
20170614,4022.31,4022.31,3984.39,3988.85,10424325356.00,1298.38
20170615,3984.42,3995.78,3966.53,3988.14,10412241996.00,1317.47
20170616,3981.51,3992.16,3974.95,3978.21,9242744334.00,1125.44
20170619,3980.03,4012.80,3980.03,4012.80,9164786500.00,1134.92
20170620,4019.98,4019.98,4003.65,4008.33,10265377353.00,1255.73
20170621,4025.48,4049.46,4006.23,4049.46,10251972548.00,1330.74
20170622,4045.81,4085.39,4038.12,4038.12,14505593572.00,1796.61
20170623,4031.83,4072.39,4019.81,4072.39,11798638132.00,1486.15
20170626,4077.09,4126.35,4077.09,4124.93,14698653823.00,1862.00
20170627,4122.86,4134.47,4106.61,4132.54,11588480404.00,1459.16
20170628,4121.66,4126.60,4099.65,4101.86,11438126728.00,1425.35
20170629,4106.19,4129.74,4106.19,4129.74,10602747158.00,1375.36
20170630,4115.08,4133.85,4107.48,4132.45,9983775650.00,1246.48
20170703,4133.64,4133.64,4100.91,4123.31,11573734122.00,1456.40
20170704,4118.91,4118.91,4086.17,4093.77,11952103872.00,1538.07
20170705,4084.64,4135.54,4084.40,4135.54,11741134501.00,1549.01
20170706,4129.66,4144.87,4105.35,4138.08,13838342434.00,1759.09
20170707,4123.59,4130.76,4109.48,4129.68,13108375243.00,1537.96
20170710,4122.54,4136.06,4115.24,4119.86,14849562377.00,1713.36
20170711,4111.41,4154.58,4111.41,4124.68,13710054359.00,1666.05
20170712,4127.00,4139.14,4096.85,4114.71,14324804861.00,1683.00
20170713,4112.86,4138.52,4112.86,4135.24,14653407769.00,1696.10
20170714,4129.24,4142.53,4114.23,4142.53,12742639428.00,1478.77
20170717,4136.48,4136.48,4054.82,4073.06,20649142127.00,2241.74
20170718,4056.72,4086.09,4042.79,4086.09,14901120683.00,1659.95
20170719,4079.64,4144.45,4079.64,4143.56,20666709185.00,2142.46
20170720,4139.27,4165.78,4139.27,4164.13,16497014897.00,1890.29
20170721,4155.42,4170.07,4149.75,4153.50,14360664619.00,1676.85
20170724,4149.66,4180.09,4149.56,4173.72,16610280104.00,1878.06
20170725,4172.65,4181.35,4147.75,4154.54,15009578817.00,1640.74
20170726,4158.84,4171.96,4121.60,4138.22,16743624431.00,1851.05
20170727,4132.97,4156.38,4114.14,4153.05,17940565679.00,2031.19
20170728,4144.95,4169.53,4144.95,4168.01,14452844994.00,1700.48
20170731,4168.62,4193.96,4163.97,4190.46,19162166293.00,2025.26
20170801,4191.68,4217.40,4191.68,4217.40,17838658300.00,1976.72
20170802,4215.74,4229.58,4203.02,4203.06,20103685822.00,2181.72
20170803,4197.31,4208.97,4174.23,4177.96,17820199242.00,1966.10
20170804,4175.27,4187.77,4154.90,4154.90,20465843843.00,2213.44
20170807,4151.79,4189.46,4144.69,4188.43,17272196374.00,1804.39
20170808,4186.29,4203.02,4184.74,4195.94,19399506488.00,2026.36
20170809,4191.70,4206.01,4178.02,4202.90,17545683091.00,1908.94
20170810,4195.31,4215.12,4157.58,4180.11,17264706087.00,1958.29
20170811,4148.65,4165.80,4106.37,4107.37,19826131134.00,2125.84
20170814,4111.95,4170.44,4111.95,4167.96,15310355321.00,1895.03
20170815,4169.46,4191.42,4168.70,4182.16,14140321698.00,1732.92
20170816,4177.84,4185.14,4161.43,4181.33,14755892124.00,1847.31
20170817,4188.77,4205.70,4184.24,4204.90,15750611774.00,1990.11
20170818,4187.34,4214.37,4185.03,4207.18,13286473576.00,1681.76
20170821,4215.57,4229.60,4215.18,4229.60,13610147976.00,1670.78
20170822,4233.77,4241.87,4223.65,4236.88,13941227746.00,1841.34
20170823,4230.62,4243.27,4220.72,4230.55,13056490827.00,1577.09
20170824,4231.54,4235.44,4202.21,4208.74,11611539376.00,1432.52
20170825,4210.11,4267.27,4210.11,4267.27,14777539625.00,1731.54
20170828,4274.01,4329.02,4274.01,4307.90,18719356498.00,2425.94
20170829,4304.84,4314.53,4291.95,4300.68,14744233312.00,1827.13
20170830,4300.52,4315.98,4300.52,4306.55,16472036145.00,1896.33
20170831,4308.83,4311.48,4273.42,4296.60,15951358967.00,1879.35
20170901,4301.18,4321.43,4300.90,4313.06,19836028787.00,2283.11
20170904,4313.44,4336.66,4302.02,4336.66,20071913749.00,2380.74
20170905,4335.99,4355.05,4331.28,4350.01,16056552516.00,1947.17
20170906,4338.58,4356.20,4333.44,4350.71,17409975125.00,2164.06
20170907,4351.43,4354.38,4325.34,4325.34,16351110489.00,2141.22
20170908,4324.75,4341.89,4313.63,4324.99,14094026949.00,1853.94
20170911,4327.79,4349.76,4319.73,4334.81,16552474779.00,2129.10
20170912,4342.34,4359.47,4333.01,4343.29,20111561396.00,2667.93
20170913,4340.60,4355.00,4331.38,4354.73,13965424698.00,1834.71
20170914,4355.21,4362.07,4330.19,4337.69,15369306119.00,1939.60
20170915,4332.87,4341.79,4317.97,4329.25,15557359483.00,1947.55
20170918,4328.97,4357.46,4328.97,4344.69,14242306995.00,1793.21
20170919,4351.07,4356.58,4323.37,4330.19,13315059687.00,1732.91
20170920,4327.93,4354.55,4326.70,4348.47,13910031093.00,1748.33
20170921,4349.26,4360.93,4336.39,4336.39,14298034349.00,1822.73
20170922,4323.55,4332.24,4311.98,4332.24,12952918425.00,1637.70
20170925,4326.85,4335.25,4310.84,4312.78,12565614484.00,1637.28
20170926,4304.89,4319.09,4304.89,4319.09,10627884811.00,1320.47
20170927,4318.13,4338.97,4318.13,4329.82,11570417481.00,1491.96
20170928,4329.54,4339.70,4326.26,4334.51,12233193363.00,1537.08
20170929,4337.67,4362.73,4337.67,4350.76,12233990164.00,1523.87
20171009,4425.41,4429.44,4402.17,4405.79,16980695060.00,2149.16
20171010,4407.25,4421.92,4384.02,4421.68,15446785843.00,2110.12
20171011,4418.01,4438.52,4415.18,4429.21,14992365609.00,2055.64
20171012,4427.38,4443.07,4421.27,4441.32,13086860472.00,1716.04
20171013,4440.84,4460.99,4440.84,4457.56,12317761811.00,1609.28
20171016,4462.56,4478.38,4439.77,4439.77,15832597058.00,2005.30
20171017,4434.47,4451.84,4426.41,4438.16,10534564421.00,1385.95
20171018,4439.80,4461.47,4439.80,4461.47,13230750435.00,1630.93
20171019,4457.62,4462.53,4444.69,4449.97,13199653616.00,1609.03
20171020,4436.35,4453.31,4434.59,4453.31,10118953327.00,1292.71
20171023,4457.68,4468.01,4452.45,4464.35,10797374903.00,1343.06
20171024,4458.71,4485.75,4457.63,4485.75,11191850515.00,1465.67
20171025,4483.49,4509.44,4483.49,4509.44,11011896089.00,1383.15
20171026,4512.02,4544.30,4511.40,4529.94,15621461712.00,2083.09
20171027,4528.39,4553.16,4528.39,4553.06,14897956266.00,1837.29
20171030,4552.21,4560.25,4489.10,4529.46,18356987689.00,2289.39
20171031,4516.33,4537.34,4507.90,4536.82,13194679050.00,1775.01
20171101,4538.31,4559.77,4523.90,4529.86,15342285626.00,2001.19
20171102,4526.24,4526.24,4500.14,4518.56,14918779118.00,1838.55
20171103,4513.10,4520.63,4480.40,4508.86,15584298189.00,1919.20
20171106,4507.78,4552.27,4493.67,4552.27,14799330771.00,1957.98
20171107,4553.24,4593.14,4553.24,4587.27,17733133074.00,2282.38
20171108,4584.04,4617.78,4573.65,4578.10,17344651754.00,2345.98
20171109,4574.80,4615.00,4574.68,4615.00,15022923294.00,1965.62
20171110,4607.91,4658.64,4607.67,4657.50,17223331230.00,2387.51
20171113,4662.68,4681.98,4662.68,4680.30,18350019425.00,2525.18
20171114,4681.15,4686.05,4636.42,4644.70,17724294519.00,2472.37
20171115,4627.77,4644.59,4590.63,4606.86,14905675431.00,2193.76
20171116,4597.43,4647.30,4595.06,4645.92,13967533962.00,2022.02
20171117,4634.64,4654.14,4614.21,4629.08,21334954272.00,2826.15
20171120,4600.51,4665.22,4563.29,4665.22,15761085559.00,2206.82
20171121,4651.54,4728.25,4651.54,4728.25,18793801349.00,2674.37
20171122,4739.03,4770.91,4710.51,4739.36,20437712230.00,2808.23
20171123,4723.63,4723.63,4590.21,4597.02,20162361098.00,2700.70
20171124,4581.93,4604.42,4562.19,4595.22,15102600448.00,2091.42
20171127,4580.66,4580.66,4520.97,4529.59,16327807818.00,2076.02
20171128,4514.22,4552.61,4502.23,4552.58,12516339044.00,1611.37
20171129,4557.16,4558.59,4499.67,4545.84,15135973239.00,1929.58
20171130,4525.99,4544.02,4484.94,4494.68,12701267321.00,1662.99
20171201,4492.59,4517.89,4482.51,4497.14,11872877286.00,1596.96
20171204,4489.89,4533.28,4489.89,4516.17,12624555918.00,1650.13
20171205,4504.28,4528.53,4504.28,4513.39,17429771475.00,2186.61
20171206,4500.17,4507.34,4436.02,4497.09,13413511045.00,1712.03
20171207,4483.67,4492.27,4442.34,4451.51,10788779645.00,1429.23
20171208,4443.46,4497.30,4443.46,4494.09,11007700722.00,1486.49
20171211,4501.89,4571.96,4501.89,4571.96,12226339850.00,1796.03
20171212,4571.63,4571.63,4514.88,4514.88,10954195202.00,1578.54
20171213,4512.30,4557.59,4508.67,4557.59,9989851161.00,1447.13
20171214,4557.93,4565.79,4528.62,4540.25,10478794719.00,1456.69
20171215,4532.26,4532.26,4486.08,4489.62,11789915306.00,1568.99
20171218,4491.20,4515.55,4474.48,4489.72,10082007498.00,1435.93
20171219,4489.74,4544.14,4489.74,4544.14,10078876347.00,1461.19
20171220,4544.69,4551.88,4529.05,4533.82,11343100987.00,1545.26
20171221,4525.47,4584.48,4520.73,4573.49,11968887659.00,1676.02
20171222,4570.38,4583.80,4561.13,4564.00,9865636666.00,1369.65
20171225,4566.43,4589.45,4529.49,4542.62,11344715756.00,1580.26
20171226,4541.09,4556.06,4514.61,4556.06,11131022210.00,1459.60
20171227,4548.12,4548.12,4490.35,4490.76,12790296867.00,1709.36
20171228,4492.03,4539.95,4486.42,4521.63,14003163919.00,1815.16
20171229,4526.16,4545.06,4514.51,4534.62,11139172163.00,1478.04
20180102,4549.94,4595.15,4549.94,4595.15,16552540974.00,2000.90
20180103,4599.52,4648.17,4599.52,4623.97,17575505621.00,2349.50
20180104,4625.19,4651.35,4625.19,4646.29,16036818037.00,2112.47
20180105,4651.77,4656.57,4641.17,4650.98,16560925557.00,2093.05
20180108,4650.36,4667.86,4637.38,4667.86,18953267485.00,2441.72
20180109,4665.38,4698.24,4665.38,4698.21,15853698992.00,2057.27
20180110,4695.48,4712.69,4676.51,4712.02,17625534491.00,2250.33
20180111,4699.81,4719.64,4687.82,4714.65,15331252194.00,2059.08
20180112,4713.34,4728.35,4704.64,4728.15,13771324436.00,1871.15
20180115,4729.56,4746.32,4695.08,4704.70,20015283201.00,2668.66
20180116,4694.70,4732.10,4694.70,4724.67,17695035394.00,2438.99
20180117,4724.27,4728.89,4693.22,4701.34,21070953447.00,2761.48
20180118,4710.18,4741.94,4706.19,4725.91,17644185254.00,2258.99
20180119,4735.22,4763.36,4712.92,4727.36,20093858305.00,2476.96
20180122,4720.17,4796.04,4720.17,4796.04,18587490920.00,2438.03
20180123,4805.64,4831.73,4801.11,4831.73,19943201124.00,2492.57
20180124,4836.20,4842.78,4811.10,4842.78,22231895267.00,2858.80
20180125,4836.54,4850.03,4812.48,4826.11,21694588146.00,2725.50
20180126,4812.62,4857.12,4812.62,4837.84,18939503195.00,2363.37
20180129,4842.47,4847.36,4742.54,4751.28,20753021474.00,2719.51
20180130,4734.72,4757.58,4705.25,4710.30,15651913448.00,2041.66
20180131,4683.51,4723.72,4683.51,4709.00,16260333098.00,2091.29
20180201,4707.79,4714.44,4630.55,4652.98,21287271243.00,2584.80
20180202,4620.01,4682.00,4598.39,4682.00,16870690799.00,2102.45
20180205,4609.70,4676.62,4609.70,4672.34,17891699073.00,2292.81
20180206,4572.39,4601.64,4515.70,4521.28,23577798547.00,2942.10
20180207,4584.63,4584.63,4440.18,4440.18,22152458887.00,2723.80
20180208,4411.54,4470.22,4393.42,4417.96,18160441676.00,2144.68
20180209,4292.49,4299.24,4168.38,4243.35,22729880661.00,2605.36
20180212,4253.37,4329.45,4253.37,4314.27,13382059101.00,1656.09
20180213,4351.15,4409.09,4351.15,4357.35,12831451234.00,1590.57
20180214,4367.40,4395.25,4352.87,4391.89,8447155546.00,1048.89
20180222,4447.45,4493.65,4441.58,4489.21,12339003654.00,1551.68
20180223,4497.37,4513.46,4472.69,4505.55,12435286178.00,1490.17
20180226,4531.02,4579.64,4508.33,4572.24,16876213177.00,2102.44
20180227,4576.17,4576.17,4517.27,4522.27,16218198667.00,2080.66
20180228,4477.79,4512.68,4464.18,4489.77,14123797714.00,1865.09
20180301,4459.29,4534.13,4459.29,4528.58,14674163205.00,1890.95
20180302,4491.23,4519.44,4491.07,4491.89,13270915158.00,1729.52
20180305,4499.55,4514.08,4475.80,4496.26,12293109806.00,1574.42
20180306,4513.15,4542.12,4483.80,4542.12,16980436822.00,2061.34
20180307,4538.83,4560.70,4506.49,4507.96,13226706890.00,1632.25
20180308,4510.19,4555.01,4509.86,4555.01,12082908448.00,1548.79
20180309,4565.53,4603.23,4562.39,4601.56,15557399880.00,1980.10
20180312,4628.30,4643.78,4623.32,4638.01,18271256437.00,2387.64
20180313,4634.70,4634.70,4598.93,4600.36,14878414952.00,1866.12
20180314,4582.92,4592.96,4573.08,4573.50,13442205125.00,1704.74
20180315,4556.97,4598.51,4556.97,4598.51,12133603116.00,1639.12
20180316,4598.93,4608.48,4553.90,4553.90,11432110351.00,1544.62
20180319,4552.78,4580.53,4534.19,4580.53,11523598982.00,1574.74
20180320,4547.38,4589.49,4545.00,4589.44,11545917162.00,1516.45
20180321,4609.66,4620.70,4551.68,4559.94,12983104022.00,1773.57
20180322,4562.20,4574.83,4500.99,4519.65,11680709394.00,1600.46
20180323,4377.80,4411.47,4313.21,4373.26,22444245409.00,2649.67
20180326,4325.63,4370.93,4303.92,4370.93,14895114115.00,1968.34
20180327,4422.74,4431.28,4395.23,4425.25,15536966165.00,2165.52
20180328,4369.24,4410.18,4345.88,4348.32,13965098088.00,2049.78
20180329,4362.99,4409.35,4303.84,4394.98,14108754609.00,1944.65
20180330,4398.93,4429.20,4392.03,4419.61,13467654764.00,1889.49
20180402,4421.09,4449.13,4403.34,4407.55,15300915624.00,2161.82
20180403,4362.18,4382.30,4348.85,4374.71,13161747496.00,1802.43
20180404,4389.08,4410.60,4356.42,4359.23,11878109902.00,1714.82
20180409,4355.14,4379.64,4344.93,4362.10,11394676880.00,1565.04
20180410,4370.35,4428.78,4363.72,4428.78,13403550544.00,1722.50
20180411,4439.42,4459.38,4431.26,4441.22,13379587951.00,1710.37
20180412,4437.47,4437.47,4398.40,4398.91,10791706545.00,1422.37
20180413,4423.57,4423.57,4369.34,4373.77,9785430820.00,1341.26
20180416,4365.48,4365.48,4306.44,4326.59,13182955619.00,1735.45
20180417,4332.81,4332.81,4247.03,4247.03,12783529399.00,1756.82
20180418,4284.40,4284.40,4206.22,4277.33,14922895258.00,1972.45
20180419,4284.10,4338.44,4284.10,4326.25,14341485726.00,1844.45
20180420,4313.62,4328.95,4260.03,4265.59,14183792157.00,1743.61
20180423,4261.28,4287.96,4226.78,4257.28,12949905251.00,1597.86
20180424,4258.89,4349.00,4258.89,4347.04,14795115289.00,1846.83
20180425,4324.98,4342.08,4324.98,4337.14,11622324467.00,1533.79
20180426,4328.00,4328.00,4250.13,4251.63,12207316508.00,1693.00
20180427,4270.24,4270.24,4210.79,4251.86,11768513319.00,1785.36
20180502,4262.47,4280.85,4236.61,4256.79,11418127519.00,1603.05
20180503,4247.54,4290.11,4215.95,4288.86,12321332265.00,1609.73
20180504,4278.43,4293.40,4269.36,4271.51,9441434274.00,1315.94
20180507,4280.27,4343.66,4279.31,4343.66,11305043811.00,1618.35
20180508,4345.65,4394.90,4345.65,4386.90,11899407549.00,1668.70
20180509,4384.29,4388.55,4363.54,4382.32,9297686669.00,1246.96
20180510,4393.94,4403.36,4378.42,4403.36,9864371124.00,1377.44
20180511,4412.75,4412.75,4378.16,4378.16,10258452721.00,1442.28
20180514,4392.51,4421.51,4392.51,4411.61,10945141263.00,1582.05
20180515,4422.99,4437.56,4396.87,4437.56,10198180691.00,1397.88
20180516,4421.92,4438.25,4407.08,4407.71,9882780529.00,1392.33
20180517,4409.87,4409.87,4369.30,4375.56,8258647713.00,1150.94
20180518,4371.60,4413.02,4353.27,4413.02,9560759415.00,1253.51
20180521,4438.72,4453.21,4433.70,4444.16,12489088203.00,1616.54
20180522,4440.53,4440.53,4413.02,4438.04,10143899924.00,1350.22
20180523,4428.36,4428.36,4379.22,4379.22,11447590489.00,1484.97
20180524,4378.15,4383.96,4348.91,4351.08,9402658009.00,1262.20
20180525,4346.27,4357.01,4317.92,4328.47,10123141139.00,1326.30
20180528,4327.66,4356.72,4313.61,4342.10,10108028201.00,1338.76
20180529,4332.87,4355.29,4311.40,4311.62,10511980473.00,1438.02
20180530,4255.39,4269.09,4221.14,4221.14,11961262748.00,1505.56
20180531,4251.24,4306.37,4242.41,4306.37,11668072750.00,1585.13
20180601,4290.98,4304.49,4245.56,4261.63,9804340613.00,1307.96
20180604,4277.52,4302.59,4274.51,4295.53,9513760082.00,1363.02
20180605,4300.14,4350.32,4299.54,4350.32,9842088987.00,1433.81
20180606,4345.34,4353.69,4338.27,4344.91,9528816085.00,1323.11
20180607,4355.34,4360.27,4327.79,4327.98,9711486455.00,1308.69
20180608,4317.10,4317.10,4251.68,4275.72,10028897272.00,1289.70
20180611,4265.89,4282.94,4253.95,4268.49,8174823258.00,1222.60
20180612,4272.38,4324.46,4259.23,4321.65,9094487243.00,1369.33
20180613,4308.44,4308.44,4271.11,4275.79,8445988438.00,1168.35
20180614,4260.30,4297.70,4244.97,4254.72,8533663619.00,1175.51
20180615,4244.83,4254.27,4196.62,4216.15,10495743952.00,1305.23
20180619,4155.71,4162.11,4009.47,4049.23,18309081833.00,2137.73
20180620,4027.51,4079.45,4002.40,4068.74,10882940837.00,1342.44
20180621,4067.50,4104.77,4011.24,4011.63,11637795668.00,1392.86
20180622,3982.88,4034.53,3979.70,4034.53,9309822813.00,1089.28
20180625,4054.21,4054.21,3985.48,3985.48,9465625425.00,1219.59
20180626,3942.35,3978.48,3923.43,3969.48,10294961771.00,1271.94
20180627,3964.71,3973.70,3882.98,3895.95,9793518715.00,1242.65
20180628,3872.42,3903.64,3848.44,3851.18,9063114496.00,1138.50
20180629,3861.93,3960.31,3855.44,3960.31,10165179434.00,1247.90
20180702,3954.15,3956.91,3842.80,3856.47,10496526197.00,1303.25
20180703,3858.68,3865.22,3762.67,3864.90,12043841626.00,1596.17
20180704,3851.37,3869.36,3804.09,3809.17,9942873520.00,1190.65
20180705,3810.94,3834.72,3771.25,3773.21,10055967181.00,1182.64
20180706,3777.99,3837.19,3739.87,3800.93,11067658600.00,1363.56
20180709,3816.09,3905.25,3816.09,3905.25,9889530383.00,1255.31
20180710,3911.48,3920.82,3883.52,3915.32,9044936379.00,1117.69
20180711,3838.56,3868.80,3819.29,3847.46,9933801390.00,1180.75
20180712,3844.48,3952.36,3844.48,3937.65,13141513002.00,1529.39
20180713,3944.18,3957.32,3932.36,3952.90,10387183469.00,1307.19
20180716,3948.60,3957.44,3922.03,3934.94,9451662978.00,1178.55
20180717,3929.91,3929.91,3881.52,3916.23,9037017977.00,1141.51
20180718,3923.00,3942.92,3893.19,3893.19,9519518282.00,1186.38
20180719,3905.12,3925.83,3874.55,3884.77,9460007400.00,1137.67
20180720,3882.55,3954.10,3860.56,3949.51,12063863052.00,1422.26
20180723,3925.98,3984.67,3925.98,3984.67,14892452671.00,1734.10
20180724,3989.48,4057.69,3989.48,4046.60,18880762591.00,2109.33
20180725,4054.97,4057.43,4037.39,4045.91,13096849889.00,1485.45
20180726,4050.32,4050.32,3994.38,3997.99,12397240373.00,1358.31
20180727,3994.90,4002.43,3975.46,3979.94,10019899877.00,1064.19
20180730,3979.54,3996.51,3939.01,3963.71,10886110048.00,1219.13
20180731,3958.72,3969.38,3947.34,3963.45,8491056486.00,968.11
20180801,3980.34,3996.03,3891.93,3891.93,11200005698.00,1279.23
20180802,3878.37,3878.37,3750.68,3806.53,13320288922.00,1513.72
20180803,3801.21,3801.21,3740.47,3740.47,9509360235.00,1136.75
20180806,3735.97,3759.75,3683.42,3688.14,10176121172.00,1184.92
20180807,3700.78,3794.67,3686.48,3794.67,11732277163.00,1303.86
20180808,3786.78,3790.96,3732.17,3732.58,10427244389.00,1144.34
20180809,3720.31,3841.89,3720.31,3829.10,12292905738.00,1388.10
20180810,3828.26,3848.57,3814.80,3839.66,9126892123.00,1072.92
20180813,3800.25,3838.31,3772.95,3834.99,10182399459.00,1189.43
20180814,3829.60,3835.03,3797.57,3814.75,8425161089.00,957.27
20180815,3813.49,3813.49,3718.62,3722.25,9288728815.00,1077.48
20180816,3674.87,3733.59,3674.87,3694.47,9615910367.00,1094.81
20180817,3727.70,3727.70,3635.36,3637.12,8887214400.00,1057.38
20180820,3642.88,3672.30,3607.08,3672.30,9210574278.00,1094.50
20180821,3674.81,3740.73,3674.81,3737.57,9589674582.00,1187.48
20180822,3739.20,3739.20,3705.85,3712.28,7280677214.00,870.03
20180823,3711.67,3742.67,3693.94,3728.50,8317006727.00,1025.33
20180824,3715.62,3754.46,3700.27,3728.55,8001616818.00,933.00
20180827,3744.00,3823.20,3744.00,3823.20,11642620714.00,1374.13
20180828,3825.81,3827.12,3808.31,3818.33,9868098280.00,1173.72
20180829,3810.76,3810.76,3789.55,3798.52,8640347460.00,974.97
20180830,3797.11,3803.02,3755.79,3755.79,9163470861.00,1015.95
20180831,3734.31,3748.24,3705.91,3724.89,9128955426.00,1097.27
20180903,3711.62,3721.48,3680.41,3718.83,8748077183.00,1011.67
20180904,3720.22,3772.77,3705.73,3767.23,9494097046.00,1125.51
20180905,3752.87,3757.01,3694.84,3694.84,8971680759.00,1033.50
20180906,3681.42,3707.59,3652.65,3658.92,8491242413.00,1013.02
20180907,3670.63,3711.61,3650.56,3671.01,9241868122.00,1096.94
20180910,3665.03,3665.03,3613.80,3613.80,8757981260.00,964.22
20180911,3613.08,3630.39,3596.88,3609.29,8218771511.00,866.40
20180912,3601.13,3607.79,3580.32,3583.58,7404877371.00,870.42
20180913,3625.08,3625.68,3565.72,3618.49,9080388207.00,1078.99
20180914,3625.80,3629.80,3604.22,3615.47,8433635845.00,978.99
20180917,3596.03,3596.03,3568.69,3571.19,7251288162.00,771.75
20180918,3558.69,3644.51,3558.69,3644.51,9287972792.00,1019.49
20180919,3637.14,3716.45,3637.14,3690.02,11235951488.00,1278.52
20180920,3692.74,3708.78,3680.60,3686.35,8581480031.00,913.55
20180921,3698.87,3788.59,3683.91,3788.59,12726071812.00,1366.90
20180925,3755.12,3778.93,3753.20,3764.74,8476050698.00,947.69
20180926,3773.02,3834.20,3770.80,3803.66,11191187949.00,1324.73
20180927,3801.46,3809.78,3777.63,3782.46,9740608127.00,1071.79
20180928,3788.99,3819.84,3782.38,3819.44,10460000893.00,1094.84
20181008,3736.16,3738.44,3655.77,3658.52,11845436583.00,1295.81
20181009,3659.73,3680.47,3641.65,3655.71,8876116479.00,958.97
20181010,3662.33,3677.35,3629.99,3647.04,8327041579.00,941.13
20181011,3528.76,3554.33,3442.80,3461.25,15309872125.00,1494.73
20181012,3457.81,3517.06,3416.51,3504.69,13335394513.00,1276.47
20181015,3508.32,3523.79,3453.50,3455.54,9443276249.00,953.95
20181016,3457.24,3488.31,3404.70,3416.96,9419954960.00,936.71
20181017,3460.83,3460.83,3387.60,3439.76,10425751106.00,1064.49
20181018,3415.43,3415.43,3352.84,3353.49,9843214526.00,966.52
20181019,3320.22,3454.91,3320.22,3451.66,12462367425.00,1284.26
20181022,3479.64,3619.26,3479.64,3596.86,17845903414.00,1928.12
20181023,3594.02,3594.02,3487.50,3501.15,13592804191.00,1519.38
20181024,3487.16,3548.69,3482.26,3496.41,11595341609.00,1240.03
20181025,3405.69,3486.12,3405.69,3486.12,11193023395.00,1170.79
20181026,3500.68,3512.47,3450.79,3469.14,10867582029.00,1108.14
20181029,3451.31,3451.31,3360.98,3368.19,10143588501.00,1146.70
20181030,3348.41,3420.94,3327.34,3392.10,12052831060.00,1344.33
20181031,3401.12,3459.15,3401.12,3447.68,12723366084.00,1266.60
20181101,3482.84,3520.21,3474.62,3474.62,15198773528.00,1580.82
20181102,3563.84,3605.88,3537.33,3605.88,18295728788.00,1980.96
20181105,3585.87,3601.79,3546.57,3581.84,13964173036.00,1443.31
20181106,3572.78,3572.78,3527.11,3560.99,10618526992.00,1066.80
20181107,3563.50,3590.25,3540.88,3540.88,12716329800.00,1255.34
20181108,3572.35,3572.35,3524.98,3528.88,10543091433.00,1028.97
20181109,3507.47,3507.47,3482.55,3482.55,10522199112.00,1002.58
20181112,3474.01,3535.63,3474.01,3535.43,12756300340.00,1233.24
20181113,3491.62,3589.56,3491.62,3575.31,17610762442.00,1573.26
20181114,3570.79,3575.66,3538.65,3543.39,15561001600.00,1319.85
20181115,3538.73,3583.72,3536.70,3583.72,13726249913.00,1255.93
20181116,3584.55,3619.80,3568.03,3596.75,16256498507.00,1594.67
20181119,3597.48,3622.88,3586.76,3622.88,14669616982.00,1397.62
20181120,3593.82,3596.04,3540.38,3540.89,14641446877.00,1385.34
20181121,3505.36,3550.62,3505.36,3550.62,12055840228.00,1117.42
20181122,3557.79,3557.79,3526.82,3540.52,9893811000.00,913.63
20181123,3534.92,3534.92,3452.49,3454.24,12728712175.00,1135.29
20181126,3459.34,3473.72,3443.02,3453.30,8768287099.00,808.10
20181127,3467.08,3477.32,3441.44,3453.65,8392329183.00,812.94
20181128,3454.67,3496.06,3440.80,3496.06,10495580119.00,980.11
20181129,3517.61,3521.97,3448.54,3448.54,10766509704.00,1047.62
20181130,3446.60,3486.28,3439.31,3484.06,9514706061.00,927.60
20181203,3578.16,3599.04,3552.41,3587.60,15567581960.00,1674.64
20181204,3582.38,3598.84,3572.57,3598.84,11332807889.00,1128.34
20181205,3548.47,3598.51,3548.47,3581.48,10977875771.00,1134.94
20181206,3546.70,3548.46,3503.05,3503.33,10419047229.00,1157.65
20181207,3510.50,3514.08,3496.67,3502.27,7693362330.00,842.20
20181210,3471.39,3489.74,3455.38,3464.65,8475556469.00,896.60
20181211,3469.40,3483.36,3464.84,3480.83,7235565866.00,749.53
20181212,3503.27,3503.27,3480.39,3490.33,7055778691.00,733.03
20181213,3498.23,3556.03,3492.49,3542.15,10978451991.00,1179.81
20181214,3529.54,3529.54,3477.64,3477.65,10848959328.00,1090.13
20181217,3468.48,3471.25,3444.95,3470.80,8824814250.00,913.77
20181218,3448.55,3474.23,3426.60,3441.64,8413353220.00,847.40
20181219,3446.75,3446.75,3397.07,3397.07,7470987441.00,797.17
20181220,3388.31,3388.31,3355.67,3375.30,8571668729.00,882.66
20181221,3363.11,3363.11,3318.33,3340.70,9415047767.00,952.72
20181224,3327.43,3357.49,3326.97,3357.02,7224130506.00,737.72
20181225,3321.93,3346.14,3273.20,3333.18,10309897210.00,962.31
20181226,3328.20,3341.20,3312.44,3316.33,7697277922.00,729.33
20181227,3361.79,3361.79,3296.11,3296.11,10283489445.00,966.40
20181228,3300.80,3316.71,3287.01,3310.24,8980093516.00,914.94
20190102,3318.33,3318.33,3258.24,3267.28,8721184374.00,882.27
20190103,3260.52,3288.31,3246.16,3255.28,9150025068.00,895.85
20190104,3227.88,3324.41,3227.88,3324.34,12154647042.00,1167.16
20190107,3344.79,3359.15,3335.66,3355.19,12763057432.00,1220.12
20190108,3348.90,3353.21,3339.63,3347.41,10671065640.00,933.40
20190109,3365.83,3415.95,3364.89,3378.78,13822606539.00,1359.89
20190110,3378.99,3398.73,3368.34,3377.43,11036981439.00,1061.69
20190111,3386.03,3402.61,3375.51,3402.61,9748518768.00,934.43
20190114,3399.74,3399.74,3369.63,3371.66,9805920934.00,861.81
20190115,3374.10,3436.30,3374.10,3435.98,10790646084.00,1114.65
20190116,3435.07,3447.78,3428.37,3435.91,10562730703.00,1042.05
20190117,3438.84,3446.80,3413.59,3414.47,10915451905.00,992.52
20190118,3427.79,3476.81,3427.79,3474.29,13511734433.00,1250.74
20190121,3477.92,3508.71,3477.92,3498.12,12322639376.00,1244.63
20190122,3476.41,3476.41,3442.61,3447.57,9743816668.00,952.70
20190123,3439.59,3459.77,3437.39,3447.59,8172824882.00,783.25
20190124,3453.10,3474.56,3434.51,3468.48,9864839292.00,1012.68
20190125,3474.61,3508.90,3474.61,3490.33,11279459893.00,1132.61
20190128,3509.83,3538.45,3485.60,3488.27,10904808222.00,1153.49
20190129,3482.24,3499.25,3447.23,3490.84,11177164072.00,1074.68
20190130,3476.97,3493.87,3458.77,3458.77,8979136438.00,901.93
20190131,3471.65,3501.03,3468.60,3484.53,11669164924.00,1140.04
20190201,3506.67,3544.12,3496.25,3544.12,10945920446.00,1118.70
20190211,3539.06,3618.75,3539.06,3618.57,13042983376.00,1371.53
20190212,3618.07,3650.85,3616.14,3646.12,15650223910.00,1457.21
20190213,3654.49,3724.98,3648.22,3715.81,20328049117.00,1950.87
20190214,3712.46,3738.18,3703.82,3722.99,18499346846.00,1616.86
20190215,3711.96,3716.59,3662.39,3663.51,17815504011.00,1641.99
20190218,3692.15,3781.06,3692.15,3781.06,22587525470.00,2095.04
20190219,3792.13,3810.03,3758.58,3776.16,23294011048.00,2185.37
20190220,3786.33,3787.82,3757.06,3786.16,19176610867.00,1732.88
20190221,3784.40,3836.47,3763.94,3774.87,23005659584.00,2189.91
20190222,3768.36,3849.76,3754.55,3849.76,22163264218.00,2215.28
20190225,3905.13,4067.33,3905.13,4067.33,40912651725.00,4124.19
20190226,4070.23,4098.08,4030.27,4030.27,43537756541.00,4271.42
20190227,4027.91,4076.84,3990.14,4016.12,34657299603.00,3357.09
20190228,4016.07,4044.98,4005.59,4020.42,24486442313.00,2405.36
20190301,4052.10,4099.00,4018.54,4099.00,24264408053.00,2547.93
20190304,4139.17,4238.28,4128.15,4153.94,38379052133.00,4111.59
20190305,4147.41,4199.28,4147.41,4199.28,31304831231.00,3239.86
20190306,4211.21,4233.98,4182.26,4233.98,40793278318.00,3971.95
20190307,4222.84,4230.98,4167.69,4194.64,39063686652.00,4029.52
20190308,4105.06,4166.79,4048.93,4049.87,40300844437.00,4185.24
20190311,4066.62,4150.27,4055.98,4149.38,31115551778.00,3380.95
20190312,4180.11,4233.45,4157.86,4191.22,37386669603.00,4103.40
20190313,4195.72,4195.72,4123.65,4133.83,32350072797.00,3625.33
20190314,4116.70,4146.56,4075.92,4096.25,26176659624.00,2892.73
20190315,4115.10,4180.17,4115.10,4144.27,23335785421.00,2686.21
20190318,4155.85,4259.36,4146.36,4259.36,27680996656.00,3199.45
20190319,4265.34,4271.82,4231.82,4249.41,24860945708.00,2780.43
20190320,4241.31,4257.18,4192.16,4241.17,24264644347.00,2665.76
20190321,4247.52,4277.21,4235.03,4250.90,26963163354.00,2898.48
20190322,4254.76,4257.87,4203.50,4255.27,24709866018.00,2619.91
20190325,4190.84,4233.02,4168.52,4168.52,27068598319.00,2886.44
20190326,4193.24,4193.24,4097.53,4108.10,24722116422.00,2617.28
20190327,4134.58,4152.36,4118.03,4152.04,19703814366.00,2270.42
20190328,4139.67,4165.25,4129.12,4131.18,19545526734.00,2302.12
20190329,4142.14,4279.55,4142.14,4279.36,26413040421.00,3216.36
20190401,4314.04,4406.56,4314.04,4405.31,34351659474.00,4024.02
20190402,4423.50,4424.74,4395.02,4407.49,32221479435.00,3710.97
20190403,4383.21,4455.16,4383.21,4455.16,29708916867.00,3397.16
20190404,4475.19,4503.12,4468.56,4498.04,32663603820.00,3750.62
20190408,4537.09,4544.76,4449.42,4490.00,36003422514.00,4084.92
20190409,4492.95,4511.67,4467.08,4503.29,25117999581.00,2999.46
20190410,4486.15,4543.91,4464.29,4517.48,26016427890.00,3369.04
20190411,4516.97,4516.97,4418.10,4418.10,23148371976.00,2913.86
20190412,4406.63,4421.59,4378.60,4407.88,18536661793.00,2190.57
20190415,4478.87,4505.14,4390.18,4390.18,23730685366.00,2840.86
20190416,4370.24,4506.64,4363.70,4506.64,25034955454.00,2954.74
20190417,4503.01,4527.24,4489.03,4519.05,24665867197.00,2932.71
20190418,4516.26,4521.94,4492.91,4498.89,20931416783.00,2406.66
20190419,4501.61,4551.49,4474.00,4551.49,20547654003.00,2410.06
20190422,4556.38,4556.38,4459.15,4460.83,24143798059.00,2874.55
20190423,4455.86,4475.43,4430.47,4437.01,21888240432.00,2485.17
20190424,4452.11,4461.29,4396.42,4460.98,20383877104.00,2329.62
20190425,4440.69,4448.00,4346.74,4346.91,22794067124.00,2509.23
20190426,4324.26,4347.39,4289.47,4289.47,19455073298.00,2265.39
20190429,4297.44,4350.21,4275.61,4285.82,20684695524.00,2421.26
20190430,4269.10,4311.25,4269.10,4299.75,15199951220.00,1886.98
20190506,4145.61,4145.61,4001.75,4034.59,23813171117.00,2808.71
20190507,4055.22,4091.26,4014.28,4071.02,17210535620.00,2087.25
20190508,3987.63,4069.36,3987.63,4015.66,15459290315.00,1742.46
20190509,3984.14,4009.68,3935.66,3948.02,13442003333.00,1638.86
20190510,3995.85,4096.39,3980.70,4096.13,19562327852.00,2290.21
20190513,4038.45,4068.25,4022.67,4030.30,14135248235.00,1642.49
20190514,3987.09,4041.22,3987.09,4002.54,13926350949.00,1636.32
20190515,4035.07,4107.37,4035.07,4096.28,15153870882.00,1836.50
20190516,4089.30,4117.02,4083.10,4114.51,16233520620.00,1763.23
20190517,4116.14,4116.14,3995.60,4006.51,17892961907.00,1957.24
20190520,3996.28,3996.28,3934.60,3975.28,14602694052.00,1639.17
20190521,3976.61,4054.84,3976.61,4031.69,15334399999.00,1681.34
20190522,4025.85,4038.14,3996.71,4012.76,14366839730.00,1611.68
20190523,3991.85,3991.85,3928.02,3932.05,14327240533.00,1628.25
20190524,3930.15,3966.56,3920.07,3932.98,11744089517.00,1289.35
20190527,3932.57,3997.10,3908.44,3991.42,14500983524.00,1609.80
20190528,3990.94,4041.43,3989.52,4025.70,15808840767.00,1803.51
20190529,3996.28,4044.02,3996.28,4021.64,12997036232.00,1496.62
20190530,4004.84,4004.84,3968.97,3996.93,13471781965.00,1441.81
20190531,3995.12,4018.80,3980.83,3982.53,12681745568.00,1353.43
20190603,3995.73,4016.93,3961.57,3978.16,14182578492.00,1524.51
20190604,3977.55,3977.55,3927.38,3937.43,12177241419.00,1377.21
20190605,3970.47,3970.47,3931.87,3931.87,11545426819.00,1353.90
20190606,3935.17,3935.17,3884.47,3886.06,11663780945.00,1267.68
20190610,3901.94,3952.83,3901.94,3940.44,11176487585.00,1291.13
20190611,3948.01,4065.18,3948.01,4064.28,18248031931.00,2079.06
20190612,4050.68,4052.92,4026.74,4034.28,15837944462.00,1620.34
20190613,4032.25,4042.91,4001.60,4032.24,13176309858.00,1367.66
20190614,4036.90,4051.23,3990.03,3991.90,14026652848.00,1439.05
20190617,3990.15,4018.20,3978.36,3989.13,9652170978.00,1114.29
20190618,3995.55,4005.70,3979.26,4004.23,9105712145.00,1050.07
20190619,4099.52,4099.52,4058.68,4058.68,15061076551.00,1904.89
20190620,4061.53,4180.30,4061.53,4171.96,18430802715.00,2308.26
20190621,4182.37,4200.35,4170.25,4189.05,18534559372.00,2197.65
20190624,4192.52,4204.28,4183.57,4197.14,13604978302.00,1674.88
20190625,4193.63,4193.63,4108.71,4151.02,14993221758.00,1849.71
20190626,4130.87,4162.62,4130.87,4149.94,10382264655.00,1302.39
20190627,4163.88,4208.19,4163.88,4194.99,12913227233.00,1738.78
20190628,4190.89,4190.89,4155.36,4177.17,11472325301.00,1393.18
20190701,4258.25,4304.32,4251.31,4304.32,19239124977.00,2453.28
20190702,4299.22,4308.06,4292.28,4305.17,16353541606.00,2026.64
20190703,4295.77,4295.77,4239.44,4254.60,13619504452.00,1844.69
20190704,4258.87,4262.50,4217.72,4232.71,12247116236.00,1609.61
20190705,4236.12,4261.98,4221.11,4256.97,9310318434.00,1314.60
20190708,4238.56,4238.56,4135.53,4147.92,13625417803.00,1671.77
20190709,4143.79,4152.39,4121.21,4138.72,8812069541.00,1171.40
20190710,4156.57,4156.57,4122.24,4130.45,8656057010.00,1115.69
20190711,4154.67,4177.40,4121.56,4131.45,9072162462.00,1234.52
20190712,4130.98,4166.28,4130.98,4155.50,9317731097.00,1176.55
20190715,4138.48,4195.64,4099.77,4178.49,12654747368.00,1628.52
20190716,4173.12,4173.12,4153.19,4159.62,10253332258.00,1263.14
20190717,4152.80,4171.09,4151.69,4155.47,12085519177.00,1345.53
20190718,4141.02,4141.02,4108.18,4108.18,11087681536.00,1289.41
20190719,4127.18,4165.33,4127.18,4143.87,10295169134.00,1259.42
20190722,4149.88,4149.88,4099.45,4109.87,11245184112.00,1317.43
20190723,4112.37,4126.07,4105.38,4126.07,8653892132.00,1151.31
20190724,4141.40,4181.67,4141.40,4163.26,11240336745.00,1468.08
20190725,4164.74,4195.38,4159.19,4195.38,11563255131.00,1469.92
20190726,4179.51,4208.77,4179.51,4205.26,10248185898.00,1291.11
20190729,4205.45,4210.77,4192.91,4202.52,10238579540.00,1251.46
20190730,4209.89,4239.02,4209.89,4218.81,11739096440.00,1395.07
20190731,4206.69,4206.69,4183.59,4184.72,10237983329.00,1280.68
20190801,4166.46,4177.35,4143.83,4154.93,10280501779.00,1341.42
20190802,4071.81,4100.55,4071.81,4096.20,13192721492.00,1620.19
20190805,4071.55,4085.50,4022.51,4022.51,12546329176.00,1555.61
20190806,3948.85,3980.63,3907.54,3968.76,16061599841.00,1903.33
20190807,3989.87,3989.87,3951.87,3951.87,10805563343.00,1290.44
20190808,3978.64,4005.36,3978.64,4003.24,10879838416.00,1328.10
20190809,4022.84,4022.84,3959.99,3964.72,11042387488.00,1376.36
20190812,3979.02,4036.19,3974.58,4036.19,10141375734.00,1365.74
20190813,4009.89,4013.04,3994.72,4002.58,9700208680.00,1216.08
20190814,4053.71,4060.65,4025.44,4026.50,11869417119.00,1533.47
20190815,3953.49,4043.21,3953.49,4043.21,12232305180.00,1474.07
20190816,4046.02,4092.08,4036.50,4062.02,12028363566.00,1612.13
20190819,4091.50,4154.22,4083.65,4154.22,17087824781.00,2204.86
20190820,4152.37,4164.53,4146.61,4152.43,14653237812.00,1818.62
20190821,4142.87,4160.13,4142.43,4149.38,11840976977.00,1535.21
20190822,4162.36,4163.85,4138.42,4163.49,12185558048.00,1551.17
20190823,4167.07,4199.17,4165.27,4190.78,12082371263.00,1707.66
20190826,4118.81,4144.95,4117.24,4132.89,12624778690.00,1720.49
20190827,4159.51,4219.64,4159.51,4189.86,16242022346.00,2142.97
20190828,4190.96,4192.29,4164.81,4174.98,12812917314.00,1716.10
20190829,4178.75,4178.75,4150.47,4168.30,12227916587.00,1604.03
20190830,4196.19,4207.47,4159.06,4174.19,14098068681.00,1974.98
20190902,4180.16,4244.21,4180.16,4238.81,15760183019.00,2113.75
20190903,4244.12,4248.86,4227.67,4248.03,15128309144.00,2009.94
20190904,4241.39,4280.14,4240.31,4280.14,17017361312.00,2210.64
20190905,4304.74,4355.46,4304.74,4318.54,22962452745.00,2916.79
20190906,4340.59,4345.31,4319.78,4345.31,16374751554.00,2235.77
20190909,4379.30,4386.39,4357.13,4386.39,20260447419.00,2644.26
20190910,4391.53,4391.53,4348.89,4367.54,18186112056.00,2371.93
20190911,4377.27,4377.27,4325.34,4329.69,16761642673.00,2250.05
20190912,4346.41,4372.23,4336.52,4372.00,13937589154.00,1843.10
20190916,4383.18,4383.18,4349.59,4364.12,15538824969.00,2005.63
20190917,4352.73,4352.73,4273.61,4286.15,15992681842.00,2001.81
20190918,4298.10,4311.78,4293.89,4302.39,11806824708.00,1658.60
20190919,4317.31,4324.17,4294.37,4324.17,12383974553.00,1677.43
20190920,4336.20,4345.37,4324.44,4338.75,14227952600.00,1999.07
20190923,4328.81,4328.81,4266.92,4293.42,13296226994.00,1859.78
20190924,4298.57,4334.68,4293.72,4311.23,13098563052.00,1966.07
20190925,4295.94,4295.94,4270.12,4270.12,13333457292.00,1856.41
20190926,4284.34,4284.34,4221.28,4221.48,14084850096.00,1914.89
20190927,4223.86,4243.58,4218.98,4238.26,10784946455.00,1422.24
20190930,4228.52,4243.14,4194.30,4194.30,9398221524.00,1277.31
20191008,4199.26,4240.83,4199.26,4211.32,10180967392.00,1408.71
20191009,4194.94,4215.40,4182.88,4215.40,9660914825.00,1322.45
20191010,4212.12,4258.35,4212.12,4258.35,10924850129.00,1579.89
20191011,4269.64,4302.54,4249.98,4290.54,12169670933.00,1661.59
20191014,4326.92,4359.75,4321.76,4338.28,15563292103.00,1982.82
20191015,4336.15,4336.15,4305.50,4310.48,12158749416.00,1595.72
20191016,4311.69,4326.75,4292.11,4294.31,10908565677.00,1561.91
20191017,4301.25,4307.56,4288.88,4300.51,9335927605.00,1292.18
20191018,4310.48,4315.76,4241.17,4242.41,11536138954.00,1501.06
20191021,4238.99,4245.72,4222.29,4245.42,9617959961.00,1272.20
20191022,4261.08,4267.64,4240.22,4267.64,9205394979.00,1235.99
20191023,4264.81,4265.79,4234.17,4238.53,9627013622.00,1219.54
20191024,4243.83,4249.62,4214.41,4232.79,9172542200.00,1227.30
20191025,4231.94,4259.79,4210.26,4259.79,10130843289.00,1473.53
20191028,4279.50,4308.24,4277.55,4308.24,14353229497.00,1918.75
20191029,4311.27,4311.27,4286.05,4286.05,14363614761.00,1935.51
20191030,4277.69,4278.83,4254.77,4261.90,12049440881.00,1629.41
20191031,4277.20,4277.97,4248.65,4254.44,11937758294.00,1666.57
20191101,4251.62,4326.06,4251.62,4323.53,11576728026.00,1680.57
20191104,4337.75,4365.38,4337.75,4355.98,13018557112.00,1865.28
20191105,4360.74,4396.71,4347.07,4380.42,13462407107.00,1908.19
20191106,4383.80,4383.80,4352.91,4360.04,12494482276.00,1736.80
20191107,4359.49,4378.84,4354.26,4370.70,10820593923.00,1447.81
20191108,4398.79,4398.79,4355.00,4355.00,12262534290.00,1694.31
20191111,4327.92,4327.92,4271.94,4273.38,12018634342.00,1573.80
20191112,4276.46,4276.46,4241.47,4271.49,10152194318.00,1330.79
20191113,4272.80,4280.00,4254.89,4275.13,9554658964.00,1358.18
20191114,4280.85,4296.03,4274.17,4286.83,10973636838.00,1477.42
20191115,4289.16,4292.51,4255.58,4255.58,11009997671.00,1458.62
20191118,4253.44,4288.43,4253.44,4288.43,9693707135.00,1291.39
20191119,4284.91,4341.52,4284.91,4341.52,11103451555.00,1577.11
20191120,4335.64,4338.11,4303.92,4303.92,11139030886.00,1588.53
20191121,4289.39,4296.74,4272.47,4283.91,9949591124.00,1349.29
20191122,4289.74,4314.19,4219.94,4235.19,13277222210.00,1948.71
20191125,4236.45,4258.63,4219.68,4258.63,14399194674.00,1791.29
20191126,4273.78,4279.26,4252.65,4269.14,14321781634.00,1730.52
20191127,4262.25,4275.55,4244.44,4259.80,11304934640.00,1463.21
20191128,4260.89,4270.80,4237.99,4245.42,9140797411.00,1160.07
20191129,4239.02,4239.02,4181.76,4210.60,10062563561.00,1421.01
20191202,4214.25,4229.90,4205.07,4213.74,10086212925.00,1317.72
20191203,4206.01,4230.78,4192.94,4230.78,9782557414.00,1349.00
20191204,4218.63,4238.29,4213.19,4233.04,10808902844.00,1431.55
20191205,4247.64,4273.04,4247.64,4270.32,11747621907.00,1655.14
20191206,4276.25,4297.81,4270.42,4297.81,11034204291.00,1508.59
20191209,4306.18,4306.18,4280.33,4290.48,13126039267.00,1711.05
20191210,4280.65,4304.81,4280.65,4304.71,12424156796.00,1619.96
20191211,4309.28,4309.28,4287.41,4300.37,13136881558.00,1631.70
20191212,4306.22,4306.22,4285.72,4289.57,11822833136.00,1561.87
20191213,4329.32,4368.09,4326.58,4366.57,16966939647.00,2261.04
20191216,4372.06,4399.73,4360.96,4399.73,18584315319.00,2461.85
20191217,4401.47,4466.50,4400.83,4453.17,22936734598.00,2842.91
20191218,4452.37,4465.90,4433.91,4442.10,18255620791.00,2331.11
20191219,4444.87,4445.22,4427.18,4439.91,15664975257.00,1933.14
20191220,4444.86,4446.80,4414.53,4414.53,15136505505.00,1854.63
20191223,4408.15,4425.27,4357.86,4359.06,14818684708.00,1870.12
20191224,4365.01,4400.87,4363.91,4400.62,12565642625.00,1554.26
20191225,4397.01,4413.48,4393.85,4406.82,13283293414.00,1793.24
20191226,4408.41,4438.23,4408.41,4438.23,13582142371.00,1707.85
20191227,4443.57,4476.61,4428.96,4428.96,18923745421.00,2313.88
20191230,4422.18,4485.41,4411.38,4485.41,18151519235.00,2375.46
20191231,4481.32,4502.24,4475.23,4501.89,15255757568.00,1992.25
20200102,4524.72,4583.47,4524.72,4571.48,22259527924.00,3050.46
20200103,4582.75,4586.80,4552.92,4568.62,19066828946.00,2642.77
20200106,4546.28,4603.30,4541.61,4564.16,23780084749.00,3179.27
20200107,4572.55,4604.04,4572.55,4604.04,20232425413.00,2617.73
20200108,4583.53,4594.20,4547.31,4554.89,23183596835.00,2810.37
20200109,4589.86,4616.93,4589.86,4616.93,19394501614.00,2672.44
20200110,4628.44,4628.44,4597.10,4614.16,16201714580.00,2344.25
20200113,4620.05,4664.77,4607.92,4664.77,17195492827.00,2612.16
20200114,4679.01,4685.52,4650.24,4650.24,18724131280.00,2614.50
20200115,4644.83,4655.12,4611.19,4631.12,16030293184.00,2258.11
20200116,4640.67,4640.67,4612.69,4617.91,15648185699.00,2226.14
20200117,4632.14,4642.91,4612.15,4621.53,14872400458.00,2227.24
20200120,4639.85,4668.43,4627.72,4668.43,17431905168.00,2714.63
20200121,4648.67,4648.67,4594.17,4594.17,17789397109.00,2681.73
20200122,4570.73,4634.26,4519.82,4623.69,17896313109.00,2775.49
20200123,4580.35,4597.36,4440.10,4478.96,22215130106.00,3333.16
20200203,4078.42,4177.56,4078.42,4132.44,18294610057.00,2857.80
20200204,4087.76,4252.59,4087.76,4251.51,28969897732.00,3817.89
20200205,4276.99,4348.35,4276.99,4316.92,24464182396.00,3579.54
20200206,4327.26,4419.59,4318.58,4414.65,25538425287.00,3716.01
20200207,4397.57,4423.36,4362.13,4423.36,24779925038.00,3601.32
20200210,4401.10,4447.77,4392.65,4445.85,24347055753.00,3479.25
20200211,4455.17,4489.81,4450.97,4470.36,21113420540.00,3014.72
20200212,4460.80,4523.97,4460.80,4523.97,20185825138.00,3032.14
20200213,4522.80,4531.22,4480.06,4492.56,21955438960.00,3355.59
20200214,4487.37,4531.71,4487.37,4508.89,20660752154.00,3165.93
20200217,4519.94,4617.70,4519.94,4617.70,24595685667.00,3587.23
20200218,4615.30,4630.59,4579.10,4619.01,24967029583.00,3605.72
20200219,4612.18,4641.32,4595.28,4599.99,25788671045.00,3846.60
20200220,4615.25,4697.73,4611.19,4697.73,27449329308.00,4056.48
20200221,4689.73,4742.37,4689.73,4721.95,29412989526.00,4391.88
20200224,4708.08,4738.24,4679.62,4723.18,31286022619.00,4736.61
20200225,4641.61,4726.74,4611.51,4722.04,36037977637.00,5430.26
20200226,4657.89,4706.26,4634.28,4636.17,36545873742.00,5119.10
20200227,4653.29,4684.83,4634.99,4651.52,27528815604.00,4102.36
20200228,4526.69,4574.48,4461.91,4464.31,32461600430.00,4559.31
20200302,4504.15,4634.77,4504.15,4610.67,29991183164.00,4225.55
20200303,4682.00,4717.30,4614.21,4644.19,31781084265.00,4613.94
20200304,4625.68,4656.12,4593.01,4655.95,25334674604.00,3690.23
20200305,4704.87,4754.30,4674.98,4747.11,29513226464.00,4337.46
20200306,4692.15,4715.48,4681.50,4685.28,23775142025.00,3224.70
20200309,4598.39,4598.39,4505.87,4505.87,29141460463.00,3986.04
20200310,4476.55,4620.40,4457.95,4615.49,27665899449.00,3897.18
20200311,4628.82,4628.82,4552.76,4552.76,24371596213.00,3376.69
20200312,4490.06,4494.49,4434.29,4464.02,22447424968.00,3073.87
20200313,4255.70,4448.53,4255.70,4408.27,27270936028.00,3733.50
20200316,4416.45,4416.45,4212.21,4212.21,26413332400.00,3759.16
20200317,4232.30,4232.86,4087.45,4201.40,23245123176.00,3273.26
20200318,4228.34,4281.11,4124.13,4124.13,22780839502.00,3325.21
20200319,4113.76,4138.29,4002.44,4084.85,24004140767.00,3474.40
20200320,4133.10,4161.39,4084.30,4153.49,19360799789.00,2835.71
20200323,4027.35,4073.12,3995.27,4002.32,19316845582.00,2684.78
20200324,4081.59,4108.40,4018.33,4104.12,20461275187.00,2811.37
20200325,4202.52,4220.09,4183.62,4214.95,20963999634.00,2983.47
20200326,4181.21,4220.77,4180.35,4183.42,16047637265.00,2331.15
20200327,4239.83,4242.01,4186.07,4186.07,16719168379.00,2423.77
20200330,4125.35,4152.08,4087.26,4129.11,17913834766.00,2453.52
20200331,4168.22,4171.51,4134.33,4142.13,15207092022.00,2062.06
20200401,4138.29,4195.74,4128.23,4131.48,16507345174.00,2249.26
20200402,4111.37,4213.28,4111.37,4213.28,16242552569.00,2315.94
20200403,4200.71,4213.01,4172.72,4185.84,14441580496.00,2120.12
20200407,4264.62,4294.01,4261.85,4292.30,19441897161.00,2750.06
20200408,4268.61,4288.61,4265.67,4279.02,16735395576.00,2293.57
20200409,4301.23,4307.90,4288.26,4299.62,15006322540.00,2184.75
20200410,4301.71,4315.76,4250.36,4255.32,15678607977.00,2310.81
20200413,4232.65,4251.41,4221.56,4230.63,12233572766.00,1733.63
20200414,4259.69,4318.70,4250.11,4318.70,15157774432.00,2289.35
20200415,4316.73,4323.16,4289.46,4290.35,15740363928.00,2354.21
20200416,4267.77,4307.56,4267.77,4307.37,14444843198.00,2091.06
20200417,4343.70,4373.93,4342.60,4348.10,19231331617.00,2893.57
20200420,4356.22,4374.79,4347.68,4374.67,16189948988.00,2311.32
20200421,4357.82,4357.82,4291.43,4326.24,16635922126.00,2359.62
20200422,4300.77,4361.69,4300.77,4361.69,14318623524.00,2002.96
20200423,4377.65,4377.65,4343.39,4346.14,15810408450.00,2185.63
20200424,4339.93,4339.93,4292.05,4301.29,14858901566.00,2035.32
20200427,4312.41,4343.62,4304.36,4322.08,13863362627.00,1943.78
20200428,4332.58,4350.81,4246.53,4340.13,17703094422.00,2473.00
20200429,4324.52,4374.17,4324.52,4354.04,13272768326.00,1942.54
20200430,4373.92,4426.39,4373.92,4420.99,18665119407.00,2765.45
20200506,4374.07,4468.59,4374.07,4467.84,20011458877.00,2959.66
20200507,4470.33,4473.20,4444.96,4455.39,16218981835.00,2374.92
20200508,4477.07,4514.52,4477.07,4499.55,16678512409.00,2571.33
20200511,4517.01,4535.42,4479.45,4496.08,17722693754.00,2636.48
20200512,4496.20,4506.72,4469.22,4505.20,15235768161.00,2270.12
20200513,4489.86,4518.35,4479.18,4517.11,13838132268.00,2136.24
20200514,4498.65,4499.01,4470.98,4471.89,14667682549.00,2139.17
20200515,4490.96,4490.96,4458.80,4464.98,14885358751.00,2357.02
20200518,4470.33,4493.40,4449.58,4464.68,17626848531.00,2763.87
20200519,4509.59,4515.32,4493.13,4514.59,14648453811.00,2377.20
20200520,4516.83,4516.83,4480.56,4487.41,16181218919.00,2482.87
20200521,4505.82,4505.82,4450.76,4455.34,14732554951.00,2255.32
20200522,4448.08,4448.08,4352.63,4352.63,14931363100.00,2195.43
20200525,4356.02,4356.39,4330.15,4353.58,11518224499.00,1753.30
20200526,4378.66,4419.89,4378.66,4417.79,12046963871.00,1849.19
20200527,4420.37,4420.37,4372.99,4380.41,13321313439.00,1908.60
20200528,4382.04,4402.84,4338.60,4383.29,13343682414.00,1916.81
20200529,4365.14,4413.41,4365.14,4403.38,14705300488.00,1973.13
20200601,4440.58,4531.97,4440.58,4527.80,19605303601.00,2813.51
20200602,4531.65,4541.89,4519.92,4536.74,20743691374.00,2720.25
20200603,4554.79,4568.22,4538.90,4538.90,19906031411.00,2802.29
20200604,4554.41,4554.41,4526.39,4540.25,16084718036.00,2186.08
20200605,4546.62,4563.91,4529.91,4563.91,15243801048.00,2124.12
20200608,4589.96,4613.24,4574.11,4579.00,18741851505.00,2590.12
20200609,4585.78,4611.42,4585.76,4609.26,16058311990.00,2207.23
20200610,4610.64,4610.93,4589.04,4608.80,15908884160.00,2241.23
20200611,4602.76,4623.06,4560.94,4570.37,18225468818.00,2763.74
20200612,4491.56,4580.35,4491.56,4578.72,19016263093.00,2732.81
20200615,4558.35,4585.55,4528.09,4528.09,19223177739.00,2846.91
20200616,4575.89,4607.55,4573.57,4607.55,17976805638.00,2645.80
20200617,4614.06,4616.21,4584.32,4615.95,18414513089.00,2653.80
20200618,4607.73,4641.20,4598.35,4637.77,21126662430.00,2889.92
20200619,4642.03,4703.24,4642.03,4695.52,20030550989.00,3086.90
20200622,4696.14,4715.86,4684.76,4695.88,19404554099.00,3118.30
20200623,4694.33,4724.73,4673.65,4722.54,17356756044.00,2947.21
20200624,4731.11,4743.67,4723.13,4738.67,15940246921.00,2792.39
20200629,4724.10,4724.10,4690.78,4708.42,17085627321.00,2800.73
20200630,4732.79,4780.58,4732.79,4770.21,16142094567.00,2791.31
20200701,4785.29,4835.92,4782.79,4835.92,20435409226.00,3568.59
20200702,4828.39,4911.99,4828.39,4911.84,28458910869.00,4319.20
20200703,4927.67,4987.84,4927.67,4987.84,30836042050.00,4662.82
20200706,5026.97,5239.98,5026.97,5232.28,44649776921.00,6390.15
20200707,5305.38,5383.78,5298.14,5298.14,45269374261.00,6888.24
20200708,5299.34,5400.06,5284.16,5383.17,38881236913.00,5884.15
20200709,5385.39,5489.23,5385.39,5479.56,42093621814.00,6452.87
20200710,5439.38,5477.72,5397.00,5406.72,37915598598.00,6011.15
20200713,5407.05,5554.95,5407.05,5548.96,39058091864.00,6312.91
20200714,5530.55,5551.71,5415.56,5488.31,38939503912.00,6408.70
20200715,5502.09,5508.10,5383.14,5406.62,34905498716.00,5918.80
20200716,5405.90,5429.67,5137.61,5137.61,34474209710.00,5889.02
20200717,5147.57,5230.27,5132.02,5180.16,25321881433.00,4372.59
20200720,5243.72,5333.05,5189.63,5333.05,30116153229.00,4840.11
20200721,5352.40,5374.28,5320.13,5356.68,25860066942.00,4304.05
20200722,5348.68,5460.46,5348.68,5389.18,27409517725.00,4561.76
20200723,5340.80,5394.33,5276.54,5394.06,29400001551.00,4931.09
20200724,5356.59,5356.59,5119.79,5143.91,30650872110.00,5286.86
20200727,5174.41,5196.66,5132.36,5170.21,21003735318.00,3677.31
20200728,5216.85,5241.14,5181.92,5214.28,20335658778.00,3531.21
20200729,5204.61,5347.23,5197.75,5347.07,22895888330.00,4121.33
20200730,5363.29,5369.63,5320.47,5321.45,22291228639.00,4070.96
20200731,5318.59,5414.54,5296.09,5372.54,23790795075.00,4262.57
20200803,5417.01,5473.66,5411.10,5473.66,27882437571.00,4912.60
20200804,5483.19,5491.82,5442.83,5460.43,29127349161.00,5105.28
20200805,5453.89,5488.82,5405.64,5478.60,26021199236.00,4367.50
20200806,5481.88,5481.88,5386.10,5456.16,30100803677.00,4957.88
20200807,5439.43,5448.12,5320.28,5398.30,27386209361.00,4807.08
20200810,5370.68,5436.63,5356.71,5408.44,25492616406.00,4394.54
20200811,5414.42,5466.25,5347.46,5347.46,25568588186.00,4114.53
20200812,5333.09,5333.97,5209.24,5299.25,25521242551.00,4159.02
20200813,5322.53,5322.53,5284.09,5286.89,20116222859.00,3027.85
20200814,5278.64,5358.30,5275.95,5357.81,18817254887.00,3002.10
20200817,5377.86,5472.46,5377.86,5465.05,28665444172.00,4359.15
20200818,5468.91,5479.40,5445.69,5470.71,23263855157.00,3662.17
20200819,5462.87,5462.87,5373.74,5373.74,24549299605.00,3771.39
20200820,5337.32,5356.21,5304.78,5312.22,20881056176.00,3137.82
20200821,5354.97,5376.82,5324.78,5355.43,18906967410.00,3013.14
20200824,5388.05,5420.83,5354.69,5408.40,20463421012.00,3323.52
20200825,5421.99,5443.73,5397.24,5408.28,20073874948.00,3202.86
20200826,5409.36,5424.57,5319.27,5337.07,20669814338.00,3348.93
20200827,5353.66,5377.07,5313.31,5375.69,17566680383.00,2893.62
20200828,5371.79,5488.82,5366.54,5488.53,21168327156.00,3540.40
20200831,5520.69,5548.20,5461.87,5461.87,24458160906.00,3938.80
20200901,5449.82,5497.32,5449.82,5497.32,18783409032.00,3104.36
20200902,5516.17,5522.01,5450.51,5505.74,23163530464.00,3481.47
20200903,5503.94,5530.11,5459.93,5469.79,21057673335.00,3384.19
20200904,5376.96,5429.21,5376.96,5421.34,18062070991.00,2986.78
20200907,5414.05,5447.77,5294.24,5307.01,22883018469.00,3653.96
20200908,5323.44,5345.40,5279.84,5336.60,21979389905.00,3138.56
20200909,5268.00,5273.05,5178.55,5199.37,27865045933.00,3377.10
20200910,5249.68,5257.06,5162.54,5173.56,23930165692.00,2917.28
20200911,5160.60,5239.84,5160.60,5237.35,16744972260.00,2383.03
20200914,5269.29,5298.15,5248.89,5277.35,17147790132.00,2682.21
20200915,5278.36,5325.81,5262.82,5323.00,15752057803.00,2493.39
20200916,5316.24,5316.24,5265.37,5282.26,15762130362.00,2381.48
20200917,5267.22,5298.92,5231.52,5267.81,15723775645.00,2643.57
20200918,5273.40,5367.50,5270.48,5367.50,19423867282.00,3067.44
20200921,5378.31,5378.31,5318.05,5321.31,16460091555.00,2617.79
20200922,5280.08,5318.31,5247.87,5253.90,15020175601.00,2357.49
20200923,5261.94,5293.36,5249.77,5281.51,12730603573.00,2281.38
20200924,5245.57,5245.57,5168.30,5168.30,15155348596.00,2332.27
20200925,5191.98,5203.53,5153.19,5168.06,11202177275.00,1864.02
20200928,5184.79,5205.85,5159.71,5167.09,10683765456.00,1805.04
20200929,5196.23,5215.13,5179.71,5194.42,11157309297.00,1910.91
20200930,5212.61,5245.11,5171.60,5195.33,11369734457.00,1942.87
20201009,5290.33,5339.04,5290.33,5324.93,14734710246.00,2758.12
20201012,5357.82,5486.06,5357.82,5486.06,19579964784.00,3567.35
20201013,5478.97,5511.03,5458.19,5504.18,14698547004.00,2824.11
20201014,5495.72,5495.72,5462.49,5471.94,15762064405.00,2837.29
20201015,5476.35,5483.75,5453.18,5453.18,14526302744.00,2537.68
20201016,5452.89,5469.22,5406.65,5435.46,14623886736.00,2423.87
20201019,5473.12,5489.78,5384.24,5394.39,15378214948.00,2565.60
20201020,5392.60,5449.03,5385.87,5449.03,13318684892.00,2247.73
20201021,5457.08,5457.08,5395.42,5424.73,13944126085.00,2392.98
20201022,5408.69,5408.69,5346.42,5401.81,12893436420.00,2260.23
20201023,5402.20,5425.90,5322.92,5326.09,12986404424.00,2288.66
20201026,5292.94,5333.39,5261.13,5321.13,12395018382.00,2242.51
20201027,5307.72,5339.68,5300.08,5330.24,12146894317.00,2211.36
20201028,5331.78,5387.64,5311.31,5374.10,14234505603.00,2718.59
20201029,5311.06,5435.76,5311.06,5409.42,15340123805.00,2949.81
20201030,5419.26,5419.26,5322.51,5326.33,17871795771.00,3286.80
20201102,5336.60,5379.53,5326.45,5367.02,18240240953.00,3219.24
20201103,5392.93,5444.91,5392.93,5433.06,17228648660.00,2973.52
20201104,5438.22,5473.60,5429.02,5471.58,15030828293.00,2728.53
20201105,5526.66,5557.56,5507.66,5557.56,18256993408.00,3309.45
20201106,5573.70,5573.70,5507.74,5546.89,19713041253.00,3532.65
20201109,5586.27,5675.31,5586.27,5659.17,25068389131.00,4328.58
20201110,5671.27,5671.27,5603.87,5620.69,22632952570.00,3928.52
20201111,5603.28,5612.40,5548.95,5548.95,21498558565.00,3508.13
20201112,5568.58,5577.49,5544.26,5562.48,16219828863.00,2715.03
20201113,5543.72,5543.72,5487.11,5522.10,17500190188.00,3003.00
20201116,5547.08,5572.11,5510.61,5572.11,20817366373.00,3200.22
20201117,5571.38,5571.38,5509.46,5541.17,20813894708.00,3388.63
20201118,5535.63,5558.88,5508.65,5532.72,21026719599.00,3316.39
20201119,5521.89,5571.54,5513.99,5566.21,18074510449.00,2875.47
20201120,5567.85,5599.62,5567.85,5598.92,18553702374.00,2801.06
20201123,5616.15,5679.27,5610.99,5661.67,26865262626.00,3823.85
20201124,5657.65,5657.65,5626.73,5636.44,21628709485.00,3200.81
20201125,5653.44,5656.66,5554.24,5554.24,22562664688.00,3352.60
20201126,5552.34,5564.84,5504.20,5554.53,17847668476.00,2790.06
20201127,5565.68,5603.62,5543.29,5603.62,18775260150.00,2741.84
20201130,5614.32,5664.37,5582.73,5582.73,27009682911.00,3939.30
20201201,5585.51,5699.66,5585.51,5696.53,21829291746.00,3425.39
20201202,5703.61,5705.14,5672.32,5694.80,21796540359.00,3299.43
20201203,5693.86,5693.86,5665.10,5683.71,19913465305.00,3059.29
20201204,5677.88,5710.02,5658.86,5709.03,16494044234.00,2807.54
20201207,5712.26,5712.26,5664.83,5673.18,16818691396.00,2982.70
20201208,5681.31,5692.96,5656.41,5665.39,14710592372.00,2694.85
20201209,5678.38,5678.38,5585.43,5586.11,16843069531.00,2963.37
20201210,5572.77,5611.36,5556.80,5588.71,15423713498.00,2594.33
20201211,5609.52,5609.52,5479.28,5524.98,19877666928.00,3194.71
20201214,5537.91,5580.98,5523.43,5578.26,15577812613.00,2799.94
20201215,5576.25,5608.67,5558.22,5602.61,14958733515.00,2829.26
20201216,5615.66,5623.29,5592.99,5610.84,14102783056.00,2639.13
20201217,5617.39,5680.90,5609.78,5676.68,17435921271.00,3031.00
20201218,5676.71,5685.18,5646.25,5662.23,17563306700.00,2984.60
20201221,5663.71,5741.24,5648.23,5741.24,19224959439.00,3537.34
20201222,5725.52,5745.48,5641.48,5643.71,21366738832.00,3800.01
20201223,5656.34,5719.34,5656.34,5696.60,19499362832.00,3644.88
20201224,5695.98,5716.69,5655.97,5675.97,16882529660.00,3026.19
20201225,5659.74,5728.04,5658.49,5728.04,17379284102.00,2987.99
20201228,5731.71,5766.83,5716.00,5739.37,19632537962.00,3406.47
20201229,5745.19,5746.01,5708.60,5710.80,20533123212.00,3361.33
20201230,5711.27,5804.12,5711.27,5804.12,19974929756.00,3523.90
20201231,5814.86,5911.50,5814.86,5910.32,20861405517.00,3954.01
20210104,5917.31,6020.26,5917.31,6008.25,26210238801.00,5078.70
20210105,5981.41,6104.18,5981.41,6104.18,28157756958.00,5486.80
20210106,6125.57,6162.23,6071.77,6152.60,25492079431.00,5026.61
20210107,6159.41,6250.90,6152.86,6250.90,29000224420.00,5394.14
20210108,6268.62,6268.62,6192.27,6244.36,27569451672.00,5409.03
20210111,6254.27,6297.46,6152.24,6183.55,30026927069.00,5947.74
20210112,6160.57,6342.78,6160.57,6342.78,26605850310.00,5292.92
20210113,6357.15,6387.41,6271.07,6316.86,32704130764.00,6211.53
20210114,6288.34,6288.34,6195.79,6200.97,29995574548.00,5683.05
20210115,6199.84,6225.13,6115.34,6193.47,27022531088.00,5142.46
20210118,6171.17,6286.00,6168.19,6271.03,24923523224.00,4739.33
20210119,6276.29,6277.79,6149.33,6172.69,25424128980.00,4823.73
20210120,6180.97,6251.57,6180.97,6236.96,21598730565.00,4243.78
20210121,6256.51,6367.66,6256.51,6338.65,26285899996.00,5116.02
20210122,6335.68,6371.67,6293.24,6367.40,25339945901.00,5288.22
20210125,6363.06,6465.69,6343.54,6417.91,25860221706.00,5934.47
20210126,6386.64,6386.64,6277.77,6279.30,22239267569.00,4814.47
20210127,6277.30,6308.90,6217.62,6300.50,21550145914.00,4375.40
20210128,6207.39,6227.22,6105.63,6118.35,22877237717.00,4413.36
20210129,6163.02,6173.85,6007.74,6078.87,23543547612.00,4507.01
20210201,6083.29,6158.16,6083.29,6155.65,21072258656.00,3944.81
20210202,6170.53,6253.18,6141.74,6250.85,21516659890.00,4387.56
20210203,6255.77,6288.96,6227.38,6228.09,24763826187.00,4779.17
20210204,6198.16,6252.02,6144.96,6213.22,23371815732.00,4586.02
20210205,6238.31,6274.40,6189.45,6192.76,22142231215.00,4408.63
20210208,6218.28,6309.19,6201.81,6305.53,19721962692.00,4090.65
20210209,6330.98,6444.83,6317.16,6444.83,20389412465.00,4219.72
20210210,6473.68,6590.55,6473.68,6577.13,20722771631.00,4528.45
20210218,6712.15,6712.15,6527.50,6545.17,28643526366.00,5763.19
20210219,6506.60,6564.02,6433.26,6558.11,29101461492.00,5282.60
20210222,6570.90,6570.90,6373.41,6373.41,38330859731.00,6402.01
20210223,6314.29,6416.42,6314.29,6350.44,32059514255.00,5017.92
20210224,6364.36,6364.36,6146.36,6188.31,30530684442.00,5501.56
20210225,6259.28,6271.53,6191.30,6208.01,28712972718.00,4652.69
20210226,6062.05,6139.32,6045.66,6059.90,26505692884.00,4525.86
20210301,6122.91,6178.88,6092.48,6175.40,24877199074.00,4208.94
20210302,6216.91,6216.91,6047.78,6100.19,27208376898.00,4444.75
20210303,6077.24,6208.99,6075.13,6208.99,26370575581.00,3928.58
20210304,6138.32,6138.32,5999.26,6015.65,30517475747.00,4625.73
20210305,5912.72,6026.47,5907.97,5988.56,26567593823.00,3945.55
20210308,6032.27,6046.73,5780.11,5780.11,28846953485.00,4534.73
20210309,5761.83,5790.85,5585.07,5655.17,31639492471.00,4785.26
20210310,5747.46,5747.46,5673.22,5688.28,23299802793.00,3578.87
20210311,5711.23,5841.69,5707.13,5833.90,25895658480.00,3858.48
20210312,5866.63,5866.63,5791.53,5852.40,26399573946.00,3750.20
20210315,5819.98,5819.98,5682.24,5728.33,26893699169.00,3802.44
20210316,5749.22,5778.90,5706.06,5775.38,21943548486.00,3197.93
20210317,5755.79,5817.21,5707.78,5803.25,20221798211.00,3071.42
20210318,5819.61,5860.09,5819.61,5852.63,20416880195.00,3142.13
20210319,5763.52,5787.67,5670.68,5699.52,21985330148.00,3354.37
20210322,5703.01,5771.17,5697.50,5754.95,21857241499.00,3135.71
20210323,5754.82,5754.82,5646.62,5686.20,21480890284.00,3071.03
20210324,5657.76,5697.26,5580.05,5586.29,20636756704.00,3046.16
20210325,5558.10,5613.19,5547.42,5592.30,17722667590.00,2590.73
20210326,5621.77,5740.02,5621.77,5725.55,19472270308.00,3209.56
20210329,5744.18,5770.83,5705.24,5734.19,19818999574.00,3135.44
20210330,5728.72,5799.30,5728.72,5791.66,19204347144.00,3016.02
20210331,5784.17,5784.17,5711.99,5747.41,18605973461.00,2824.76
20210401,5760.86,5826.97,5760.86,5823.45,17231041410.00,2587.09
20210402,5842.03,5885.72,5829.75,5874.10,17381434989.00,2928.70
20210406,5893.14,5893.14,5835.41,5852.78,15368831433.00,2581.05
20210407,5859.58,5859.58,5768.15,5819.23,21244252251.00,2989.71
20210408,5792.94,5847.74,5792.94,5828.24,21852203452.00,2829.81
20210409,5818.46,5818.46,5735.26,5747.94,19278105313.00,2715.63
20210412,5740.91,5755.00,5631.33,5644.62,22091437360.00,3227.95
20210413,5645.59,5695.90,5621.09,5637.59,18820504538.00,2670.39
20210414,5648.99,5707.19,5648.99,5701.81,17426142652.00,2639.52
20210415,5687.16,5687.16,5613.63,5666.88,16193739682.00,2546.78
20210416,5685.85,5700.64,5636.18,5689.23,17015330421.00,2619.07
20210419,5689.35,5833.29,5689.35,5832.82,21124796427.00,3632.53
20210420,5808.78,5862.51,5808.78,5825.43,19243564427.00,3287.30
20210421,5789.27,5838.01,5781.29,5832.46,17016473031.00,2807.04
20210422,5853.30,5853.30,5808.70,5830.75,17438393332.00,2915.83
20210423,5830.25,5898.71,5830.25,5889.83,18307220858.00,3224.93
20210426,5916.36,5949.90,5827.99,5830.56,21625743845.00,3988.71
20210427,5827.71,5843.93,5789.05,5842.14,17684641082.00,3070.29
20210428,5824.66,5879.91,5813.50,5879.91,17230866753.00,3268.31
20210429,5891.77,5926.85,5873.04,5922.54,18214015835.00,3377.29
20210430,5915.74,5937.87,5871.12,5897.59,20540612692.00,3699.24
20210506,5875.18,5895.95,5798.49,5833.79,21953552429.00,3843.84
20210507,5851.46,5863.97,5755.95,5755.95,25569713478.00,3793.98
20210510,5768.02,5791.21,5721.41,5764.59,25922426031.00,3533.64
20210511,5720.75,5792.46,5678.21,5779.37,23966509378.00,3361.95
20210512,5758.76,5812.12,5758.76,5807.62,19438996667.00,2846.52
20210513,5744.80,5775.98,5721.04,5736.59,21012177634.00,3045.12
20210514,5754.04,5853.67,5728.46,5853.31,20752144854.00,3555.61
20210517,5864.05,5965.24,5864.05,5947.21,20805279982.00,3863.23
20210518,5953.46,5953.46,5921.09,5950.54,16480933407.00,2826.59
20210519,5933.60,5955.09,5921.41,5941.54,17263957896.00,3043.27
20210520,5930.14,5956.71,5920.19,5941.72,20197590159.00,3326.84
20210521,5959.89,5974.97,5888.53,5895.27,17645085578.00,3177.48
20210524,5898.20,5919.95,5858.47,5919.95,17706141818.00,3263.05
20210525,5931.89,6089.63,5931.89,6087.65,21375737194.00,4293.81
20210526,6095.66,6104.88,6074.27,6088.82,20721229960.00,3765.48
20210527,6082.58,6135.03,6067.77,6120.46,19918507937.00,3602.45
20210528,6125.56,6154.15,6085.68,6109.53,21435899231.00,3888.15
20210531,6113.09,6139.47,6084.78,6139.47,20096804696.00,3899.85
20210601,6125.62,6156.17,6086.95,6154.66,21019781358.00,3948.05
20210602,6164.42,6164.42,6083.13,6094.16,20209283397.00,3625.71
20210603,6092.05,6118.03,6053.73,6053.73,20634174277.00,3439.93
20210604,6025.42,6132.13,6025.42,6089.26,19208623837.00,3506.01
20210607,6093.32,6093.32,6043.33,6081.27,18470591441.00,3499.52
20210608,6081.44,6116.59,6013.38,6041.09,19255250375.00,3681.89
20210609,6034.83,6064.76,6034.83,6056.56,18323197747.00,3185.40
20210610,6056.99,6144.11,6056.99,6119.88,21592866136.00,3928.22
20210611,6129.86,6129.86,6064.19,6083.10,25635867273.00,4601.57
20210615,6080.30,6080.30,5990.48,6013.55,21699799851.00,4217.61
20210616,6008.23,6008.23,5885.13,5889.21,19511417942.00,3898.29
20210617,5882.81,5942.38,5882.81,5929.28,18237442859.00,3648.08
20210618,5935.17,5968.82,5903.97,5945.65,21481681034.00,4377.11
20210621,5931.03,5971.91,5926.03,5949.45,20274964300.00,4207.19
20210622,5966.66,5984.76,5944.12,5982.76,20312499341.00,4029.14
20210623,5990.12,6053.28,5990.12,6029.77,20978546868.00,4497.55
20210624,6041.46,6041.46,5995.31,6024.87,19102772789.00,3897.36
20210625,6029.13,6125.86,6029.13,6114.66,21470115391.00,4446.26
20210628,6129.55,6147.26,6119.97,6144.37,19582052964.00,4277.94
20210629,6149.94,6149.94,6079.67,6084.50,18929527840.00,4132.39
20210630,6084.55,6138.18,6084.55,6135.48,16239889452.00,3690.37
20210701,6153.55,6156.75,6093.91,6125.53,18071656080.00,4103.41
20210702,6076.84,6076.84,5956.00,5961.76,18862061858.00,4336.12
20210705,5958.12,5987.91,5933.02,5977.81,19912104387.00,4354.72
20210706,5986.28,5994.04,5905.08,5968.60,21102943506.00,4782.96
20210707,5932.23,6059.50,5932.23,6053.03,21998133738.00,4473.02
20210708,6065.11,6065.11,6006.14,6013.08,24863464250.00,5170.10
20210709,5983.81,6019.46,5928.84,6005.15,24716011814.00,4797.23
20210712,6053.68,6128.21,6038.64,6108.00,30171467677.00,5831.18
20210713,6098.83,6128.10,6080.50,6113.50,26815365986.00,5114.23
20210714,6097.60,6097.60,6033.48,6039.68,27900882955.00,5031.26
20210715,6025.16,6113.21,6020.10,6113.21,26598338813.00,4868.85
20210716,6100.54,6100.54,6034.51,6037.06,26637017235.00,5001.98
20210719,6029.99,6055.53,5989.99,6054.57,23968152424.00,4672.98
20210720,6010.40,6058.47,6000.39,6055.58,20581829868.00,3866.99
20210721,6076.54,6137.02,6076.54,6120.05,25785664331.00,5201.93
20210722,6131.62,6138.82,6116.33,6136.11,28709444654.00,5488.27
20210723,6132.60,6132.60,6044.99,6059.25,33266034856.00,5815.77
20210726,6035.10,6035.10,5805.52,5887.64,32234179465.00,6257.43
20210727,5890.34,5909.36,5680.90,5680.90,35356212954.00,6869.83
20210728,5633.31,5723.47,5600.71,5690.38,29070601563.00,5529.69
20210729,5802.13,5836.40,5769.43,5832.18,25669799407.00,5478.57
20210730,5810.88,5815.03,5745.66,5800.26,28208466356.00,5735.73
20210802,5785.91,5927.99,5752.31,5927.99,32190050074.00,6700.45
20210803,5903.61,5940.89,5886.65,5910.10,29720200914.00,6098.55
20210804,5900.55,5991.38,5900.55,5991.38,26440365925.00,5674.77
20210805,5955.53,5994.21,5936.62,5955.47,26524044056.00,5413.37
20210806,5957.11,5957.11,5895.07,5928.87,25100323907.00,5140.77
20210809,5887.81,5981.39,5887.81,5968.36,25778173289.00,5246.48
20210810,5959.26,6020.19,5930.33,6020.19,24407405820.00,5343.50
20210811,6015.23,6035.66,5998.46,5998.51,26334502745.00,4925.25
20210812,5976.91,5997.58,5951.00,5958.76,27018077044.00,5065.61
20210813,5932.88,5985.76,5900.87,5926.74,26402884016.00,5028.51
20210816,5911.72,5937.50,5894.07,5899.81,25327166639.00,4681.85
20210817,5897.38,5913.48,5750.30,5766.36,27160577454.00,5043.92
20210818,5771.40,5820.87,5754.70,5814.07,24574380424.00,4597.98
20210819,5806.35,5827.09,5766.98,5799.53,24693647676.00,4562.54
20210820,5747.22,5753.38,5638.86,5695.00,24287347346.00,5004.58
20210823,5710.48,5799.31,5701.41,5796.37,25110288910.00,5005.27
20210824,5805.53,5872.11,5799.10,5856.87,28160590975.00,5337.52
20210825,5864.97,5886.59,5838.61,5886.59,27685617264.00,4861.01
20210826,5886.63,5886.63,5782.72,5782.72,31455062653.00,5137.42
20210827,5772.15,5841.18,5772.15,5818.03,30148773856.00,5160.32
20210830,5845.13,5849.11,5789.15,5820.95,34911645236.00,6524.42
20210831,5811.12,5813.16,5733.14,5802.57,35030549746.00,6127.80
20210901,5805.26,5855.83,5754.69,5832.35,44610446147.00,7136.94
20210902,5827.38,5852.95,5818.70,5838.75,36713786820.00,5698.86
20210903,5837.91,5843.38,5787.67,5802.26,37160246923.00,5901.48
20210906,5805.26,5923.25,5805.26,5915.32,33869655413.00,5697.63
20210907,5915.45,5995.73,5913.27,5984.95,34653745187.00,5343.83
20210908,5980.93,5995.74,5948.05,5964.34,37755693676.00,5559.95
20210909,5948.16,5973.65,5926.80,5973.65,39515082224.00,5516.34
20210910,5964.58,6024.61,5964.58,6012.27,41133814978.00,6177.30
20210913,6007.28,6025.53,5967.17,5993.70,37918214313.00,5888.98
20210914,5988.56,6019.20,5926.21,5931.63,37805419542.00,5839.37
20210915,5914.64,5917.58,5855.25,5883.49,29893803301.00,5053.46
20210916,5885.92,5893.74,5792.72,5792.72,33862335396.00,5418.31
20210917,5775.86,5832.48,5761.70,5827.77,31371345516.00,4855.17
20210922,5732.60,5813.80,5732.60,5806.30,27954613622.00,4122.95
20210923,5845.35,5858.41,5827.97,5839.59,34040344805.00,4902.21
20210924,5829.50,5878.90,5817.17,5822.87,32452214968.00,4892.12
20210927,5852.03,5880.50,5795.89,5828.92,33066358961.00,5420.19
20210928,5815.32,5846.96,5801.02,5826.69,24896905040.00,3952.50
20210929,5778.85,5785.29,5720.05,5746.27,27728524566.00,4198.47
20210930,5761.69,5821.90,5761.69,5812.60,22280985382.00,3662.60
20211008,5878.44,5884.37,5838.59,5869.22,25581072357.00,4368.65
20211011,5881.09,5904.65,5862.94,5866.91,24392154890.00,4013.89
20211012,5851.08,5851.08,5741.53,5788.12,24705503496.00,3814.09
20211013,5786.17,5866.57,5778.05,5860.55,19976219460.00,3513.14
20211014,5855.22,5866.68,5833.55,5846.66,18692296555.00,3212.39
20211015,5829.95,5890.54,5829.95,5886.57,22068198154.00,4033.46
20211018,5882.07,5882.07,5810.16,5846.77,22286962467.00,4052.80
20211019,5845.57,5896.53,5845.57,5892.99,20594092429.00,3687.09
20211020,5893.13,5906.83,5871.60,5883.56,21616257084.00,3793.18
20211021,5887.73,5912.11,5868.42,5898.22,22050404787.00,3677.41
20211022,5907.79,5955.29,5907.79,5920.21,22368101998.00,3894.56
20211025,5904.15,5954.55,5903.78,5952.66,20431456092.00,3867.92
20211026,5970.57,5985.63,5926.38,5932.27,21938282328.00,4077.58
20211027,5916.79,5916.79,5853.59,5870.53,22358886154.00,4005.29
20211028,5855.25,5855.83,5807.61,5819.06,23909779527.00,4255.68
20211029,5820.97,5894.05,5815.48,5894.05,22717714987.00,4676.43
20211101,5860.23,5904.35,5855.43,5877.44,24325908880.00,4824.76
20211102,5874.14,5903.21,5781.96,5824.05,26638014441.00,4906.20
20211103,5817.27,5835.32,5775.75,5800.75,20782111557.00,3908.72
20211104,5826.11,5862.78,5826.11,5861.45,20124610486.00,4023.70
20211105,5849.52,5882.69,5823.74,5823.74,23685409587.00,4201.94
20211108,5824.62,5856.85,5814.98,5839.17,21151445891.00,3957.04
20211109,5854.73,5856.18,5824.17,5852.70,18758146337.00,3637.10
20211110,5830.95,5830.95,5742.96,5813.94,21909457877.00,4124.40
20211111,5807.85,5896.63,5807.85,5896.63,23325204256.00,4193.88
20211112,5902.56,5903.62,5874.28,5888.68,21532551163.00,3813.49
20211115,5897.14,5897.14,5846.86,5866.55,19956973223.00,3856.06
20211116,5864.01,5894.12,5852.69,5855.15,21180060450.00,3902.14
20211117,5860.48,5877.41,5847.64,5877.41,18157479843.00,3429.80
20211118,5862.93,5862.93,5815.99,5825.67,20540179125.00,3538.57
20211119,5821.31,5890.79,5821.31,5890.79,21581725301.00,3650.42
20211122,5901.92,5947.79,5901.92,5946.76,22591521454.00,4387.86
20211123,5938.26,5955.40,5932.59,5939.50,24543737191.00,4112.70
20211124,5941.17,5955.04,5922.09,5937.12,22996363079.00,4033.23
20211125,5935.78,5938.89,5912.80,5917.67,20581808762.00,3706.43
20211126,5904.64,5909.58,5876.12,5881.70,20629562342.00,3522.62
20211129,5829.89,5887.94,5829.89,5887.94,21944780878.00,3972.07
20211130,5900.18,5907.81,5852.29,5873.97,22100463615.00,4001.65
20211201,5871.14,5878.75,5855.09,5878.75,20686640356.00,3657.51
20211202,5871.64,5896.17,5870.73,5882.73,22575334198.00,3823.86
20211203,5885.51,5934.43,5883.45,5934.43,22420897588.00,3986.96
20211206,5935.09,5956.89,5898.10,5901.36,25279204136.00,4209.30
20211207,5943.72,5943.72,5875.31,5908.07,25506651327.00,4388.13
20211208,5925.56,6000.39,5912.51,6000.39,22679762875.00,4116.96
20211209,6005.08,6100.78,6005.08,6076.18,27343144860.00,4892.84
20211210,6037.99,6063.85,6037.99,6059.84,25671128683.00,4470.34
20211213,6096.29,6144.55,6095.92,6100.57,29476558582.00,5164.22
20211214,6082.31,6082.31,6056.80,6061.81,24473542967.00,4159.95
20211215,6047.19,6070.48,6015.09,6015.09,23189731556.00,3833.68
20211216,6018.48,6056.57,6010.28,6056.57,23867994329.00,3860.33
20211217,6042.29,6042.29,5963.42,5963.42,25184296003.00,4062.16
20211220,5940.97,5976.50,5862.01,5866.87,25509336744.00,4065.13
20211221,5862.10,5916.22,5862.10,5913.35,21263443663.00,3296.11
20211222,5928.25,5942.15,5918.23,5927.96,21665032267.00,3388.69
20211223,5938.49,5964.54,5926.89,5964.54,22018525636.00,3541.31
20211224,5970.81,5973.15,5906.91,5921.26,21701999871.00,3728.43
20211227,5914.68,5940.69,5888.88,5911.33,18881274438.00,3252.38
20211228,5917.78,5950.96,5906.33,5950.72,19392683238.00,3461.44
20211229,5951.22,5951.22,5873.80,5873.80,17362556932.00,3425.34
20211230,5872.60,5941.86,5872.60,5921.15,18627083249.00,3410.28
20211231,5937.72,5950.43,5929.00,5946.59,18882680760.00,3406.49
20220104,5969.93,5969.93,5874.24,5918.18,24950120576.00,4398.91
20220105,5905.27,5905.27,5826.33,5843.02,27102059921.00,4609.65
20220106,5812.24,5825.32,5758.46,5793.98,24845505717.00,4048.99
20220107,5801.03,5835.58,5785.07,5789.44,28289974193.00,4251.70
20220110,5778.05,5815.86,5754.79,5815.68,22876350650.00,3765.05
20220111,5812.12,5815.90,5751.11,5756.27,22305185184.00,3668.56
20220112,5784.31,5820.80,5780.29,5819.56,21856941080.00,3762.10
20220113,5830.48,5830.48,5721.89,5721.89,22376906762.00,3682.65
20220114,5694.65,5727.19,5686.41,5688.78,22982574288.00,3646.34
20220117,5692.60,5753.32,5692.60,5748.23,20705383123.00,3655.03
20220118,5748.63,5807.45,5748.63,5795.10,24170938651.00,3815.66
20220119,5796.07,5796.07,5722.28,5750.42,22556973160.00,3698.69
20220120,5748.88,5796.81,5748.88,5775.12,23761567800.00,3762.06
20220121,5757.41,5757.41,5697.97,5717.54,20836637934.00,3450.76
20220124,5687.41,5743.14,5687.41,5727.52,17280180779.00,3076.34
20220125,5698.13,5704.52,5584.99,5584.99,20541129096.00,3237.68
20220126,5607.95,5629.01,5564.72,5620.96,16124767531.00,2792.79
20220127,5616.28,5616.28,5495.51,5497.25,17783654380.00,3045.08
20220128,5530.45,5530.45,5429.71,5435.23,18647440441.00,3181.21
20220207,5527.46,5554.90,5506.09,5523.91,21343234984.00,3248.96
20220208,5516.39,5516.39,5404.05,5504.02,22578326477.00,3441.48
20220209,5503.98,5573.48,5493.88,5565.43,22429992743.00,3438.28
20220210,5571.57,5571.57,5518.94,5552.24,22844792552.00,3528.78
20220211,5525.45,5567.24,5489.59,5495.93,22728061696.00,3722.44
20220214,5467.99,5493.00,5421.24,5443.93,20075401215.00,3268.34
20220215,5447.48,5507.57,5447.48,5506.28,16628112289.00,3029.35
20220216,5529.99,5553.80,5513.79,5527.48,16210696443.00,2653.84
20220217,5525.26,5564.71,5517.39,5541.82,17594702260.00,2947.44
20220218,5511.49,5573.07,5511.49,5573.07,18140253623.00,2668.38
20220221,5569.58,5569.58,5536.52,5559.14,18746465292.00,2921.84
20220222,5521.66,5521.66,5461.67,5490.21,19875168665.00,3261.70
20220223,5498.93,5565.05,5498.93,5563.02,19490067916.00,3514.25
20220224,5527.33,5551.13,5404.77,5453.18,29108685112.00,4645.36
20220225,5496.60,5554.25,5494.65,5505.80,22694871428.00,3602.52
20220228,5497.66,5523.09,5470.99,5523.09,20510990234.00,3301.17
20220301,5541.15,5561.88,5521.09,5559.84,18943871860.00,3354.57
20220302,5530.76,5530.76,5494.73,5512.81,18488082172.00,2920.49
20220303,5533.75,5533.75,5474.83,5477.91,24010616235.00,3391.76
20220304,5430.68,5458.57,5387.91,5405.51,22190976655.00,3390.14
20220307,5370.14,5370.14,5224.41,5236.45,24792712942.00,3901.25
20220308,5245.12,5249.03,5110.56,5122.25,26109490815.00,4067.68
20220309,5139.48,5154.46,4891.57,5074.85,28190452636.00,4291.32
20220310,5193.89,5211.30,5156.61,5160.58,21857153588.00,3828.16
20220311,5086.66,5179.77,5021.86,5175.83,21528723508.00,3629.29
20220314,5108.13,5139.80,5019.80,5019.80,18862334894.00,3259.22
20220315,4963.50,5002.80,4778.88,4778.88,28132996538.00,4184.71
20220316,4866.60,4990.61,4731.58,4980.24,26512636057.00,4481.16
20220317,5078.06,5153.40,5066.65,5084.80,24626772356.00,4591.35
20220318,5062.86,5137.89,5042.61,5121.25,19988122077.00,3308.00
20220321,5139.50,5150.17,5082.58,5119.37,18976176634.00,3186.10
20220322,5112.81,5139.83,5098.59,5116.69,18419136478.00,2821.41
20220323,5134.11,5152.32,5101.19,5143.95,17219785734.00,2847.16
20220324,5113.69,5138.96,5073.23,5110.49,16191132722.00,2778.04
20220325,5108.51,5112.06,5019.00,5019.00,15672954135.00,2664.69
20220328,4966.65,5012.12,4929.23,4992.30,16791848252.00,2639.01
20220329,5001.66,5024.01,4965.01,4970.51,14677130965.00,2504.25
20220330,5002.25,5107.48,5001.01,5107.48,18710804712.00,3188.53
20220331,5086.47,5086.47,5054.72,5061.53,18905975688.00,2934.66
20220401,5032.63,5128.83,5032.63,5117.28,18501543824.00,2893.13
20220406,5099.62,5105.62,5069.46,5099.74,22603251085.00,3155.65
20220407,5070.96,5103.57,5031.06,5031.06,20511954675.00,2775.33
20220408,5034.97,5058.81,4983.64,5052.46,21401643028.00,2910.43
20220411,5021.66,5021.66,4878.16,4887.54,21991671517.00,3281.40
20220412,4890.10,4975.75,4859.38,4975.75,20393884813.00,2998.51
20220413,4945.91,4987.10,4923.65,4923.65,19058901284.00,2734.53
20220414,4961.16,5015.05,4945.01,4985.50,18001916219.00,2907.91
20220415,4951.67,4999.21,4946.72,4968.77,19395475184.00,2846.28
20220418,4929.16,4957.58,4913.05,4953.20,16369090322.00,2556.74
20220419,4949.86,4965.39,4906.60,4925.82,16009584288.00,2530.58
20220420,4921.81,4921.81,4835.12,4838.80,17611989454.00,2653.40
20220421,4813.57,4855.27,4709.31,4729.12,19133476902.00,2738.40
20220422,4696.38,4772.52,4690.69,4741.82,17146552515.00,2465.46
20220425,4649.61,4651.92,4484.45,4484.45,23774761037.00,3235.35
20220426,4492.28,4547.00,4430.28,4436.91,22066885195.00,3056.25
20220427,4406.44,4591.57,4406.44,4591.57,24462260438.00,3520.41
20220428,4575.23,4633.93,4567.72,4615.85,21054672445.00,3144.20
20220429,4639.16,4746.24,4605.88,4745.73,24293091382.00,3718.18
20220505,4723.36,4783.91,4722.68,4749.48,20991357640.00,3404.74
20220506,4646.23,4668.09,4626.03,4630.76,17825196798.00,2572.96
20220509,4602.98,4636.98,4579.20,4603.14,14440260112.00,2110.99
20220510,4533.55,4657.03,4533.55,4655.10,19917727046.00,2885.35
20220511,4654.35,4793.50,4654.35,4724.33,23806784115.00,3718.43
20220512,4692.56,4728.37,4676.45,4706.89,16754769373.00,2464.78
20220513,4736.42,4747.83,4705.45,4743.89,15711779553.00,2352.84
20220516,4778.44,4778.44,4708.18,4715.22,16718201320.00,2473.83
20220517,4721.16,4774.90,4709.50,4774.90,16131884498.00,2589.85
20220518,4783.86,4783.86,4736.19,4758.58,16248936170.00,2487.98
20220519,4691.62,4775.09,4691.62,4775.09,17406338933.00,2632.18
20220520,4799.69,4866.11,4799.69,4866.11,21797709643.00,3271.74
20220523,4872.32,4872.32,4815.30,4846.71,19812147599.00,2863.13
20220524,4844.53,4844.53,4718.35,4718.35,22086275422.00,3199.24
20220525,4718.80,4752.82,4709.53,4752.59,16811189012.00,2412.74
20220526,4759.17,4792.71,4705.83,4773.40,18616703470.00,2703.44
20220527,4807.95,4827.23,4760.92,4781.58,17252171657.00,2585.41
20220530,4805.60,4828.30,4786.82,4821.24,16478863786.00,2571.56
20220531,4824.48,4896.41,4809.91,4895.10,19440620539.00,3213.14
20220601,4888.08,4900.66,4864.66,4892.27,17688646427.00,2860.79
20220602,4870.31,4912.34,4870.31,4910.26,18207071139.00,2925.12
20220606,4913.78,5008.67,4902.38,5007.95,24283632090.00,4017.34
20220607,5008.01,5028.79,4990.12,5014.86,20445800695.00,3476.71
20220608,5023.95,5062.67,4980.30,5059.96,22528455877.00,3851.61
20220609,5049.38,5051.27,4982.45,4997.56,22285088352.00,3388.63
20220610,4960.53,5078.69,4960.53,5077.12,24149539729.00,3837.21
20220613,5026.63,5058.32,4996.75,5032.02,25257183815.00,4418.70
20220614,4975.18,5057.46,4917.86,5057.46,24625645724.00,4257.40
20220615,5062.54,5184.68,5062.54,5103.63,32159421992.00,5410.45
20220616,5108.53,5136.43,5070.75,5085.32,24865916077.00,4102.79
20220617,5049.24,5164.40,5049.24,5158.75,22486951957.00,4342.46
20220620,5175.68,5222.84,5152.09,5183.93,24639041402.00,4679.71
20220621,5180.12,5199.66,5128.74,5167.81,23784348364.00,4112.41
20220622,5175.26,5175.26,5096.67,5096.67,22481489075.00,3776.56
20220623,5106.84,5191.96,5083.44,5191.96,23993949773.00,4158.65
20220624,5205.14,5258.79,5205.14,5258.23,24039570866.00,4513.18
20220627,5283.26,5346.37,5283.26,5315.96,26013966596.00,4947.58
20220628,5316.09,5381.16,5285.17,5381.16,25481426015.00,4707.16
20220629,5362.12,5390.86,5280.41,5288.53,26968630390.00,5074.83
20220630,5287.62,5396.39,5287.62,5364.32,22813750981.00,4468.22
20220701,5367.45,5369.68,5331.00,5348.78,21374367061.00,4107.92
20220704,5329.06,5391.50,5329.06,5391.50,21787868422.00,4632.73
20220705,5403.37,5410.67,5326.73,5388.13,24555327472.00,4795.92
20220706,5370.88,5370.88,5271.09,5308.38,23697264596.00,4480.73
20220707,5309.13,5350.73,5271.47,5337.58,20683365676.00,4255.57
20220708,5369.23,5369.23,5312.32,5312.67,19410690009.00,3974.74
20220711,5286.26,5286.26,5185.29,5215.34,20683258745.00,3924.65
20220712,5212.01,5228.53,5146.16,5159.01,19128653235.00,3691.17
20220713,5160.16,5193.15,5124.63,5173.34,20133205413.00,3628.91
20220714,5160.56,5212.75,5157.09,5186.02,21326602384.00,3919.65
20220715,5161.16,5209.35,5101.80,5101.80,22447601442.00,4106.07
20220718,5117.63,5163.43,5077.11,5160.73,19941635394.00,3768.77
20220719,5157.83,5157.83,5106.25,5140.25,18136987810.00,3324.11
20220720,5166.61,5177.62,5152.29,5164.83,17613156177.00,3137.72
20220721,5150.01,5155.17,5107.79,5107.79,20714313106.00,3504.16
20220722,5125.06,5134.66,5066.34,5101.26,17756084389.00,3119.69
20220725,5098.29,5101.40,5054.52,5065.65,15389648884.00,2765.92
20220726,5073.89,5122.16,5071.90,5109.57,14192039552.00,2735.71
20220727,5098.63,5105.07,5083.04,5093.77,13653149556.00,2692.48
20220728,5116.25,5142.97,5094.27,5097.12,17576242438.00,3328.52
20220729,5099.91,5112.50,5029.86,5034.18,18462575275.00,3404.89
20220801,5023.36,5067.18,4991.38,5064.40,17433095294.00,3410.50
20220802,5010.60,5010.60,4926.23,4958.26,23438695972.00,3923.35
20220803,4967.06,4995.22,4908.82,4912.54,19790129250.00,3815.29
20220804,4940.60,4957.07,4913.02,4951.83,14966663441.00,3023.99
20220805,4962.58,5028.51,4956.34,5026.27,17073993884.00,3473.02
20220808,5011.28,5027.44,5010.17,5026.75,15347978351.00,3217.05
20220809,5021.26,5042.88,5010.90,5040.32,14718212610.00,3125.18
20220810,5032.03,5044.20,4977.67,4990.32,15117704375.00,3236.82
20220811,5014.71,5084.10,4999.35,5084.10,18351335402.00,3646.74
20220812,5074.45,5091.75,5068.72,5076.57,16804677412.00,3088.38
20220815,5064.05,5111.31,5064.05,5079.98,16673911856.00,3350.94
20220816,5084.60,5104.61,5065.08,5074.68,15884765675.00,3242.94
20220817,5080.44,5114.44,5048.42,5112.80,18009804928.00,3490.65
20220818,5099.70,5099.70,5069.03,5073.07,16649575600.00,3216.20
20220819,5068.19,5076.82,5029.82,5029.82,18794752558.00,3538.48
20220822,5012.72,5080.28,5010.54,5080.28,18321772321.00,3591.74
20220823,5072.80,5074.61,5042.75,5057.93,16516224585.00,3273.08
20220824,5067.01,5067.01,4944.17,4944.17,19421652633.00,3613.76
20220825,4957.87,4978.94,4911.16,4978.94,17200332334.00,3208.70
20220826,4991.60,5007.73,4957.58,4962.93,15823752396.00,3056.23
20220829,4904.60,4946.04,4904.60,4944.53,14893151793.00,2733.66
20220830,4942.83,4945.73,4900.23,4922.82,15275882077.00,2616.14
20220831,4899.39,4932.93,4869.37,4900.10,19348179898.00,3615.15
20220901,4886.61,4915.22,4858.92,4858.92,14545184199.00,2674.40
20220902,4871.84,4871.84,4824.36,4843.38,13093011219.00,2384.03
20220905,4829.25,4836.13,4808.28,4836.13,13850990153.00,2531.72
20220906,4847.78,4891.30,4835.82,4890.41,16508127114.00,3012.04
20220907,4866.14,4912.40,4866.14,4900.86,16509223369.00,2830.74
20220908,4904.29,4906.97,4874.05,4875.09,15224703886.00,2465.27
20220909,4889.58,4942.41,4889.58,4939.15,16461080547.00,2789.75
20220913,4961.67,4971.72,4945.08,4955.98,15589633371.00,2751.95
20220914,4889.87,4926.22,4887.53,4902.15,13741955814.00,2466.26
20220915,4921.19,4921.19,4803.83,4837.22,18512937362.00,3313.08
20220916,4819.89,4819.89,4727.19,4727.19,18606324337.00,3006.77
20220919,4721.28,4747.33,4697.64,4715.27,13879967823.00,2319.96
20220920,4738.52,4756.04,4715.06,4728.67,12256588425.00,2315.53
20220921,4713.99,4718.94,4676.45,4699.39,13003408105.00,2194.50
20220922,4664.27,4693.74,4657.90,4662.82,12603073968.00,2185.37
20220923,4657.36,4681.43,4606.91,4634.59,13752287739.00,2276.55
20220926,4600.74,4672.40,4600.74,4604.36,14658839146.00,2422.04
20220927,4614.11,4673.07,4596.73,4673.07,13134344111.00,2350.31
20220928,4658.35,4658.35,4579.13,4579.78,12584421904.00,2197.19
20220929,4624.93,4634.71,4565.79,4583.42,12270687485.00,2175.42
20220930,4588.31,4605.72,4546.88,4547.41,11287302428.00,2010.45
20221010,4549.98,4549.98,4441.14,4445.62,13922896158.00,2351.62
20221011,4458.75,4472.63,4432.95,4460.14,11667970401.00,2043.67
20221012,4454.85,4536.16,4382.59,4536.16,15237133456.00,2635.32
20221013,4502.04,4533.61,4501.69,4505.74,14227105663.00,2519.10
20221014,4541.85,4637.43,4541.85,4616.75,16482575281.00,3193.26
20221017,4593.29,4632.47,4587.87,4629.34,14901877381.00,2794.70
20221018,4651.97,4651.97,4615.38,4623.59,13041404091.00,2444.07
20221019,4611.20,4620.74,4555.65,4555.65,12491751358.00,2416.76
20221020,4520.22,4573.17,4495.21,4524.66,13705278808.00,2634.11
20221021,4520.07,4537.90,4491.24,4507.88,13293775926.00,2278.34
20221024,4494.27,4542.50,4390.08,4393.90,17291543900.00,3210.70
20221025,4377.99,4431.47,4342.80,4385.73,15327056376.00,2775.25
20221026,4391.37,4468.57,4391.37,4431.15,17237491278.00,3133.63
20221027,4443.88,4465.21,4403.55,4403.55,17070280616.00,3276.83
20221028,4371.76,4375.90,4275.72,4282.57,17719452280.00,3157.07
20221031,4239.22,4296.44,4239.22,4254.26,19138133353.00,3270.69
20221101,4266.00,4398.88,4266.00,4398.88,20387546575.00,3685.91
20221102,4384.73,4477.32,4384.73,4452.05,20521872683.00,3720.41
20221103,4412.14,4445.59,4405.57,4424.78,16110119336.00,2879.74
20221104,4424.46,4576.08,4424.46,4565.41,21336667099.00,3962.66
20221107,4556.13,4593.19,4551.85,4575.78,19767850468.00,3399.14
20221108,4574.42,4574.42,4522.78,4550.81,15067301125.00,2625.92
20221109,4554.60,4560.04,4510.61,4512.03,13826024349.00,2349.91
20221110,4476.82,4486.78,4447.95,4471.70,15649181503.00,2464.35
20221111,4594.20,4625.09,4548.13,4582.53,25317684926.00,4240.18
20221114,4613.33,4635.21,4567.59,4580.57,22076679264.00,3831.27
20221115,4574.11,4667.11,4574.11,4667.11,19557316008.00,3590.94
20221116,4663.92,4684.05,4626.32,4631.86,16797957528.00,2982.33
20221117,4616.67,4616.67,4561.95,4614.68,16021985338.00,2918.37
20221118,4619.31,4633.72,4593.21,4593.21,17411115492.00,2989.32
20221121,4555.35,4565.35,4524.07,4565.35,14430154673.00,2484.29
20221122,4560.92,4594.27,4541.32,4555.25,18843658158.00,2623.17
20221123,4544.37,4571.17,4526.79,4559.08,18332349409.00,2519.37
20221124,4578.11,4578.11,4539.89,4542.31,13938973254.00,2129.23
20221125,4534.28,4565.44,4531.76,4551.89,17414503115.00,2353.56
20221128,4466.11,4506.96,4444.82,4506.96,16873337240.00,2465.68
20221129,4543.76,4633.89,4543.76,4631.24,22080253640.00,3444.95
20221130,4618.41,4646.88,4614.87,4638.82,20491317432.00,3119.77
20221201,4713.03,4720.18,4687.99,4688.25,22000713041.00,3676.85
20221202,4677.99,4691.91,4657.46,4660.69,16187754660.00,2608.50
20221205,4700.26,4738.31,4696.16,4737.68,25950596273.00,3632.60
20221206,4717.96,4777.93,4717.96,4759.91,20953826552.00,3405.11
20221207,4746.14,4783.97,4737.43,4750.20,19681295061.00,3223.40
20221208,4743.75,4756.16,4734.62,4745.62,16909840076.00,2607.24
20221209,4748.94,4792.61,4732.91,4788.88,22026343012.00,3458.68
20221212,4765.61,4768.54,4741.46,4742.43,18086802138.00,3101.78
20221213,4741.80,4741.80,4717.79,4722.22,14855493995.00,2542.80
20221214,4730.21,4741.67,4715.99,4724.62,14283377967.00,2616.88
20221215,4723.43,4731.11,4697.51,4729.55,12973052396.00,2435.79
20221216,4702.94,4722.23,4691.53,4719.39,13302817901.00,2287.92
20221219,4714.98,4724.47,4630.99,4645.73,14428359050.00,2364.16
20221220,4630.68,4630.68,4555.08,4573.33,11269220155.00,2087.93
20221221,4583.33,4594.32,4554.16,4566.63,9419315190.00,1667.63
20221222,4598.51,4610.33,4542.53,4558.78,12214632571.00,2150.88
20221223,4530.77,4567.45,4526.68,4547.99,9991444436.00,1757.38
20221226,4549.63,4593.15,4549.63,4582.58,10934875919.00,1991.34
20221227,4600.48,4633.28,4599.55,4629.31,11389148768.00,2017.24
20221228,4614.00,4624.02,4590.64,4607.09,12877012724.00,2156.64
20221229,4587.68,4607.41,4575.95,4592.26,11572428059.00,1970.56
20221230,4612.46,4627.46,4605.18,4605.18,11422671304.00,1928.90
20230103,4599.46,4647.68,4571.31,4642.81,15640303996.00,2618.97
20230104,4640.34,4658.55,4621.06,4642.45,15247956230.00,2590.58
20230105,4663.47,4731.66,4663.47,4728.51,15881659236.00,3125.86
20230106,4728.53,4765.44,4728.53,4746.14,15805880416.00,3005.14
20230109,4766.44,4791.48,4766.42,4779.08,15552283785.00,2892.99
20230110,4781.82,4798.25,4769.12,4787.71,14262516542.00,2698.04
20230111,4790.00,4818.40,4775.57,4776.91,14422120754.00,2614.97
20230112,4790.81,4804.89,4770.36,4785.03,13877653911.00,2389.17
20230113,4801.99,4840.45,4799.94,4840.45,13092234581.00,2531.30
20230116,4844.41,4953.64,4844.41,4912.45,18879269535.00,3670.26
20230117,4914.69,4918.52,4895.78,4913.72,12926945916.00,2494.38
20230118,4919.29,4927.13,4906.90,4912.39,12422411604.00,2197.97
20230119,4907.59,4945.76,4886.98,4945.76,12973544809.00,2428.10
20230120,4958.06,4985.00,4958.06,4982.74,17001547062.00,2851.71
20230130,5083.97,5083.97,5009.21,5011.25,22621354366.00,4201.23
20230131,5007.47,5014.88,4966.73,4969.58,18496278536.00,3232.21
20230201,4984.93,5018.30,4953.05,5018.30,20889105038.00,3520.69
20230202,5029.54,5029.54,4998.17,5006.98,19101894197.00,3400.89
20230203,4985.82,4985.82,4919.13,4966.35,17286917602.00,3032.79
20230206,4924.18,4924.73,4882.76,4906.49,16219429619.00,2988.09
20230207,4917.90,4924.50,4897.40,4916.94,15369566099.00,2637.58
20230208,4923.08,4928.12,4890.43,4892.09,14674121772.00,2465.44
20230209,4880.74,4960.12,4880.74,4960.12,15922682096.00,2882.05
20230210,4952.85,4953.19,4914.79,4931.58,16606139100.00,2839.84
20230213,4923.82,4977.57,4923.82,4977.02,20024223543.00,3395.37
20230214,4985.94,4985.94,4955.63,4978.38,16338078789.00,2886.19
20230215,4980.18,4980.18,4951.18,4956.92,18577195207.00,3118.94
20230216,4957.31,5001.81,4892.01,4909.83,24582110415.00,3880.05
20230217,4902.73,4922.32,4840.36,4840.36,18063903678.00,3088.91
20230220,4844.23,4955.19,4842.92,4953.71,22658077953.00,3628.28
20230221,4951.78,4978.18,4938.05,4970.09,21676523634.00,3347.29
20230222,4939.76,4952.65,4922.90,4929.67,15908964648.00,2606.08
20230223,4929.24,4949.91,4905.55,4922.76,15819513914.00,2662.95
20230224,4921.26,4921.26,4864.17,4878.25,14838252741.00,2574.98
20230227,4853.89,4884.56,4849.73,4856.07,14404834669.00,2585.00
20230228,4873.08,4890.49,4837.13,4886.28,15577282962.00,2621.66
20230301,4885.19,4955.05,4884.05,4952.18,21620305547.00,3347.40
20230302,4944.55,4960.53,4935.85,4940.32,21947526600.00,3277.25
20230303,4947.84,4956.49,4917.02,4951.67,22106014010.00,3076.82
20230306,4952.57,4952.57,4907.34,4932.75,21998075352.00,3655.77
20230307,4925.80,4942.51,4853.43,4855.38,24690725171.00,3422.25
20230308,4834.63,4849.46,4819.93,4845.87,16284650298.00,2568.90
20230309,4848.78,4854.28,4811.76,4830.83,16161330036.00,2632.02
20230310,4797.47,4807.77,4766.49,4766.49,17282506024.00,2855.81
20230313,4759.19,4810.08,4759.19,4810.08,20075339849.00,3179.09
20230314,4800.38,4800.38,4731.74,4776.44,21553823079.00,3502.62
20230315,4806.66,4816.47,4779.10,4779.42,19871709553.00,3002.89
20230316,4744.21,4764.31,4714.79,4716.27,21971563473.00,3258.25
20230317,4752.77,4791.78,4734.52,4743.62,25400276173.00,3969.34
20230320,4749.04,4768.49,4717.84,4722.61,28177413901.00,4169.98
20230321,4732.63,4781.30,4732.63,4781.26,21018835015.00,3330.21
20230322,4794.51,4817.33,4789.40,4806.47,22647177603.00,3622.58
20230323,4788.99,4850.07,4788.99,4850.07,22956731441.00,3989.71
20230324,4847.52,4849.28,4830.23,4841.55,23927687307.00,4110.72
20230327,4838.01,4838.01,4800.33,4830.88,25366819880.00,4414.77
20230328,4833.26,4833.26,4799.55,4805.37,21448896960.00,3678.36
20230329,4819.84,4825.83,4801.96,4811.51,20872350316.00,3749.50
20230330,4813.51,4846.89,4783.02,4845.72,21267760807.00,3741.11
20230331,4851.86,4869.83,4851.86,4868.38,20638570333.00,3755.50
20230403,4878.99,4927.82,4878.99,4924.86,26969683873.00,5228.40
20230404,4923.06,4930.73,4908.20,4930.73,28366593515.00,5393.83
20230406,4905.27,4930.46,4905.27,4928.78,23151631085.00,4681.11
20230407,4929.52,4965.11,4929.52,4963.72,20046264071.00,4016.38
20230410,4973.04,4973.04,4932.26,4935.50,22959220412.00,4729.09
20230411,4936.48,4941.91,4911.85,4933.52,22469643153.00,4388.61
20230412,4935.30,4948.47,4929.24,4939.48,24923914268.00,4535.76
20230413,4923.15,4928.87,4893.76,4900.55,25077390938.00,4443.76
20230414,4912.95,4936.06,4910.31,4933.36,23964975103.00,4472.53
20230417,4927.11,4984.76,4927.11,4984.76,25607421393.00,4516.80
20230418,4972.55,4998.45,4972.55,4995.86,23057123652.00,4451.94
20230419,4991.87,4991.87,4952.02,4955.11,23392252322.00,4334.72
20230420,4951.22,4951.22,4920.32,4943.70,24252663563.00,4618.84
20230421,4943.39,4943.39,4836.78,4836.78,26131865798.00,4814.14
20230424,4835.36,4835.36,4767.61,4782.88,24901227329.00,4548.94
20230425,4782.18,4782.18,4699.05,4737.78,26175361892.00,4658.49
20230426,4721.05,4765.16,4713.35,4741.32,24958725369.00,4608.23
20230427,4726.09,4776.70,4726.09,4763.83,22953600444.00,4186.72
20230428,4764.54,4819.53,4764.54,4819.14,25184688107.00,4396.97
20230504,4799.37,4811.37,4793.02,4808.14,31511297899.00,4664.34
20230505,4806.19,4807.96,4763.22,4777.25,27272071140.00,4072.32
20230508,4790.29,4826.97,4788.14,4825.64,31452155076.00,4459.48
20230509,4825.80,4843.23,4776.09,4776.09,32967064153.00,4676.47
20230510,4765.19,4768.19,4737.14,4756.12,26072147560.00,3914.70
20230511,4766.34,4771.37,4747.25,4747.68,20904242462.00,3270.05
20230512,4741.75,4748.94,4681.51,4681.51,21257826758.00,3146.89
20230515,4683.50,4753.98,4674.98,4753.98,23376357575.00,3611.41
20230516,4758.34,4758.34,4714.03,4724.90,18964666072.00,3151.06
20230517,4716.79,4729.97,4694.11,4711.70,16533033048.00,2742.91
20230518,4718.68,4730.96,4692.75,4710.22,18817882183.00,3148.49
20230519,4698.65,4722.59,4685.56,4699.29,17120161962.00,2960.15
20230522,4697.34,4732.57,4691.39,4723.37,15406442592.00,2675.54
20230523,4722.13,4722.13,4661.30,4661.30,16588399953.00,2548.31
20230524,4649.15,4654.51,4607.17,4607.17,17594107276.00,2761.56
20230525,4599.77,4610.89,4554.59,4595.79,17612531962.00,2941.32
20230526,4592.29,4607.50,4558.95,4599.61,15995313744.00,2704.25
20230529,4614.42,4614.42,4568.58,4579.03,20314144205.00,3306.27
20230530,4570.26,4592.77,4533.93,4592.77,21163673874.00,3481.67
20230531,4579.49,4579.49,4528.34,4548.86,18897571799.00,3293.26
20230601,4535.46,4591.82,4535.46,4562.89,20298431640.00,3406.28
20230602,4579.73,4632.91,4579.73,4629.38,19485580248.00,3282.90
20230605,4627.55,4627.55,4601.97,4612.11,18325245115.00,3025.53
20230606,4607.37,4622.72,4557.33,4559.01,19319804316.00,3109.89
20230607,4565.42,4565.60,4526.76,4537.26,14722214323.00,2634.91
20230608,4536.78,4569.93,4526.52,4558.22,16514068683.00,2739.26
20230609,4561.61,4587.19,4551.85,4587.19,19794749654.00,3472.89
20230612,4575.89,4614.32,4567.84,4599.42,19046518250.00,3365.33
20230613,4590.90,4625.00,4590.90,4624.15,17736994753.00,3200.39
20230614,4631.82,4647.39,4624.96,4625.96,19216733600.00,3446.98
20230615,4635.26,4696.73,4635.26,4696.73,19697569192.00,3904.50
20230616,4703.02,4750.33,4703.02,4746.53,20444560495.00,3913.18
20230619,4740.66,4740.66,4708.76,4716.63,20534004051.00,3869.06
20230620,4709.80,4729.16,4702.99,4714.91,19146784306.00,3875.00
20230621,4696.26,4697.38,4630.25,4630.25,19073728540.00,3626.56
20230626,4593.15,4601.28,4555.22,4561.29,20341293558.00,3463.05
20230627,4564.15,4611.08,4564.15,4606.02,17424534503.00,2880.41
20230628,4595.88,4598.43,4557.99,4595.32,16868625388.00,2949.67
20230629,4589.98,4597.09,4570.77,4578.56,15350253931.00,2870.19
20230630,4570.00,4624.18,4570.00,4608.50,16048825508.00,3018.52
20230703,4621.21,4664.28,4621.21,4656.92,19642969193.00,3553.47
20230704,4653.52,4667.76,4643.50,4666.45,18121518135.00,3121.34
20230705,4661.67,4663.50,4629.67,4631.48,16894364552.00,2861.80
20230706,4619.70,4643.05,4596.85,4602.78,16533615906.00,2774.15
20230707,4589.94,4595.60,4570.94,4575.24,16618056903.00,2559.21
20230710,4593.41,4616.41,4585.06,4599.23,14872000335.00,2614.07
20230711,4609.53,4630.24,4601.13,4630.23,14143712748.00,2558.78
20230712,4624.99,4629.15,4587.59,4592.52,18388948721.00,3127.50
20230713,4607.48,4659.04,4607.48,4656.57,18141755687.00,3262.13
20230714,4664.82,4667.03,4652.29,4655.08,18817478391.00,3185.76
20230717,4635.74,4635.74,4602.60,4620.03,15616839237.00,2627.14
20230718,4624.83,4624.83,4594.47,4605.96,14371791267.00,2483.39
20230719,4600.20,4610.04,4579.43,4598.64,12418532594.00,2172.25
20230720,4605.35,4621.00,4558.64,4560.56,14973163003.00,2605.77
20230721,4552.15,4582.73,4542.22,4555.17,13400207869.00,2271.64
20230724,4535.35,4563.31,4530.73,4536.15,12965869944.00,2160.49
20230725,4601.83,4654.94,4601.83,4654.94,21236403757.00,3605.67
20230726,4649.20,4649.20,4628.19,4641.92,15582629631.00,2500.36
20230727,4649.05,4668.76,4625.37,4629.15,17136037745.00,2520.55
20230728,4614.60,4724.49,4614.60,4716.89,22480526367.00,3431.20
20230731,4743.75,4787.95,4741.20,4748.80,25189371053.00,4183.51
20230801,4745.61,4764.91,4720.19,4737.65,20711058541.00,3193.82
20230802,4725.28,4741.62,4696.57,4707.98,17715306652.00,2605.06
20230803,4694.17,4736.30,4694.17,4736.30,16329093586.00,2611.35
20230804,4764.37,4788.01,4746.19,4756.87,21015916925.00,3537.57
20230807,4741.50,4741.50,4711.28,4723.63,16901719127.00,2871.11
20230808,4714.08,4726.62,4701.44,4708.65,14470752829.00,2439.61
20230809,4694.70,4708.10,4685.01,4687.99,13232869643.00,2241.95
20230810,4682.23,4697.52,4666.55,4694.57,12428764551.00,2064.60
20230811,4698.84,4698.84,4592.60,4592.60,16075884087.00,2395.19
20230814,4544.53,4571.70,4518.12,4568.65,15427639071.00,2468.82
20230815,4572.40,4572.40,4509.13,4545.51,13430004529.00,2226.57
20230816,4528.24,4542.74,4504.92,4504.92,12653546429.00,2089.08
20230817,4484.56,4530.04,4473.00,4525.90,12821619310.00,2157.54
20230818,4525.97,4529.23,4461.03,4461.03,13145798784.00,2140.23
20230821,4449.20,4462.78,4403.24,4403.24,12840318114.00,2086.96
20230822,4424.68,4446.72,4368.57,4435.35,16394621818.00,2601.01
20230823,4427.82,4427.82,4356.41,4356.41,13571335141.00,2094.25
20230824,4374.38,4412.25,4359.35,4387.00,16661765674.00,2540.04
20230825,4362.41,4382.56,4341.46,4355.35,15454058200.00,2330.59
20230828,4587.18,4587.18,4399.83,4404.90,24300951245.00,3845.24
20230829,4394.74,4484.31,4394.74,4468.55,21017295796.00,3288.23
20230830,4485.42,4502.93,4466.36,4475.71,19949554138.00,3032.16
20230831,4473.88,4475.02,4446.46,4450.74,17276818542.00,2514.55
20230901,4464.10,4489.88,4463.72,4475.65,15535798360.00,2230.00
20230904,4501.14,4545.56,4495.83,4545.56,20223855205.00,3020.90
20230905,4535.26,4535.26,4509.44,4513.36,15234564438.00,2434.06
20230906,4498.18,4507.73,4481.59,4505.96,14478914608.00,2273.15
20230907,4495.13,4495.13,4436.19,4436.19,14804651780.00,2211.22
20230908,4422.37,4430.96,4402.03,4416.74,12059960258.00,1883.97
20230911,4419.20,4472.44,4419.20,4452.49,15991232179.00,2572.21
20230912,4449.41,4462.06,4445.03,4445.43,12613920039.00,2020.58
20230913,4442.30,4446.90,4390.05,4411.32,12674490849.00,1936.46
20230914,4410.58,4417.72,4386.23,4403.42,14076079858.00,2008.11
20230915,4412.74,4417.50,4365.04,4377.13,14739048186.00,2314.38
20230918,4365.42,4411.48,4365.42,4398.78,12899586534.00,2143.33
20230919,4393.58,4393.58,4366.51,4383.56,12091693033.00,1815.27
20230920,4377.07,4377.33,4362.47,4362.47,10963690037.00,1606.80
20230921,4352.98,4363.49,4325.59,4325.59,11861731651.00,1778.05
20230922,4325.04,4406.91,4319.15,4406.91,15593381067.00,2584.97
20230925,4406.69,4406.69,4375.12,4378.57,13264745633.00,2212.51
20230926,4375.12,4385.70,4353.02,4353.02,11771942775.00,2032.00
20230927,4353.42,4390.21,4353.42,4367.35,13389662062.00,2273.94
20230928,4380.41,4380.41,4357.95,4362.85,12942263376.00,2147.27
20231009,4351.95,4359.59,4318.34,4355.80,14647884685.00,2420.07
20231010,4368.35,4368.35,4327.41,4327.52,14327338679.00,2283.37
20231011,4346.23,4360.89,4331.10,4340.32,15135089483.00,2605.75
20231012,4371.50,4378.92,4357.47,4378.92,17148203778.00,2737.30
20231013,4351.60,4351.60,4322.46,4335.21,14987516113.00,2454.92
20231016,4336.64,4336.64,4280.35,4289.10,14753134800.00,2387.38
20231017,4297.04,4303.10,4278.32,4299.81,13229129479.00,2075.61
20231018,4289.45,4289.45,4256.42,4257.60,14605614255.00,2295.13
20231019,4231.27,4231.27,4173.82,4173.82,15803638848.00,2537.93
20231020,4156.19,4174.78,4135.99,4142.97,14539105081.00,2315.67
20231023,4132.38,4132.38,4065.89,4089.34,15514536772.00,2231.82
20231024,4101.11,4113.63,4074.58,4108.20,16783030507.00,2575.28
20231025,4147.92,4161.12,4125.99,4126.73,18565873792.00,2777.76
20231026,4103.56,4139.31,4094.25,4138.42,15984112660.00,2494.25
20231027,4123.35,4218.04,4123.35,4202.45,17778389281.00,3028.54
20231030,4193.10,4247.21,4193.10,4237.01,20860648290.00,3281.92
20231031,4234.42,4234.42,4200.70,4219.44,17197365136.00,2687.51
20231101,4251.37,4251.37,4209.84,4215.81,14413494672.00,2417.73
20231102,4225.52,4239.97,4192.18,4192.18,14213828698.00,2137.03
20231103,4197.22,4245.94,4197.22,4232.31,15185194341.00,2373.08
20231106,4257.82,4295.48,4257.82,4294.11,21647781926.00,3382.80
20231107,4283.43,4293.66,4265.82,4283.80,16993934791.00,2744.38
20231108,4272.59,4295.99,4257.10,4277.98,17414198934.00,2801.87
20231109,4269.10,4293.17,4266.22,4276.23,16346244014.00,2603.01
20231110,4257.35,4257.35,4236.26,4247.06,14018429559.00,2226.69
20231113,4258.44,4258.44,4229.31,4250.08,14556447686.00,2378.41
20231114,4251.33,4269.48,4240.74,4253.30,14035183864.00,2219.32
20231115,4295.45,4295.45,4273.86,4283.70,15890733460.00,2623.69
20231116,4274.51,4276.58,4239.67,4239.67,13272350016.00,2053.66
20231117,4227.29,4242.78,4216.35,4241.08,13072899893.00,1988.67
20231120,4243.80,4263.57,4219.99,4254.29,14667757039.00,2287.13
20231121,4267.37,4290.39,4248.10,4253.42,17539063516.00,2504.84
20231122,4238.76,4238.76,4203.63,4203.63,15442927092.00,2078.32
20231123,4198.95,4229.35,4189.21,4228.80,14555325884.00,2030.90
20231124,4228.01,4228.01,4191.40,4194.91,15026670819.00,2011.34
20231127,4189.97,4189.97,4149.87,4170.41,14953946823.00,2124.38
20231128,4168.27,4182.82,4159.09,4181.67,13696756063.00,1995.71
20231129,4181.08,4181.08,4141.66,4148.03,14400974685.00,2048.72
20231130,4143.88,4159.42,4136.49,4150.27,14158304415.00,2011.08
20231201,4147.75,4151.74,4108.31,4144.43,16642459053.00,2476.22
20231204,4143.87,4150.32,4120.82,4121.32,15936729880.00,2444.19
20231205,4108.80,4108.80,4040.31,4040.31,15301196827.00,2320.60
20231206,4032.08,4067.48,4032.08,4051.59,16189638316.00,2430.27
20231207,4045.23,4053.01,4019.82,4041.10,15364484530.00,2299.01
20231208,4043.04,4064.09,4036.68,4054.91,19219914900.00,2908.90
20231211,4029.16,4088.85,4002.47,4082.77,19969821925.00,2892.16
20231212,4073.11,4090.16,4072.57,4089.46,15391432441.00,2290.52
20231213,4079.68,4079.68,4023.50,4023.50,13837099758.00,2165.00
20231214,4045.20,4056.67,4003.95,4003.95,13032723091.00,2016.77
20231215,4019.57,4039.22,3989.93,3990.26,14633764029.00,2212.59
20231218,3975.82,3992.51,3957.68,3965.11,13720445875.00,1937.98
20231219,3960.74,3986.37,3948.46,3970.67,12151749643.00,1787.23
20231220,3972.17,3972.17,3925.36,3925.36,12913852274.00,1853.72
20231221,3909.94,3972.66,3909.94,3965.90,14509722624.00,2236.07
20231222,3964.16,3997.05,3949.20,3965.49,16961307610.00,2405.35
20231225,3957.86,3979.15,3957.86,3977.71,11975875589.00,1718.37
20231226,3975.82,3975.82,3936.50,3948.56,11558102573.00,1689.33
20231227,3951.31,3962.62,3932.59,3959.05,13445907737.00,1850.98
20231228,3956.90,4058.89,3956.90,4054.18,20327390429.00,3138.79
20231229,4049.43,4079.40,4049.43,4079.40,16794273850.00,2584.34
20240102,4075.19,4075.19,4030.38,4030.38,16713652455.00,2405.86
20240103,4021.54,4031.18,4000.55,4018.73,15523772041.00,2221.87
20240104,4014.23,4014.23,3962.03,3979.08,14807729322.00,2142.43
20240105,3972.12,3994.27,3933.66,3946.39,16211963534.00,2324.78
20240108,3938.92,3938.92,3888.18,3888.80,15351319846.00,2161.07
20240109,3891.36,3910.34,3876.30,3898.32,14719281162.00,2184.93
20240110,3885.82,3921.82,3865.56,3878.46,13066990154.00,2040.97
20240111,3876.11,3923.73,3868.54,3910.39,15328400068.00,2418.39
20240112,3897.71,3926.55,3894.86,3894.86,13605107465.00,2074.67
20240115,3878.40,3910.19,3873.87,3889.00,12124091272.00,1867.37
20240116,3880.05,3904.44,3856.08,3902.64,14606648244.00,2178.23
20240117,3891.44,3891.44,3810.06,3810.06,14040500476.00,2135.62
20240118,3790.75,3858.23,3743.20,3858.23,21893346549.00,3086.35
20240119,3843.96,3869.02,3835.38,3846.48,15473468069.00,2370.00
20240122,3837.82,3837.82,3757.89,3758.49,19244018195.00,2763.50
20240123,3747.46,3801.96,3738.45,3784.04,16668651613.00,2446.28
20240124,3800.60,3831.30,3726.42,3831.15,19245771098.00,2606.13
20240125,3828.64,3916.82,3827.29,3916.82,24394461105.00,3172.95
20240126,3898.31,3916.23,3886.86,3895.91,22212048440.00,2856.06
20240129,3897.04,3898.87,3846.10,3846.10,21991359837.00,2881.93
20240130,3823.13,3832.52,3772.67,3772.67,17846039102.00,2356.44
20240131,3755.19,3779.88,3713.67,3720.82,20504557170.00,2679.82
20240201,3704.23,3764.76,3690.98,3721.23,18995294390.00,2474.74
20240202,3724.34,3736.23,3616.90,3663.77,22643745414.00,2831.26
20240205,3643.05,3718.34,3573.37,3663.41,27044668933.00,3373.03
20240206,3641.68,3826.15,3641.68,3825.41,27388860415.00,3488.87
20240207,3829.72,3902.19,3829.72,3902.19,30634714421.00,3893.09
20240208,3913.36,3960.96,3908.79,3934.25,27928105835.00,3656.60
20240219,3977.84,3977.84,3939.47,3976.73,25796034328.00,3508.28
20240220,3962.66,3982.01,3944.53,3978.07,19165577287.00,2774.38
20240221,3952.44,4077.72,3952.44,4021.93,24890755721.00,3549.95
20240222,4015.26,4056.43,4015.26,4056.43,19152280845.00,2789.25
20240223,4063.41,4067.08,4041.82,4064.84,21052261005.00,3024.93
20240226,4061.71,4065.16,4032.08,4034.64,22014907559.00,3135.08
20240227,4018.30,4094.55,4018.30,4094.55,21323904829.00,3261.93
20240228,4100.27,4130.17,4026.96,4026.96,28588740400.00,4341.78
20240229,4010.72,4118.96,4010.72,4118.96,22934157754.00,3682.39
20240301,4118.51,4150.71,4114.77,4147.92,23186138177.00,3770.69
20240304,4151.15,4158.59,4125.83,4156.22,23651745107.00,3914.52
20240305,4135.30,4173.52,4135.30,4170.82,24033242390.00,3935.17
20240306,4157.82,4181.35,4147.29,4158.08,20364313054.00,3238.29
20240307,4155.57,4175.16,4122.04,4124.08,22389905020.00,3347.16
20240308,4125.13,4155.40,4110.22,4152.90,19039429268.00,3020.68
20240311,4153.05,4212.50,4153.05,4212.50,22486441895.00,3785.09
20240312,4217.75,4233.11,4200.30,4221.12,25753486055.00,4321.94
20240313,4219.94,4224.04,4189.95,4200.65,22969401729.00,3652.12
20240314,4201.69,4225.18,4169.34,4189.25,22131588327.00,3523.78
20240315,4179.50,4209.11,4154.52,4207.05,21830336278.00,3386.81
20240318,4218.00,4250.50,4217.68,4250.22,24680417587.00,3975.66
20240319,4238.60,4254.57,4217.70,4217.70,23733176613.00,3653.15
20240320,4207.41,4231.98,4207.41,4229.90,20890980628.00,3220.58
20240321,4240.68,4242.53,4213.48,4219.38,20818149227.00,3284.30
20240322,4207.53,4207.53,4152.85,4176.06,22509423255.00,3519.17
20240325,4166.91,4197.62,4142.67,4142.67,21588928582.00,3297.88
20240326,4142.27,4159.50,4131.18,4157.11,19586807439.00,3216.37
20240327,4152.11,4152.11,4093.02,4093.02,19062661218.00,2946.66
20240328,4089.34,4156.79,4089.34,4127.86,20319001204.00,3169.19
20240329,4124.60,4154.62,4124.60,4154.54,18752564306.00,2835.36
20240401,4172.24,4231.91,4172.24,4231.91,23782747195.00,3561.84
20240402,4228.03,4228.26,4200.02,4214.18,21736577457.00,3219.36
20240403,4211.60,4211.60,4193.81,4200.94,22078655968.00,3195.89
20240408,4186.06,4201.28,4158.94,4158.94,24220822694.00,3437.28
20240409,4154.99,4166.77,4143.92,4164.40,19721790641.00,2846.39
20240410,4158.02,4158.02,4106.17,4125.57,19620457939.00,2842.95
20240411,4100.18,4149.30,4100.18,4128.58,19849632119.00,2873.32
20240412,4130.67,4133.26,4098.47,4099.50,18948479785.00,2878.06
20240415,4094.97,4177.15,4092.06,4173.03,25913188682.00,3557.65
20240416,4152.72,4159.71,4107.54,4107.54,25729962912.00,3449.33
20240417,4110.40,4186.05,4110.40,4185.72,23724569082.00,3264.46
20240418,4166.67,4222.50,4166.67,4186.64,24272907999.00,3447.57
20240419,4164.72,4176.88,4142.07,4156.64,21959194111.00,3182.16
20240422,4146.97,4172.22,4134.82,4136.70,21596164349.00,3099.10
20240423,4128.27,4128.27,4094.65,4101.91,20770377894.00,2919.00
20240424,4109.15,4128.71,4095.82,4128.71,18543040390.00,2780.43
20240425,4113.85,4149.33,4111.42,4135.89,17911906008.00,2647.95
20240426,4134.19,4204.85,4134.19,4204.26,26003433989.00,3933.99
20240429,4204.85,4275.84,4204.85,4260.22,29710994208.00,4534.39
20240430,4254.60,4260.42,4232.69,4232.69,26317449576.00,3686.92
20240506,4289.71,4308.44,4286.69,4301.89,28371906921.00,4249.65
20240507,4301.92,4312.33,4293.72,4304.15,22970546633.00,3326.91
20240508,4293.86,4293.86,4260.78,4261.39,19201723118.00,2759.40
20240509,4262.29,4315.22,4262.29,4311.92,21179650545.00,3154.65
20240510,4317.68,4317.68,4280.80,4305.79,21063115979.00,3080.69
20240513,4280.39,4303.02,4270.70,4293.77,21133940372.00,3123.94
20240514,4299.03,4306.41,4278.31,4285.80,19053357576.00,2774.95
20240515,4277.51,4278.63,4249.97,4251.00,17363462011.00,2488.52
20240516,4263.55,4280.86,4253.62,4260.77,20994322564.00,3050.78
20240517,4258.81,4307.94,4248.06,4307.94,22140982222.00,3198.11
20240520,4313.03,4331.97,4310.82,4326.88,25181309998.00,3652.98
20240521,4316.79,4316.79,4293.18,4302.33,18991760923.00,2640.18
20240522,4299.72,4312.17,4293.09,4307.33,20123246052.00,2926.99
20240523,4291.61,4291.61,4239.79,4248.86,20132728964.00,2838.59
20240524,4235.86,4257.12,4202.24,4202.59,16949045871.00,2502.81
20240527,4209.41,4245.31,4201.84,4243.43,18210211284.00,2637.05
20240528,4239.46,4240.97,4208.66,4209.60,17205018446.00,2427.65
20240529,4208.23,4234.56,4205.31,4218.60,16360477116.00,2343.25
20240530,4211.13,4226.05,4192.76,4197.96,17356588320.00,2513.77
20240531,4202.90,4222.02,4182.71,4182.71,15927014325.00,2344.73
20240603,4180.01,4204.01,4166.09,4189.86,19747936055.00,2835.30
20240604,4182.84,4232.92,4181.04,4228.10,17684897489.00,2545.09
20240605,4219.22,4234.73,4199.37,4199.37,16761552217.00,2403.06
20240606,4209.46,4229.33,4185.87,4189.64,20998658190.00,2938.97
20240607,4194.34,4198.29,4144.15,4167.53,18206981232.00,2647.28
20240611,4143.60,4146.94,4119.16,4140.49,18814087885.00,2732.55
20240612,4134.95,4152.84,4132.63,4145.07,17081555996.00,2530.73
20240613,4148.59,4148.59,4115.11,4120.63,17356709415.00,2700.12
20240614,4108.41,4140.21,4097.36,4134.26,21692591389.00,3438.42
20240617,4113.48,4137.98,4113.48,4132.53,18864411493.00,2994.65
20240618,4129.74,4152.36,4129.74,4146.00,17054245172.00,2718.63
20240619,4144.97,4144.97,4117.54,4120.39,15029783105.00,2460.51
20240620,4115.75,4126.35,4080.57,4080.57,16249016374.00,2459.72
20240621,4072.12,4085.85,4051.41,4074.68,14412245497.00,2260.24
20240624,4048.54,4073.08,4039.08,4040.09,16558945770.00,2516.05
20240625,4037.86,4046.58,3998.49,4015.32,16028874194.00,2425.66
20240626,4008.99,4054.10,3997.91,4052.84,16726774894.00,2283.11
20240627,4036.54,4036.54,4009.55,4009.55,16595130015.00,2222.64
20240628,3997.22,4049.11,3997.22,4023.33,18499206336.00,2574.03
20240701,4020.46,4050.69,4002.89,4046.46,16901406633.00,2409.70
20240702,4040.41,4052.74,4025.85,4029.67,16510702568.00,2361.38
20240703,4029.17,4029.17,4011.12,4017.39,14206330529.00,2091.34
20240704,4024.16,4038.13,3991.19,3991.19,15538204043.00,2078.94
20240705,3988.15,3988.15,3945.07,3985.52,15950238492.00,2266.63
20240708,3974.21,3974.21,3945.55,3945.64,16239645248.00,2252.66
20240709,3938.93,4004.26,3924.78,3997.40,19643453382.00,2832.33
20240710,3982.84,4007.59,3980.73,3985.72,18546244872.00,2628.64
20240711,4016.19,4044.96,4008.69,4043.58,20862280802.00,3101.45
20240712,4035.04,4053.86,4033.93,4046.25,18575216044.00,2680.54
20240715,4033.05,4044.97,4032.41,4039.64,17206841573.00,2286.44
20240716,4029.37,4065.23,4029.35,4064.56,17704127714.00,2668.03
20240717,4059.98,4072.00,4049.45,4057.22,18130997431.00,2888.69
20240718,4033.52,4079.29,4025.47,4079.29,17249795109.00,2780.65
20240719,4054.97,4099.69,4047.81,4094.49,17618454445.00,2839.19
20240722,4093.43,4093.43,4054.48,4073.01,17375151190.00,2714.41
20240723,4068.31,4068.31,3975.66,3975.66,17702788981.00,2570.89
20240724,3967.09,3987.72,3936.09,3946.05,18718247936.00,2366.28
20240725,3927.99,3942.55,3909.82,3925.35,16536196398.00,2365.28
20240726,3930.96,3955.95,3924.72,3948.59,16099487180.00,2345.09
20240729,3945.81,3945.81,3924.42,3924.42,14704981006.00,2142.60
20240730,3912.63,3912.63,3884.14,3901.81,14615524913.00,2116.92
20240731,3895.13,3999.15,3895.13,3997.47,23135874502.00,3224.26
20240801,4000.96,4000.96,3967.97,3970.35,18270966949.00,2602.81
20240802,3939.36,3969.81,3926.47,3926.47,16462071314.00,2353.37
20240805,3898.67,3951.54,3869.26,3869.26,19532958626.00,2861.05
20240806,3900.91,3900.91,3849.57,3879.57,17475444652.00,2361.11
20240807,3874.50,3901.49,3874.50,3877.82,14546546988.00,1960.61
20240808,3866.57,3895.73,3852.97,3876.53,14673373910.00,1961.16
20240809,3895.67,3900.49,3861.37,3861.37,15323417043.00,1870.24
20240812,3857.79,3866.47,3849.81,3854.76,12755068733.00,1558.91
20240813,3856.81,3865.01,3836.86,3864.83,12129208714.00,1581.59
20240814,3863.29,3863.29,3830.21,3830.21,11328913834.00,1472.89
20240815,3821.18,3882.75,3821.18,3866.78,15186719326.00,1894.19
20240816,3868.60,3881.79,3862.29,3867.01,14076342836.00,1773.04
20240819,3865.50,3900.08,3865.50,3878.35,14616864194.00,1805.27
20240820,3883.60,3883.60,3836.83,3844.69,14957686194.00,1771.49
20240821,3833.41,3851.54,3826.10,3834.75,13715139240.00,1681.98
20240822,3836.03,3836.09,3815.35,3818.68,14551515246.00,1864.74
20240823,3809.99,3838.15,3809.99,3833.19,12800209763.00,1689.71
20240826,3838.45,3838.45,3820.28,3832.70,14193773124.00,1869.30
20240827,3822.64,3822.64,3800.97,3807.54,14199506666.00,1745.07
20240828,3800.78,3803.57,3781.19,3790.86,13976729807.00,1749.93
20240829,3775.32,3807.75,3775.32,3795.78,18435712251.00,2252.66
20240903,,,,3800.66,17384716680.00,2059.04
20240904,,,,3777.34,15797571400.00,1929.06
20240905,,,,3785.99,14425279123.00,1804.19
20240906,,,,3747.96,13048056339.00,1636.03
20240909,,,,3706.38,14692394758.00,1862.22
20240910,,,,3710.91,14533165927.00,1822.64
20240911,,,,3709.20,14080021704.00,1884.69
20240912,,,,3691.62,13369058116.00,1801.14
20240913,,,,3671.06,12733546359.00,1820.70
20240918,,,,3685.02,12396797981.00,1631.02
20240919,,,,3716.39,18086070245.00,2347.40
20240920,,,,3717.17,16503127655.00,2129.77
20240923,3716.39,3748.63,3711.59,3725.78,14284392700.00,1923.78
20240924,3761.02,3885.23,3734.17,3885.17,28166127900.00,3796.97
20240925,3941.61,4016.42,3929.48,3937.37,33304232200.00,4371.33
20240926,3934.95,4103.82,3926.96,4103.82,32911887600.00,4521.23
20240927,4184.84,4311.02,4169.28,4298.56,37942962400.00,5886.23
20240930,4468.09,4707.59,4414.16,4684.89,67661206400.00,10433.05
20241008,5207.26,5207.26,4773.30,4981.30,82474901100.00,14087.17
20241009,4874.78,4911.48,4611.87,4630.94,64138449700.00,12365.12
20241010,4653.03,4787.16,4567.81,4661.03,51328544500.00,8789.62
20241011,4626.32,4627.90,4467.05,4516.47,36485748300.00,6011.82
20241014,4544.02,4628.73,4488.86,4609.55,38326059300.00,6351.34
20241015,4589.99,4631.73,4495.57,4495.57,33999948300.00,5840.15
20241016,4435.37,4520.04,4433.82,4464.92,29813015500.00,4855.37
20241017,4493.66,4524.22,4417.99,4418.55,31230299000.00,5053.20
20241018,4410.63,4669.67,4401.31,4581.32,43018608600.00,7935.42
20241021,4614.82,4671.84,4563.60,4614.35,41624359300.00,7991.59
20241022,4605.48,4659.02,4593.14,4644.92,35813568100.00,6465.90
20241023,4638.20,4712.37,4621.25,4664.25,39303113400.00,6756.25
20241024,4637.76,4644.82,4593.87,4610.74,28980129300.00,5051.49
20241025,4614.29,4698.68,4608.53,4655.91,34461268800.00,6080.62
20241028,4653.78,4674.82,4613.18,4674.82,36637214300.00,5823.07
20241029,4684.82,4703.42,4625.51,4628.61,36643457200.00,6329.75
20241030,4607.54,4639.69,4570.49,4603.98,36078406700.00,5801.67
20241031,4605.79,4647.17,4574.01,4614.79,45962287100.00,7472.58
20241101,4605.01,4653.59,4581.68,4597.45,51562586900.00,7654.81
20241104,4601.77,4665.20,4601.25,4665.20,38194059600.00,6030.55
20241105,4658.90,4793.63,4647.61,4789.76,50333020300.00,8396.49
20241106,4799.07,4846.21,4748.20,4775.62,56091227000.00,9282.39
20241107,4730.62,4893.84,4725.59,4893.31,55475811400.00,9067.09
20241108,4945.49,4960.80,4849.16,4860.88,53712525900.00,9563.35
20241111,4825.69,4915.27,4811.57,4913.93,49883460300.00,9304.44
20241112,4919.65,4970.27,4828.72,4862.39,50009885800.00,9545.26
20241113,4832.59,4894.34,4825.14,4883.98,39600771100.00,7336.76
20241114,4870.79,4881.99,4773.77,4779.67,37451939400.00,6549.37
20241115,4761.36,4789.42,4687.89,4687.89,39194428800.00,6647.52
20241118,4703.52,4749.58,4624.82,4648.17,45791150600.00,6432.87
20241119,4651.31,4694.55,4586.66,4692.88,37903269600.00,5598.21
20241120,4680.87,4735.26,4671.91,4715.84,32979540300.00,5271.56
20241121,4704.81,4731.45,4687.11,4716.76,31172973000.00,4995.57
20241122,4708.37,4718.00,4566.55,4566.55,37147150700.00,5764.57
20241125,4577.14,4591.98,4499.35,4544.75,32382237400.00,4986.98
20241126,4532.19,4573.35,4523.53,4524.87,26549117900.00,3886.68
20241127,4509.84,4608.55,4488.28,4608.38,30797386100.00,4658.10
20241128,4607.31,4613.13,4557.88,4565.13,29032817900.00,4389.08
20241129,4560.63,4668.85,4560.63,4620.27,30639736300.00,5204.83
20241202,4615.63,4678.66,4608.16,4669.07,34232878000.00,5296.75
20241203,4670.11,4682.43,4632.70,4666.91,31736642600.00,4782.58
20241204,4663.31,4672.97,4619.06,4635.88,32422231200.00,4633.63
20241205,4618.00,4647.91,4614.05,4631.03,27223625800.00,3967.92
20241206,4634.75,4721.46,4632.16,4694.33,37928862400.00,5202.84
20241209,4693.41,4718.48,4659.81,4682.52,38886929400.00,4634.29
20241210,4829.76,4835.09,4707.74,4715.94,47395477300.00,6799.29
20241211,4705.85,4730.95,4700.65,4717.18,35229379200.00,4675.59
20241212,4715.81,4763.25,4706.85,4759.41,33402274400.00,4870.10
20241213,4727.31,4727.31,4648.42,4649.95,39973388300.00,6051.70
20241216,4647.30,4653.92,4604.04,4617.17,29971427500.00,4690.85
20241217,4611.39,4661.00,4611.39,4616.95,26502288700.00,4204.47
20241218,4631.34,4661.28,4630.11,4643.69,25404908500.00,3832.17
20241219,4605.11,4664.18,4591.50,4653.51,26443613000.00,4432.35
20241220,4643.56,4674.41,4632.14,4639.21,26447215500.00,4672.46
20241223,4639.14,4673.61,4622.43,4626.14,28464188200.00,4740.76
20241224,4628.76,4684.44,4628.76,4682.22,23758245800.00,4066.22
20241225,4686.92,4700.02,4652.85,4673.14,23172224800.00,3922.24
20241226,4668.98,4690.97,4655.23,4684.84,21511260700.00,4123.22
20241227,4686.82,4716.01,4668.79,4678.68,24410531500.00,4594.00
20241230,4673.47,4705.78,4673.47,4693.23,22775454500.00,4146.79
20241231,4690.98,4698.30,4608.94,4608.94,25943757900.00,4489.06
20250102,4604.75,4607.87,4443.25,4473.66,29133815500.00,4871.36
20250103,4478.69,4494.12,4404.20,4411.04,25268473800.00,3966.50
20250106,4411.58,4428.34,4377.56,4402.91,21028969800.00,3355.20
20250107,4395.18,4442.64,4380.71,4440.99,21656149200.00,3501.29
20250108,4422.52,4456.12,4351.58,4428.28,25171965200.00,3935.85
20250109,4416.29,4443.22,4407.13,4424.24,20688696700.00,3391.62
20250110,4422.17,4437.57,4365.54,4365.54,21685936700.00,3655.43
20250113,4331.32,4380.10,4330.84,4358.20,20102372300.00,3220.74
20250114,4365.85,4491.23,4354.00,4484.09,26041525600.00,4582.50
20250115,4473.02,4478.30,4444.21,4452.02,21370494900.00,3717.76
20250116,4471.47,4516.12,4429.68,4458.96,23898404500.00,4116.28
20250117,4443.74,4502.55,4436.89,4476.98,20089774600.00,3583.58
20250120,4504.53,4534.69,4489.28,4499.54,21091592400.00,3846.43
20250121,4523.87,4524.69,4482.18,4507.06,21210912800.00,3768.11
20250122,4493.62,4494.47,4448.01,4466.66,19953274400.00,3763.62
20250123,4504.55,4545.73,4463.82,4463.97,25618479900.00,4430.59
20250124,4452.77,4519.86,4452.43,4504.01,22667902600.00,3941.10
20250127,4509.72,4527.05,4478.66,4478.66,21348344000.00,3644.58
20250205,4517.17,4517.41,4453.54,4468.24,25573904400.00,4748.38
20250206,4462.06,4541.52,4460.47,4540.92,29111162900.00,5369.68
20250207,4542.96,4639.96,4531.02,4606.19,36650113800.00,6923.72
20250210,4616.93,4633.01,4593.34,4627.01,33335431400.00,5809.61
20250211,4631.23,4631.23,4589.74,4603.14,30191825000.00,5196.55
20250212,4592.66,4653.52,4586.05,4652.67,30272025400.00,5528.45
20250213,4646.46,4673.18,4630.37,4630.56,32064929100.00,5738.17
20250214,4626.83,4680.18,4626.83,4675.97,31256671300.00,5647.19
20250217,4695.53,4697.86,4650.05,4681.52,35563339800.00,6531.61
20250218,4676.19,4696.70,4614.63,4629.25,33496342000.00,5890.53
20250219,4622.44,4674.85,4619.77,4674.28,30367015900.00,5499.85
20250220,4669.60,4681.29,4647.27,4667.88,29715398300.00,5274.72
20250221,4679.27,4738.14,4668.32,4734.86,38744073800.00,7612.47
20250224,4728.67,4751.84,4697.30,4725.35,37676799400.00,6954.84
20250225,4675.99,4714.77,4661.33,4673.99,31445096700.00,6034.05
20250226,4682.26,4712.92,4674.69,4712.62,31409509200.00,5831.26
20250227,4715.19,4726.83,4666.33,4712.33,32230444300.00,6123.22
20250228,4690.26,4710.33,4600.87,4606.36,30583004500.00,5835.20
20250303,4619.52,4666.39,4590.34,4611.58,28200319000.00,5140.49
20250304,4582.40,4619.65,4571.56,4613.80,23490217300.00,4298.90
20250305,4616.51,4637.18,4599.16,4632.25,24335878400.00,4213.76
20250306,4658.80,4714.48,4654.32,4704.58,31204173300.00,5766.14
20250307,4691.89,4722.65,4676.88,4690.56,31040655200.00,5336.71
20250310,4695.09,4703.32,4647.87,4677.52,26660176300.00,4514.05
20250311,4627.47,4692.04,4626.03,4692.04,25654004000.00,4396.82
20250312,4702.18,4709.99,4672.44,4676.30,27304930200.00,4686.13
20250313,4674.31,4685.52,4627.27,4648.53,25623878000.00,4352.39
20250314,4656.84,4760.57,4656.05,4755.15,30542301200.00,5756.71
20250317,4772.79,4773.67,4743.43,4748.10,25274333000.00,4482.49
20250318,4765.91,4778.26,4751.57,4765.55,23335675900.00,4303.10
20250319,4760.18,4778.00,4735.37,4758.89,22534257300.00,4091.90
20250320,4759.64,4760.99,4713.25,4718.18,20839653900.00,3690.09
20250321,4706.38,4725.76,4630.97,4642.74,24898904800.00,4293.97
20250324,4645.20,4667.36,4620.00,4661.75,23638428800.00,3864.16
20250325,4664.75,4675.27,4642.38,4653.25,20754959000.00,3389.56
20250326,4649.70,4666.88,4635.54,4638.73,18327420100.00,3016.06
20250327,4628.29,4679.45,4612.92,4652.07,18480938100.00,3175.88
20250328,4649.09,4654.62,4619.64,4627.14,18073335100.00,2899.39
20250331,4612.60,4637.17,4569.19,4591.71,22227454500.00,3482.94
20250401,4599.36,4619.71,4588.89,4596.44,18886662200.00,3243.28
20250402,4592.30,4613.59,4581.96,4590.67,15420627100.00,2618.04
20250403,4541.08,4587.14,4540.42,4554.25,19008206600.00,3364.13
20250407,4319.46,4359.10,4117.62,4199.09,38282160700.00,6129.86
20250408,4204.80,4259.31,4185.43,4259.31,36210083400.00,5692.76
20250409,4201.71,4315.34,4162.83,4311.84,35591958000.00,5764.30
20250410,4391.88,4409.12,4349.24,4376.28,31277004900.00,5237.04
20250411,4366.75,4419.76,4349.81,4400.64,23533484800.00,4239.50
20250414,4431.98,4441.24,4410.15,4417.52,22864871600.00,3906.37
20250415,4415.16,4415.86,4388.31,4412.31,18452929500.00,3039.85
20250416,4408.37,4417.86,4357.23,4415.38,20899877600.00,3359.28
20250417,4393.80,4425.34,4390.48,4412.42,16885451900.00,2773.21
20250418,4399.41,4422.50,4390.65,4413.14,14476069500.00,2351.82
20250421,4409.68,4449.47,4401.31,4444.33,17547393100.00,2862.51
20250422,4438.65,4456.20,4435.60,4436.51,18915663300.00,2965.48
20250423,4460.99,4468.75,4436.92,4444.97,19480565000.00,3386.58
20250424,4446.36,4466.18,4423.07,4435.18,17071269300.00,2809.44
20250425,4444.70,4463.85,4436.79,4443.17,18173967000.00,3034.76
20250428,4441.32,4444.37,4422.87,4432.14,17779690700.00,2875.75
20250429,4425.82,4443.39,4419.10,4431.63,16480776100.00,2688.04
20250430,4433.00,4452.09,4426.55,4435.81,20698707700.00,3297.14
20250506,4465.59,4494.97,4454.90,4494.63,23707364500.00,3775.95
20250507,4555.08,4558.13,4494.86,4517.50,24265384600.00,4024.80
20250508,4504.16,4558.64,4498.89,4543.64,19669891100.00,3522.50
20250509,4539.06,4539.06,4514.22,4526.24,17608243500.00,3112.20
20250512,4551.69,4583.34,4543.62,4583.19,21462438300.00,4013.02
20250513,4614.86,4614.86,4578.61,4584.70,20850592900.00,3690.54
20250514,4582.27,4647.80,4573.93,4626.07,21748453800.00,3861.26
20250515,4616.53,4616.53,4575.28,4578.18,19693241700.00,3188.39
20250516,4566.87,4577.21,4549.50,4563.02,16614547300.00,2731.01
20250519,4557.92,4560.21,4533.86,4552.41,15327448400.00,2553.40
20250520,4558.26,4592.82,4552.35,4579.38,16593611700.00,2852.83
20250521,4579.73,4612.05,4579.73,4599.67,16839819300.00,3072.41
20250522,4592.66,4599.46,4581.30,4585.83,16182560500.00,2764.53
20250523,4581.12,4611.20,4549.89,4549.89,17335017000.00,3121.84
20250526,4543.60,4559.06,4517.02,4531.73,15674735400.00,2786.85
20250527,4527.78,4531.53,4497.04,4504.86,14443590000.00,2464.96
20250528,4508.46,4515.77,4494.12,4497.62,13648454400.00,2267.11
20250529,4498.31,4543.30,4492.38,4532.18,16073946100.00,2817.44
20250530,4521.59,4528.13,4493.80,4503.46,15939560200.00,2649.91
20250603,4493.96,4523.95,4493.96,4512.07,17914222900.00,2999.86
20250604,4516.49,4542.08,4516.49,4533.83,16489389100.00,2812.36
20250605,4538.17,4555.79,4525.48,4549.54,17327291300.00,3085.35
20250606,4549.64,4560.72,4538.74,4545.10,15589747000.00,2707.73
20250609,4549.50,4575.94,4543.84,4562.77,18449782600.00,3407.44
20250610,4565.93,4572.48,4514.65,4536.05,20301052700.00,3535.95
20250611,4541.33,4586.93,4541.33,4567.49,18228702100.00,3226.41
20250612,4557.29,4576.25,4542.12,4566.60,18178311200.00,3349.91
20250613,4553.37,4562.87,4520.02,4532.80,23744575200.00,4129.52
20250616,4520.84,4546.81,4520.84,4543.99,18822839800.00,3395.48
20250617,4546.57,4552.54,4528.28,4537.18,17763747300.00,3092.78
20250618,4535.65,4547.12,4518.14,4540.41,17258424100.00,3092.91
20250619,4534.09,4538.51,4489.68,4499.82,18302357800.00,3191.03
20250620,4494.87,4512.76,4489.29,4492.54,15801964800.00,2785.32
20250623,4473.55,4519.99,4473.55,4509.89,17636950900.00,3035.00
20250624,4516.53,4576.89,4516.53,4570.19,22017834200.00,3871.33
20250625,4574.17,4634.55,4569.68,4631.27,24365613300.00,4545.71
20250626,4624.61,4642.11,4613.47,4614.44,22743981500.00,4332.61
20250627,4622.25,4646.59,4598.61,4601.77,25203763100.00,4418.60
20250630,4604.57,4634.95,4601.02,4630.45,21746835400.00,4064.41
20250701,4630.70,4640.33,4614.74,4636.79,19888788200.00,3539.76
20250702,4634.62,4637.93,4615.19,4627.66,21080843500.00,3461.84
20250703,4633.87,4661.48,4628.12,4656.91,18589621700.00,3483.77
20250704,4655.60,4701.58,4642.83,4662.51,20598185600.00,3791.65
20250707,4655.59,4658.66,4633.74,4639.96,16901301300.00,2961.78
20250708,4640.03,4691.44,4640.03,4687.58,21060712000.00,3862.32
20250709,4686.97,4706.37,4670.25,4676.05,22771419300.00,3946.07
20250710,4678.81,4720.42,4675.81,4696.44,25797356400.00,4293.72
20250711,4696.09,4756.91,4691.91,4707.08,31383765000.00,5275.45
20250714,4714.65,4725.02,4709.78,4709.78,26405101700.00,4145.21
20250715,4714.65,4739.16,4685.45,4717.89,26291079600.00,4674.29
20250716,4720.21,4735.13,4693.78,4707.35,22099201400.00,4102.52
20250717,4705.23,4749.83,4705.23,4749.74,23165109700.00,4526.98
20250718,4756.31,4780.61,4752.43,4773.24,25712606000.00,4821.23
20250721,4788.65,4809.26,4780.24,4808.62,31504466600.00,5110.65
20250722,4810.45,4849.51,4793.56,4849.17,35685932100.00,6017.05
20250723,4858.34,4885.30,4837.96,4844.33,38157029200.00,5915.36
20250724,4842.76,4888.72,4839.99,4888.72,40031618000.00,6116.94
20250725,4884.99,4892.38,4859.16,4871.12,36808731700.00,5703.44
20250728,4875.23,4890.55,4854.31,4885.77,31034584100.00,5666.26
20250729,4881.75,4911.03,4865.62,4910.19,31187533000.00,5720.65
20250730,4905.01,4942.27,4869.57,4899.20,33598195000.00,5958.30
20250731,4889.25,4889.25,4799.24,4813.39,36099001700.00,6456.33
20250801,4807.41,4826.84,4771.45,4792.42,27218292400.00,4885.61
20250804,4772.53,4814.07,4772.53,4814.07,23294320100.00,4248.90
20250805,4826.10,4848.75,4819.26,4846.51,24467571300.00,4262.22
20250806,4843.15,4868.54,4840.72,4866.34,25788715700.00,4491.25
20250807,4871.93,4881.34,4837.50,4864.07,28508571800.00,5092.73
20250808,4856.28,4873.02,4843.05,4852.41,25736775500.00,4488.64
20250811,4861.10,4899.38,4858.78,4886.84,27559731500.00,5069.29
20250812,4886.75,4914.82,4881.34,4907.80,26513101600.00,5386.65
20250813,4914.48,4963.38,4914.48,4956.03,30802869900.00,6349.59
20250814,4959.54,4995.57,4927.49,4939.05,32525333300.00,6623.22
20250815,4926.29,4997.99,4925.54,4985.83,34719002000.00,6753.11
20250818,5006.35,5075.98,4990.63,5038.68,43690299100.00,8613.27
20250819,5040.91,5068.26,5006.36,5016.82,37304840200.00,7641.19
20250820,4999.36,5075.49,4977.97,5075.22,37970909200.00,7452.03
20250821,5087.93,5116.13,5070.32,5089.34,37852135100.00,7516.04
20250822,5089.73,5199.05,5089.73,5198.91,40267133300.00,8797.31
20250825,5246.93,5316.30,5232.80,5311.73,51527911700.00,11053.43
20250826,5293.46,5334.86,5275.45,5304.51,42550441100.00,8967.33
20250827,5312.21,5367.36,5227.98,5227.98,50265778600.00,10944.78
20250828,5220.86,5328.64,5198.02,5327.88,45147684400.00,10295.46
20250829,5324.09,5399.82,5314.52,5372.76,47222236600.00,10922.72
20250901,5401.46,5420.69,5365.55,5418.52,44806133000.00,10574.72
20250902,5417.21,5441.69,5315.06,5358.44,44490619300.00,10772.66
20250903,5373.92,5387.19,5288.33,5323.49,38005480800.00,9059.86
20250904,5327.19,5335.04,5141.27,5192.02,43430950600.00,10350.84
20250905,5194.33,5339.27,5178.46,5333.07,37356582900.00,9220.43
20250908,5347.12,5365.87,5311.59,5358.70,39291827800.00,9574.51
20250909,5333.67,5366.82,5287.66,5314.41,35211214000.00,8109.19
20250910,5310.82,5351.40,5279.63,5325.81,30989229500.00,7546.92
20250911,5317.67,5454.27,5298.28,5454.27,37079546500.00,9543.89
20250912,5449.17,5477.87,5428.24,5432.21,39586270000.00,9655.44
20250915,5450.60,5487.09,5436.93,5448.41,34473896200.00,8581.72
20250916,5459.35,5474.66,5400.78,5449.98,35835688700.00,8446.97
20250917,5444.27,5494.84,5426.80,5492.41,36415718700.00,8411.70
20250918,5485.65,5529.97,5376.73,5433.76,47889584400.00,11635.27
20250919,5434.93,5474.65,5419.33,5433.29,34753254300.00,8556.01
20250922,5446.40,5457.60,5409.52,5457.29,32114798200.00,7936.33
20250923,5475.48,5499.23,5362.60,5446.02,39395868600.00,9610.67
20250924,5416.51,5522.63,5413.86,5521.82,34964445200.00,9056.91
20250925,5521.41,5588.11,5515.69,5561.13,36665015400.00,9768.43
20250926,5539.67,5568.80,5497.73,5497.73,32492407700.00,8599.69
20250929,5507.29,5604.97,5486.58,5579.03,35218954500.00,8933.40
20250930,5593.61,5626.96,5586.48,5618.71,34905142000.00,9112.24
20251009,5652.56,5725.36,5636.58,5708.29,47561573200.00,11434.77
20251010,5670.44,5673.44,5558.40,5577.65,42431325500.00,10469.80
20251013,5407.31,5560.42,5407.31,5550.30,42080021100.00,9505.23
20251014,5601.32,5607.80,5429.01,5451.59,48203098100.00,10523.76
20251015,5459.33,5535.51,5431.15,5534.09,36875129700.00,7949.58
20251016,5514.36,5573.38,5508.87,5531.79,32385287000.00,7340.61
20251017,5524.29,5535.44,5387.09,5392.97,33584372500.00,7286.01
20251020,5449.50,5469.53,5404.08,5427.08,28559418500.00,6645.51
20251021,5450.90,5523.82,5439.84,5516.48,28279048700.00,7098.61
20251022,5475.94,5510.26,5464.47,5494.74,24293717100.00,5850.75
20251023,5476.50,5516.93,5424.31,5510.46,25766153300.00,5599.04
20251024,5532.52,5586.35,5532.52,5586.35,27511639100.00,7313.98
20251027,5639.11,5665.03,5618.89,5658.85,34746252400.00,9096.26
20251028,5635.69,5680.50,5610.25,5628.29,30368194600.00,7899.52
20251029,5638.44,5703.99,5638.30,5703.99,32511339400.00,8642.64
20251030,5688.99,5713.42,5646.93,5653.75,38156944300.00,9686.43
20251031,5644.62,5659.09,5583.72,5583.72,39417755500.00,9284.63
20251103,5582.68,5594.52,5516.50,5594.41,35473592400.00,7795.29
20251104,5587.56,5603.55,5504.75,5535.37,32671658300.00,6894.61
20251105,5458.63,5567.82,5458.63,5548.07,30251964700.00,6485.88
20251106,5565.25,5638.13,5565.25,5633.52,32629549400.00,7507.95
20251107,5608.88,5650.18,5594.13,5622.12,31205351900.00,7108.49
20251110,5640.03,5651.39,5594.77,5635.39,34027226800.00,8159.60
20251111,5651.92,5656.86,5582.77,5588.23,28486015600.00,6811.13
20251112,5574.22,5606.02,5539.37,5574.51,29970640100.00,6741.93
20251113,5574.02,5655.17,5574.02,5654.44,30747275400.00,7156.07
20251114,5603.37,5632.31,5563.40,5563.50,28129714500.00,6268.67
20251117,5554.86,5566.62,5515.98,5540.11,27801969000.00,6246.59
20251118,5525.48,5543.98,5475.83,5496.54,29466990300.00,6239.25
20251119,5495.45,5537.06,5485.83,5512.38,26045902200.00,5523.89
20251120,5547.67,5550.04,5470.02,5475.55,26058263700.00,5664.48
20251121,5404.30,5420.81,5325.99,5325.99,31963521700.00,6565.63
20251124,5352.08,5359.09,5293.63,5334.31,27386755600.00,5828.22
20251125,5370.12,5422.71,5362.25,5392.91,26501401700.00,5908.59
20251126,5392.61,5451.79,5384.84,5422.52,23727094700.00,5896.52
20251127,5425.47,5478.01,5409.70,5415.93,22173503000.00,5650.29
20251128,5412.00,5446.15,5393.67,5440.94,21050270700.00,4850.48
20251201,5461.41,5505.58,5451.84,5505.28,27558291500.00,6395.97
20251202,5497.84,5498.29,5453.88,5471.19,21481260300.00,5016.68
20251203,5472.50,5490.53,5429.30,5440.62,23992523400.00,5220.87
20251204,5444.27,5474.93,5419.83,5461.75,21483423700.00,4924.26
20251205,5461.84,5522.36,5441.68,5513.75,25950546000.00,5537.32
20251208,5523.82,5582.67,5522.41,5561.37,26305733600.00,6662.31
20251209,5546.81,5569.85,5513.75,5530.03,24435163800.00,6069.14
20251210,5518.15,5541.46,5473.38,5532.59,22715555300.00,5536.42
20251211,5542.22,5561.29,5482.01,5486.31,24111274600.00,6043.67
20251212,5495.96,5534.02,5464.25,5530.39,29841308200.00,7393.61
20251215,5493.07,5542.39,5489.66,5490.12,24521157600.00,6008.98
20251216,5478.72,5486.47,5393.82,5414.93,25333559200.00,5697.25
20251217,5418.03,5537.70,5418.03,5520.78,25943354700.00,6265.38
20251218,5487.47,5521.54,5483.49,5486.26,22297116700.00,5356.87
20251219,5499.08,5542.90,5484.30,5516.17,24990571800.00,5509.74
20251222,5543.19,5586.17,5543.19,5580.28,25528934700.00,6437.80
20251223,5585.21,5621.37,5572.00,5592.43,25377826400.00,6322.84
20251224,5594.94,5628.68,5576.09,5622.52,24090020000.00,6135.54
20251225,5614.04,5647.79,5601.70,5636.74,22815548700.00,5995.54
20251226,5639.70,5689.56,5634.21,5667.82,27619265600.00,7031.50
20251229,5670.95,5685.50,5627.20,5640.76,29228783900.00,7209.24
20251230,5611.88,5678.18,5611.23,5658.69,28432654400.00,7231.40
20251231,5668.07,5681.08,5628.91,5642.82,28181547700.00,6924.95
20260105,5686.60,5766.39,5686.60,5763.30,38169187300.00,9528.80
20260106,5768.40,5860.20,5768.40,5860.20,47045404300.00,10827.36
20260107,5871.41,5888.59,5826.52,5860.25,42760908800.00,10400.48
20260108,5840.52,5861.97,5800.81,5830.57,41974905200.00,10030.15
20260109,5821.14,5896.92,5821.14,5881.95,44442740600.00,10970.66
20260112,5911.49,5957.41,5876.42,5948.70,48188356000.00,12418.31
20260113,5962.15,5996.83,5879.67,5901.21,51432467700.00,12957.82
20260114,5911.83,5998.09,5860.21,5901.20,60586329700.00,14339.39
20260115,5870.51,5933.68,5869.53,5914.56,44548249500.00,10696.08
20260116,5941.32,5964.65,5871.73,5889.35,47210807400.00,11579.57
20260119,5871.93,5937.73,5871.93,5905.94,41995832000.00,10143.64
20260120,5913.91,5930.24,5828.22,5878.74,45518989200.00,10627.42
20260121,5866.46,5938.40,5866.46,5904.57,40670005800.00,10035.08
20260122,5925.93,5948.48,5880.00,5911.78,43612185100.00,10504.36
20260123,5925.13,5946.33,5905.74,5935.11,51749704600.00,11933.27
20260126,5960.47,5986.22,5910.19,5925.53,55996490200.00,12591.92
20260127,5915.40,5962.57,5869.95,5930.42,47623113500.00,11117.95
20260128,5953.38,5976.93,5917.28,5951.10,54855457900.00,12115.43
20260129,5962.43,5995.05,5926.44,5968.91,60395920700.00,13225.18
20260130,5923.55,5946.27,5803.91,5898.13,49724846100.00,11318.58
20260202,5848.04,5890.90,5738.36,5742.49,45874269400.00,10593.53
20260203,5803.74,5853.78,5729.76,5852.15,42608276700.00,10452.52
20260204,5838.74,5891.37,5813.68,5886.58,41493195900.00,9739.65
20260205,5832.18,5857.76,5780.59,5817.60,35958081600.00,8326.68
20260206,5751.53,5843.66,5729.50,5792.01,32202201100.00,7819.19
20260209,5868.65,5900.21,5848.60,5899.22,33065922600.00,8122.87
20260210,5899.34,5916.42,5884.80,5903.47,30532745900.00,7222.35
20260211,5892.52,5915.71,5889.80,5896.15,29200260600.00,7002.39
20260212,5904.20,5926.27,5898.76,5923.15,32072950600.00,7732.52
20260213,5883.48,5902.31,5837.52,5840.73,30123837900.00,7075.77
20260224,5931.03,5936.89,5891.70,5910.73,35430970300.00,8202.06
20260225,5920.44,5994.57,5919.22,5967.30,43772884800.00,9392.77
20260226,5976.33,5976.88,5934.04,5961.51,39705538500.00,9559.18
20260227,5922.25,5970.89,5922.20,5965.35,43811142200.00,9278.31
20260302,5923.90,5993.62,5905.97,5984.75,54343434400.00,11547.04
20260303,5993.50,6001.29,5834.24,5840.58,56303716000.00,12148.30
20260304,5771.30,5845.49,5753.92,5784.57,43061443300.00,8888.43
20260305,5859.02,5878.63,5814.10,5843.49,40517555700.00,8849.18
20260306,5808.98,5874.51,5797.71,5859.12,37135615500.00,7629.22
20260309,5772.39,5820.15,5690.34,5804.09,47783812600.00,9952.79
20260310,5850.43,5892.14,5850.43,5890.00,39773029500.00,8582.74
20260311,5898.39,5935.94,5893.79,5919.99,42412925200.00,9165.91
20260312,5913.80,5921.66,5842.78,5888.21,45518033800.00,8951.05
20260313,5861.85,5912.72,5831.16,5844.62,45159499900.00,8837.26
20260316,5842.52,5848.06,5762.87,5835.28,42129449600.00,8781.96
20260317,5854.51,5885.95,5767.73,5767.73,35954008800.00,8131.67
20260318,5784.68,5807.93,5724.78,5802.65,33149495400.00,7584.23
20260319,5733.88,5759.06,5670.67,5688.63,36145114800.00,7900.98
20260320,5716.89,5751.24,5655.44,5659.05,36146098300.00,8789.91
20260323,5567.08,5605.42,5439.46,5466.90,44389372000.00,9345.26
20260324,5526.33,5542.47,5419.44,5542.36,35820677800.00,7659.98
20260325,5588.74,5639.96,5588.74,5633.10,37710893200.00,8088.97
20260326,5619.28,5639.95,5540.81,5552.78,30600085300.00,6961.30
20260327,5488.97,5626.68,5488.97,5600.34,28442428700.00,6675.36
20260330,5547.18,5600.32,5522.39,5594.45,30812081500.00,6782.91
20260331,5591.78,5632.15,5526.73,5526.73,31558713200.00,7122.77
20260401,5619.66,5638.33,5582.98,5626.33,29843226900.00,7147.38
20260402,5610.27,5615.39,5524.32,5550.74,27641212500.00,6329.49
20260403,5570.71,5572.77,5496.86,5501.88,24311348600.00,5539.36
20260407,5512.09,5537.37,5482.61,5510.74,23669202700.00,5495.09
20260408,5619.19,5728.38,5617.70,5728.38,37126463400.00,9174.29
20260409,5683.46,5719.66,5669.09,5698.95,29575849100.00,7655.05
20260410,5736.26,5808.29,5730.63,5783.05,31674349000.00,8949.93
20260413,5752.34,5804.08,5752.34,5792.78,30564356100.00,8212.85
20260414,5834.01,5865.35,5803.45,5865.35,32281119500.00,9001.18
20260415,5900.11,5905.44,5820.41,5837.45,31988162300.00,9022.15
20260416,5850.92,5917.04,5844.99,5914.06,30349675100.00,8460.72
20260417,5902.03,5925.14,5890.41,5913.84,30004682600.00,8823.38
20260420,5910.99,5963.73,5903.69,5954.83,34693591600.00,9495.24
20260421,5944.04,5970.94,5899.35,5959.66,31574178700.00,8631.23
20260422,5933.64,6008.54,5933.64,6006.67,31770029900.00,9288.11
20260423,6026.53,6030.82,5936.64,5973.41,35699766100.00,10302.38
20260424,5949.59,5978.89,5906.77,5952.46,31589069700.00,10003.53
20260427,5956.61,5986.94,5946.28,5965.38,32249565400.00,9908.34
20260428,5947.46,5964.71,5909.46,5929.56,32618472100.00,9249.24
20260429,5901.44,6019.18,5901.23,6013.41,35920822100.00,9922.49
20260430,6026.19,6037.86,6000.33,6020.44,37841385300.00,10662.60
20260506,6091.54,6158.30,6071.00,6135.86,41346208000.00,12704.79
20260507,6162.67,6184.64,6129.85,6183.01,40463779700.00,11825.67
20260508,6143.03,6171.13,6116.41,6154.27,40964524200.00,11254.55
20260511,6200.38,6271.66,6179.09,6262.31,46372462200.00,13592.16
20260512,6279.93,6279.93,6219.22,6249.23,41293711300.00,12247.76
20260513,6209.93,6321.63,6209.93,6318.04,40294776100.00,12031.50
20260514,6351.56,6354.96,6182.97,6182.97,41354626900.00,12319.49
20260515,6179.61,6215.20,6068.01,6105.87,40785868100.00,12648.67
20260518,6076.37,6132.44,6047.10,6084.51,35437254700.00,10662.81
20260519,6065.38,6123.50,5998.14,6121.09,35294008900.00,10662.99
20260520,6088.76,6150.03,6086.23,6130.45,34039682900.00,11022.23
20260521,6176.26,6239.14,6014.99,6019.55,42653036100.00,13228.36
20260522,6065.32,6122.72,6025.30,6115.18,39684504900.00,11149.37
20260525,6151.38,6211.89,6114.18,6211.10,38492549900.00,12451.34
20260526,6182.89,6236.64,6150.63,6228.65,42638933900.00,12943.71
20260527,6220.67,6264.10,6134.60,6159.17,43222112500.00,13033.80
20260528,6135.34,6180.99,6071.25,6169.84,37816971300.00,11497.41
20260529,6195.98,6201.89,6074.80,6100.14,45436645700.00,13029.23
20260601,6104.13,6144.24,6021.12,6030.69,40341819600.00,11375.95
20260602,6051.24,6136.61,5992.14,6111.15,38139362800.00,10951.61
20260603,6121.09,6218.76,6096.69,6144.49,41141783900.00,12278.78
20260604,6088.35,6149.11,6084.01,6113.49,36611886600.00,10481.08
20260605,6090.40,6136.15,5985.81,6009.39,41481223900.00,12037.92
20260608,5848.71,5952.75,5807.47,5855.89,41514901500.00,11024.78
20260609,5905.59,5983.36,5854.99,5981.78,35673398600.00,10186.22
20260610,5917.14,5959.62,5857.12,5902.97,35723738300.00,9954.17
20260611,5877.50,5928.26,5824.60,5872.70,34344915300.00,9713.69
20260612,5965.24,5994.47,5921.89,5931.65,46192391200.00,12718.63
